Isa.3.15#01=Q(K)	מַה/־/לָּ/כֶם֙	mah/-/la./khem	what/-/[is] to/ you?	{H4100}/H9014/H9005/H9046	HPi//R/Sp2mp	K= ma./la./khem (מַ/לָּ/כֶם) "what/ [is] to/ you?" (H4100/H9005/H9046=HPi/R/Sp2mp)	L= מַ/לָּ/כֶם֙ ¦ ;	H4100	H9006		{H4100=מָה=what?}/H9014=־=link/H9005=ל=to/H9046=Sp2m=you					
Isa.5.29#04=Q(K)	יִשְׁאַ֨ג	yi.sha.'ag	it will roar	{H7580}	HVqi3ms	K= ve./sha.'ag (וְ/שָׁאַג) "and/ it will roar" (H9001/H7580=Hc/Vqq3ms)	L= וִ/שְׁאַ֨ג ¦ ;	H7580			{H7580=שָׁאַג=to roar}					
Isa.9.3(9.2)#03=Q(K)	ל֖/וֹ	l/o	to/ it	H9005/{H9033}	HR/Sp3ms	K= lo' (לֹא) "not" (H3808=HTn)	L= לֹ֖א ¦ ;	H9033	H3808		H9005=ל=to/{H9033=Os3m=him}					
Isa.9.7(9.6)#01=Q(K)	לְ/מַרְבֵּ֨ה	le./mar.beh	to/ [the] increase of	H9005/{H4766}	HR/Ncmsc	K= le./mar.beh (לְ/םַרְבֵּה) "to/ [the] increase of" (H9005/H4766=HR/Ncbsc)	L= לְ/מַרְבֵּ֨ה ¦ ;	H4766			H9005=ל=to/{H4766=מַרְבֶה=abundance}					
Isa.10.13#12=Q(K)	וַ/עֲתוּדֽוֹתֵי/הֶם֙	va./'a.ti.do.tei./hem	and/ provisions/ their	H9002/{H6259}/H9028	HC/Ncfpc/Sp3mp	K= va./'a.ti.do.tei./hem (וַ/עֲתִידֹתֵי/הֶם) "and/ treasures/ their" (H9002/H6264/H9028=HC/Ncfpc/Sp3mp)	L= וַ/עֲתיּדֹֽתֵי/הֶם֙ ¦ ;	H6259	H6264		H9002=ו=and/{H6259=עָתוּד=ready}/H9028=Pp3m=their					
Isa.10.32#08=Q(K)	בַּת	beit-	[the] daughter of	{H1323G}	HNcfsc	K= beit- (בֵּית) "[the] house of" (H1004B=HNcbsc)	L= בַּית\־ ¦ ;	H1323G	H1004B		{H1323G=בַּת=: daughter»daughter:1_daughter}					
Isa.12.5#06=Q(K)	מוּדַ֥עַת	me.yu.da.'at	[is] made known	{H3045}	HVHsfsa	K= me.yu.da.'at (מְיֻדַּעַת) "[is] known" (H3045=HVPsfsa)	L= מיּדַ֥עַת ¦ ;	H3045			{H3045=יָדַע=to know}					
Isa.13.16#07=Q(K)	תִּשָּׁכַֽבְנָה\׃	ti.sha.khab.nah	they will be lain with	{H7901I}\H9016	HVNi3fp	K= ti.sha.gal.nah (תִּשָּׁגַלְנָה\׃) "they will be raped" (H7693\H9016=HVNi3fp)	L= תִּשָּׁגַֽלְנָה\׃ ¦ ;	H7901I	H7693		{H7901I=שָׁכַב=: have_sex»to lie down:3_have_sex}\H9016=׃=verseEnd					
Isa.16.3#01=Q(K)	הָבִ֤יאִי	ha.vi.'u	bring	{H0935P}	HVhv2fs	K= ha.vi.'u (הָבִיאוּ) "bring" (H0935P=HVhv2mp)	L= הָבִ֤יאִו ¦ ;	H0935P			{H0935P=בּוֹא=: bring»to come (in):2_bring;_take_in}					
Isa.25.10#12=Q(K)	בְּמ֥וֹ	be.mei	in	{H1119}	HR	K= be./mei (בְּ/מֵי) "in/ [the] water" (H9003/H4325G=HR/Ncmpc)	L= בְּ/מֹ֥י ¦ ;	H1119	H4325G		{H1119=בְּמוֹ=in|at|by}					
Isa.26.20#06=Q(K)	דְּלָתְ/ךָ֖	de.la.tei./kha	door/ your	{H1817B}/H9021	HNcfsc/Sp2ms	K= de.la.tei./kha (דְּלָתֶי/ךָ) "doors/ your" (H1817B/H9021=HNcbdc/Sp2ms)	L= דְּלָתְי/ךָ֖ ¦ ;	H1817B			{H1817B=דָּלָה=door}/H9021=Ps2m=your					
Isa.28.15#11=Q(K)	שׁ֣וֹט	shit	a scourge	{H7752}	HNcmsa	K= shit (שִׁיט) "an oar" (H7885=HNcbsa)	L= שֹׁ֣יט ¦ ;	H7752	H7885		{H7752=שׁוֹט=whip}					
Isa.28.15#14=Q(K)	יַֽעֲבֹר֙	a.var	it will pass by	{H5674A}	HVqi3ms	K= a.var (עָבַר) "it has passed by" (H5674A=HVqp3ms)	L= ַֽעֲבֹר֙ ¦ ;	H5674A			{H5674A=עָבַר=: pass»to pass:1_pass}					
Isa.29.11#13=Q(K)	סֵ֛פֶר	se.fer	writing	{H5612H}	HNcmsa	K= ha./se.fer (הַ/סֵּפֶר) "the/ scroll" (H9009/H5612H=HTd/Ncbsa)	L= ה/סֵ֛פֶר ¦ ;	H5612H_B			{H5612H=סֵ֫פֶר=: book»scroll:2_book}					
Isa.30.5#02=Q(K)	הֹבִ֔ישׁ	hiv.'ish	he will be ashamed	{H0954}	HVhp3ms	K= hiv.'ish (הִבְאִישׁ) "he will be odious" (H0887=HVhp3ms)	L= הֹבִ֔אִישׁ ¦ ;	H0954	H0887, H3001		{H0954=בּוֹשׁ=be ashamed}					
Isa.30.32#15=Q(K)	בָּֽ/ם\׃	ba/m	against/ them	H9003/{H9038}\H9016	HR/Sp3mp	K= ba/h (בָּ/הּ\׃) "against/ it" (H9003/H9034\H9016=HR/Sp3fs)	L= בָּֽ/ה\׃ ¦ ;	H9038	H9034		H9003=ב=in/{H9038=Op3m=them}\H9016=׃=verseEnd					
Isa.30.33#06=Q(K)	הִ֛יא	hu'	it	{H1931}	HPp3fs	K= hu' (הוּא) "it" (H1931=HPp3ms)	L= הִ֛וא ¦ ;	H1931			{H1931=הוּא=he;_she;_it}					
Isa.32.7#08=Q(K)	עֲנִיִּים֙	a.na.vim	afflicted [people]	{H6041}	HAampa	K= a.na.vim (עֲנָוִים) "humble [people]" (H6035=HAampa)	L= עֲנִוִּים֙ ¦ ;	H6041	H6035		{H6041=עָנִי=afflicted}					
Isa.32.15#09=Q(K)	וְ/הַ/כַּרְמֶ֖ל	ve./ha./khar.mel	and/ the/ orchard	H9002/H9009/{H3759}	HC/Td/Ncmsa	K= ve./khar.mel (וְ/כַרְמֶל) "and/ an orchard" (H9002/H3759=HC/Ncbsa)	L= וְַ/כַּרְמֶ֖ל ¦ ;	H3759_B			H9002=ו=and/H9009=ה=the/{H3759=כַּרְמֶל=plantation}					
Isa.36.12#21=Q(K)	צוֹאָתָ֗/ם	char.'ei./hem	own excrement/ their	{H6675}/H9028	HNcfsc/Sp3mp	K= char.'ei./hem (חַרְאֵי/הֶם) "own dung<s>/ their" (H2716/H9028=HNcbdc/Sp3mp)	L= חֹרָאי/הָ֗ם ¦ ;	H6675	H2716		{H6675=צֹאָה=filth}/H9028=Pp3m=their					
Isa.36.12#24=Q(K)	מֵימֵ֥י/ /רַגְלֵי/הֶ֖ם	mei.mei/ /rag.lei./hem	[the] water of/ /feet/ their	{H4325G}/ /{H7272}/H9028	HNcmpc//Ncfdc/Sp3mp	K= shei.nei./hem (שֵׁינֵי/הֶם) "own urine<s>/ their" (H7890/H9028=HNcbdc/Sp3mp)	L= שֵׁיֵ֥נַיְֵ/הֶ֖ם ¦ ;	H4325G, H7272	H7890		{H4325G=מַי=water}/ /{H7272=רֶ֫גֶל=foot}/H9028=Pp3m=their					
Isa.37.30#16=Q(K)	וְ/אִכְל֥וּ	ve./'a.khol	and/ eat	H9002/{H0398}	HC/Vqv2mp	K= ve./'a.khol (וֶ/אֱכוֹל) "and/ eat" (H9002/H0398=HC/Vqv2ms)	L= וְ/אִכְולֻ֥ ¦ ;	H0398_B			H9002=ו=and/{H0398=אָכַל=to eat}					
Isa.39.2#07=Q(K)	נְכֹת֡/וֹ	ne.kho.t/o	treasure/ his	{H5238}/H9023	HNcfsc/Sp3ms	K= ne.kho.ta/h (נְכֹתָ/ה) "treasure/ his" (H5238/H9023=HNcbsc/Sp3ms)	L= נְכֹתֹ֡/ה ¦ ;	H5238			{H5238=נְכֹת=treasure}/H9023=Ps3m=his					
Isa.41.23#12=Q(K)	וְ/נִרְאֶ֥ה	ve./ne.re	so/ let us see	H9002/{H7200L}	HC/Vqc1cp	K= ve./ne.re' (וְ/נִרָא) "so/ we may see" (H9002/H7200L=HC/Vqc1up)	L= וְ/נִרְאֶ֥ ¦ ;	H7200L			H9002=ו=and/{H7200L=רָאָה=: seer»to see:6_seer;_visions;_appear}					
Isa.42.20#01=Q(K)	רָא֥וֹת	ra.'i.ta	you have seen	{H7200G}	HVqaa	K= ra.'i.ta (רָאִיתָ) "you have caused to see" (H7200G=HVhaa)	L= רָאֹ֥ית ¦ ;	H7200G			{H7200G=רָאָה=: see»to see:1_see;_show}					
Isa.42.24#03=Q(K)	לִ/מְשִׁסָּ֧ה	li/m.sho.seh	to/ plunder	H9005/{H4933}	HR/Ncfsa	K= li/m.sho.seh (לִ/מְשׁוֹסֶה) "to/ spoil" (H9005/H4882=HR/Ncfsa)	L= לִ/מְשִׁוסָּ֧ה ¦ ;	H4933	H4882		H9005=ל=to/{H4933=מְשִׁסָּה=plunder}					
Isa.44.24#16=Q(K)		[ ]	[ ]			K= mi (מִי) "who [was]?" (H4310=HPi)	L= מֵי ¦ ;		H4310, H4325G							
Isa.44.24#17=Q(K)	מֵ/אִתִּֽ/י\׃	ma./'i.t/i	from <the>/ with/ myself	H9006/{H0854}/H9030\H9016	HRd/R/Sp1bs	K= 'i.t/i (אִתִּ/י\׃) "with/ me" (H0854/H9030\H9016=HR/Sp1bs)	L= אִתִּֽ/י\׃ ¦ ;	H0854			H9006=מ=from/{H0854=אֵת=with}/H9030=Os1c=me\H9016=׃=verseEnd					
Isa.45.2#05=Q(K)	אֲיַשֵּׁ֑ר	'o.shir	I will make smooth	{H3474}	HVpi1cs	K= 'o.shir (אוֹשִׁר) "I will make smooth" (H3474=HVhi1cs)	L= אֲוַשֵּׁ֑ר ¦ ;	H3474			{H3474=יָשַׁר=to smooth}					
Isa.46.11#07=Q(K)	עֲצָתִ֑/י	a.tza.t/i	purpose/ my	{H6098}/H9020	HNcfsc/Sp1bs	K= a.tza.t/ov (עֲצָת/וֹ) "purpose/ his" (H6098/H9023=HNcfsc/Sp3ms)	L= עֲצָתִ֑/ו ¦ ;	H6098			{H6098=עֵצָה=counsel}/H9020=Ps1c=my					
Isa.47.13#07=Q(K)	הֹבְרֵ֣י	ha.ve.ru	[those who] divide	{H1895}	HVqrmpc	K= ha.ve.ru (הָבְרוּ) "they have divided" (H1895=HVqp3cp)	L= הֹבְרֵ֣ו ¦ ;	H1895			{H1895=הָבַר=to divide}					
Isa.49.5#12=Q(K)	ל֣/וֹ	l/o	to/ him	H9005/{H9033}	HR/Sp3ms	K= lo' (לֹא) "not" (H3808=HTn)	L= לֹ֣א ¦ ;	H9033_b	H3808		H9005=ל=to/{H9033=Os3m=him}					
Isa.49.6#10=Q(K)	וּ/נְצוּרֵ֥י	u./ne.tzi.rei	and/ [the] preserved [ones] of	H9002/{H5341}	HC/Vqsmpc	K= u./ne.tzi.rei (וּ/נְצִירֵי) "and/ [the] preserved [ones] of" (H9002/H5336=HC/Aampc)	L= וּ/נְציּרֵ֥י ¦ ;	H5341	H5336		H9002=ו=and/{H5341=נָצַר=to watch}					
Isa.49.13#05=Q(K)	וּ/פִצְח֥וּ	vu/f.tze.chu	and/ break forth	H9002/{H6476}	HC/Vqv2mp	K= yif.tze.chu (יִפְצְחוּ) "let them break forth" (H6476=HVqi3mp)	L= יּפִצְח֥וּ ¦ ;	H6476			H9002=ו=and/{H6476=פָּצַח=to break out}					
Isa.52.2#06=Q(K)	הִֽתְפַּתְּחִי֙	hit.pa.te.chu	loosen for yourself	{H6605A}	HVtv2fs	K= hit.pa.te.chu (הִתְפַּתְּחוּ) "loosen for yourselves" (H6605A=HVtv2mp)	L= הִֽתְפַּתְּחִו֙ ¦ ;	H6605A			{H6605A=פָּתַח=to open}					
Isa.52.5#02=Q(K)	מַה\־	mi-	what?	{H4100}\H9014	HPi	K= mi- (מִי\־) "who?" (H4310\H9014=HPi)	L= מַי\־ ¦ ;	H4100	H4310		{H4100=מָה=what?}\H9014=־=link					
Isa.52.5#11=Q(K)	מֹשְׁלָ֤י/ו	mo.she.lo/v	rulers/ its	{H4910}/H9033	HVqrmpc/Sp3ms	K= mo.she.lo/v (מֹשְׁל/וֹ) "ruler/ its" (H4910/H9033=HVqrmsc/Sp3ms)	L= מֹשְׁל/וֹ ¦ ;	H4910			{H4910=מָשַׁל=to rule}/H9033=Os3m=him					
Isa.54.16#01=Q(K)	הִנֵּ֤ה	hen	here!	{H2009}	HTj	K= hen (הֵן) "here!" (H2005=HTj)	L= הִןֵּ֤ ¦ ;	H2009	H2005		{H2009=הִנֵּה=behold}					
Isa.55.13#05=Q(K)	וְ/תַ֥חַת	ve./ta.chat	and/ in place of	H9002/{H8478H}	HC/Ncmsc	K= ta.chat (תַּחַת) "in place of" (H8478H=HNcbsc)	L= ְתַ֥חַת ¦ ;	H8478H_B			H9002=ו=and/{H8478H=תַּחַת=: instead»underneath:2_instead;_in_place;_exchange}					
Isa.56.10#01=Q(K)	צֹפָ֞י/ו	tza.fi/u	watchmen/ its	{H6822}/H9033	HVqrmpc/Sp3ms	K= tza.fu (צָפוּ) "they have watched" (H6822=HVqp3cp)	L= צֹפָ֞ו ¦ ;	H6822			{H6822=צָפָה=to watch}/H9033=Os3m=him					
Isa.57.19#02=Q(K)	נִ֣יב	nuv	[the] fruit	{H5108B}	HNcmsa	K= nuv (נוּב) "[the] fruit" (H5108A=HNcbsa)	L= נִ֣וב ¦ ;	H5108B	H5108A		{H5108B=נִיב=fruit}					
Isa.60.21#08=Q(K)	מַטָּעַ֛/י	ma.ta.'/i	planting<s>/ my	{H4302}/H9020	HNcmpc/Sp1bs	K= ma.ta.'o/v (מַטָּע/וֹ) "planting/ his" (H4302/H9023=HNcbsc/Sp3ms)	L= מַטָּעַ֛/ו ¦ ;	H4302			{H4302=מַטָּע=plantation}/H9020=Ps1c=my					
Isa.62.3#06=Q(K)	וּ/צְנִ֥יף	u./tze.nof	and/ a headdress of	H9002/{H6797}	HC/Ncmsc	K= u./tze.nof (וּ/צְנוֹף) "and/ a headdress of" (H9002/H6797=HC/Ncbsc)	L= וּ/צְנִ֥וף ¦ ;	H6797			H9002=ו=and/{H6797=צָנִיף=turban}					
Isa.63.9#03=Q(K)	ל֣/וֹ	l/o	[belonged] to/ him	H9005/{H9033}	HR/Sp3ms	K= lo' (לֹא) "not" (H3808=HTn)	L= לֹ֣א ¦ ;	H9033	H3808		H9005=ל=to/{H9033=Os3m=him}					
Isa.65.4#08=Q(K)	וּ/מְרַ֥ק	u./fe.rak	and/ broth of	H9002/{H4839}	HC/Ncmsc	K= u./fe.rak (וּ/פְרַק) "and/ a fragment of" (H9002/H6564=HC/Ncbsc)	L= וּ/פְרַ֥ק ¦ ;	H4839	H6564, H4838		H9002=ו=and/{H4839=מָרָק=broth}					
Isa.65.7#17=Q(K)	אֶל	'al-	into	{H0413}	HR	K= al- (עַל) "on" (H5921A=HR)	L= עֶל\־ ¦ ;	H0413	H5921A_c		{H0413=אֶל=to(wards)}					
Isa.66.17#06=Q(K)	אַחַת֙	'e.chad	one	{H0259}	HAcfsa	K= 'e.chad (אֶחָד) "one" (H0259=HAcbsa)	L= אַחַד֙ ¦ ;	H0259			{H0259=אֶחָד=one}					
Jer.2.3#05=Q(K)	תְּבוּאָת֑/וֹ	te.vu.'a.T/o	produce/ his	{H8393}/H9023	HNcfsc/Sp3ms	K= te.vu.'a.To/h (תְּבוּאָתֹ֑/ה) "produce/ his" (H8393/H9023=HNcfsc/Sp3fs)	L= תְּבוּאָתֹ֑/ה ¦ ;	H8393			{H8393=תְּבוּאָה=produce}/H9023=Ps3m=his					
Jer.2.15#10=Q(K)	נִצְּת֖וּ	ni.tze.tah	they are burnt	{H3341}	HVNp3cp	K= ni.tze.tah (נִצְּתָה) "it is burnt" (H3341=HVNp3fs)	L= נִצְּתֻ֖ה ¦ ;	H3341	, H5327B		{H3341=יָצַת=to kindle}					
Jer.2.20#09=Q(K)	אֶעֱב֑וֹר	'e.'e.vod	I will transgress	{H5674D}	HVqi1cs	K= 'e.'e.vod (אֶעֱבֹד) "I will serve" (H5647H=HVqi1cs)	L= אֶעֱבֹ֑ד ¦ ;	H5674D	H5647H		{H5674D=עָבַר=: trespass»to pass:4_trespass}					
Jer.2.24#05=Q(K)	נַפְשָׁ/הּ֙	na.fo.sha/h	self/ its	{H5315I}/H9024	HNcfsc/Sp3fs	K= na.fo.sho/v (נַפְשׁ/וֹ) "self/ its" (H5315I/H9023=HNcbsc/Sp3ms)	L= נַפְשָׁ/וּ֙ ¦ ;	H5315I			{H5315I=נֶ֫פֶשׁ=: myself»soul:3_myself;_yourself;_himself}/H9024=Ps3f=her					
Jer.2.25#04=Q(K)	וּ/גְרוֹנֵ֖/ךְ	u./go.ro.ne/kh	and/ throat/ your	H9002/{H1627}/H9022	HC/Ncmsc/Sp2fs	K= u./go.ro.ne/kh (וְ/גוֹרְנֵ/ךְ) "and/ threshing floor/ your" (H9002/H1637/H9022=HC/Ncfsc/Sp2fs)	L= וּ/גְורֹנֵ֖/ךְ ¦ ;	H1627	H1637		H9002=ו=and/{H1627=גָּרוֹן=throat}/H9022=Ps2f=your					
Jer.2.27#07=Q(K)	יְלִדְתָּ֔/נוּ	ye.lid.ti./nu	you gave birth to/ us	{H3205}/H9035	HVqp2ms/Sp1bp	K= ye.lid.ti./ni (יְלִדְתִּ/נִי) "you gave birth to/ me" (H3205/H9030=HVqp2fs/Sp1bs)	L= יְלִדְתָּ֔/ניּ ¦ ;	H3205			{H3205=יָלַד=to beget}/H9035=Op1c=us					
Jer.2.33#10=Q(K)	לִמַּ֖דְתְּ	li.mad.ti	you have taught	{H3925G}	HVpp2fs	K= li.mad.ti (לִמַּדְתִּי) "I have taught" (H3925G=HVpp1cs)	L= לִמַּ֖דְתְּי ¦ ;	H3925G			{H3925G=לָמַד=: teach»to learn:1_teach}					
Jer.3.2#08=Q(K)	שֻׁכַּ֔בְתְּ	shu.kab.te	have you been lain with	{H7901I}	HVPp2fs	K= shu.galt (שֻׁגַּלְתְּ) "have you been ravished" (H7693=HVqp2fs)	L= שֻׁגַּ֔לְתְּ ¦ ;	H7901I	H7693		{H7901I=שָׁכַב=: have_sex»to lie down:3_have_sex}					
Jer.3.4#03=Q(K)	קָרָ֥את	ka.ra.ti	have you called	{H7121G}	HVqp2fs	K= ka.ra.ti (קָרָאתִי) "have I called" (H7121G=HVqp1cs)	L= קָרָ֥אתי ¦ ;	H7121G			{H7121G=קָרָא=: call_to»to call:1_call_to;_invite;_entreat}					
Jer.3.5#07=Q(K)	דִבַּ֛רְתְּ	di.bar.ti	you spoke	{H1696G}	HVpp2fs	K= di.bar.ti (דִבַּרְתִּי) "I spoke" (H1696G=HVpp1cs)	L= דִבַּ֛רְתְּי ¦ ;	H1696G			{H1696G=דָבַר=: speak»to speak:1_speak;_tell;_command}					
Jer.3.19#16=Q(K)	תִּקְרְאִי	tik.re.'u-	you will call	{H7121H}	HVqi2fs	K= tik.re.'u- (תִּקְרְאוּ) "you will call" (H7121H=HVqi2mp)	L= תִּקְרְאִו\־ ¦ ;	H7121H			{H7121H=קָרָא=: call_by»to call:2_call_by;_name}					
Jer.3.19#20=Q(K)	תָשֽׁוּבִי\׃	ta.shu.vu	you will turn away	{H7725I}\H9016	HVqi2fs	K= ta.shu.vu (תָשׁוּבוּ\׃) "you will turn away" (H7725I\H9016=HVqi2mp)	L= תָשֽׁוּבִו\׃ ¦ ;	H7725I			{H7725I=שׁוּב=: turn_back»to return:3_turn_back;_backslide}\H9016=׃=verseEnd					
Jer.4.5#06=Q(K)	תִּקְע֥וּ	v.tik.'u	blow	{H8628}	HVqv2mp	K= v./tik.'u (וְ/תִקְעוּ) "and/ blow" (H9002/H8628=HC/Vqv2mp)	L= ו/תִּקְע֥וּ ¦ ;	H8628			{H8628=תָּקַע=to blow}					
Jer.4.19#03=Q(K)	אוֹחִ֜ילָה	'a.chu.lah	I am waiting	{H3176G}	HVhc1cs	K= 'a.chu.lah (אָחוּלָה) "I am writhing" (H2342K=HVqc1cs)	L= אֹחִ֜ולָה ¦ ;	H3176G	H2342K		{H3176G=יָחַל=: wait[for_time]»to wait:1_wait[for_time]}					
Jer.4.19#14=Q(K)	שָׁמַ֣עַתְּ	sha.ma'.ti	you have heard	{H8085G}	HVqp2fs	K= sha.ma'.ti (שָׁמַעְתִּי) "I have heard" (H8085G=HVqp1cs)	L= שָׁמַ֣עַתְּי ¦ ;	H8085G			{H8085G=שָׁמַע=: hear»to hear:1_hear}					
Jer.4.30#01=Q(K)	וְ/אַ֨תְּ	ve./'a.ti	and/ you	H9002/{H0859C}	HC/Pp2fs	K= ve./'a.ti (וְ/אַתִּי) "and/ you" (H9002/H0859B=HC/Pp2fs)	L= וְ/אַ֨תְּי ¦ ;	H0859C	H0859B		H9002=ו=and/{H0859C=אַתְּ=you(f.s.)}					
Jer.5.24#11=Q(K)	יוֹרֶ֥ה	ve.yo.reh	autumn rain	{H3138}	HNcmsa	K= ve./yo.reh (וְ/יֹרֶה) "and/ autumn rain" (H9002/H3138=HC/Ncbsa)	L= וֹ/ירֶ֥ה ¦ ;	H3138			{H3138=יוֹרֶה=autumn rain}					
Jer.6.7#02=Q(K)	בַּ֙יִר֙	be.ver	a well	{H0875}	HNcfsa	K= be.ver (בְּוֵר) "a cistern" (H0953A=HNcbsa)	L= בַּ֙וִר֙ ¦ ;	H0875	H0953A		{H0875=בְּאֵר=well}					
Jer.6.21#18=Q(K)	וְ/אָבָֽדוּ\׃\ \פ	ve./'a.Ba.du	and/ they will perish	H9001/{H0006}\H9016\ \H9017	Hc/Vqq3cp	K= ye.'a.Ba.du (יֹאבֵדוּ\׃\ \פ) "they will perish" (H0006\H9016\ \H9017=HVqi3mp)	L= יְאָבָֽדוּ\׃\ \פ ¦ ;	H0006			H9001=ו=&/{H0006=אָבַד=to perish}\H9016=׃=verseEnd\ \H9017=פ=para					
Jer.6.25#02=Q(K)	תֵּֽצְאוּ֙	te.tze.'i	you go out	{H3318G}	HVqj2mp	K= te.tze.'i (תֵּצְאִי) "you go out" (H3318G=HVqj2fs)	L= תֵּֽצְאיּ֙ ¦ ;	H3318G			{H3318G=יָצָא=: come»to come out:1_come;_go_out;_escape}					
Jer.6.25#06=Q(K)	תֵּלֵ֑כוּ	te.le.khi	you walk	{H1980I}	HVqj2mp	K= te.le.khi (תֵּלֵכִי) "you walk" (H1980I=HVqj2fs)	L= תֵּלֵ֑כיּ ¦ ;	H1980I	, H3212		{H1980I=הָלַךְ=: walk»to go:1_walk;_move}					
Jer.6.29#03=Q(K)	מֵ/אֵ֖שׁ/ /תַּ֣ם	me./'ish/ /tam	from/ a fire/ /it is complete	H9006/{H0784}/ /{H8535}	HR/Ncbsa//Aamsa	K= me./'ish.ta/m (מֵ/אִשְׁתַּ/ם) "from/ fire/ their" (H9006/H0800/H9028=HR/Ncbsa/Sp3mp)	L= מֵ/אֵ֖שׁתַּ֣/ם ¦ ;	H0784, H8535	H0800, H8552		H9006=מ=from/{H0784=אֵשׁ=fire}/ /{H8535=תָּם=complete}					
Jer.7.22#09=Q(K)	הוֹצִיאִ֥/י	ho.tzi/'	brought out/ I	{H3318H}/H9040	HVhcc/Sp1bs	K= ho.tzi' (הוֹצִיא) "brought out" (H3318H=HVhp3ms)	L= הוֹצִיאִ֥ ¦ ;	H3318H			{H3318H=יָצָא=: send»to come out:2_send;_take_out;_release}/H9040=Ss1c=I					
Jer.8.1#05=Q(K)	יוֹצִ֣יאוּ	ve.yo.tzi.'u	people will bring out	{H3318H}	HVhi3mp	K= ve./yo.tzi.'u (וְ/יֹצִיאוּ) "and/ people will bring out" (H9002/H3318H=HC/Vhu3mp)	L= וֹ/יצִ֣יאוּ ¦ ;	H3318H			{H3318H=יָצָא=: send»to come out:2_send;_take_out;_release}					
Jer.8.6#16=Q(K)	בִּ/מְר֣וּצָתָ֔/ם	bi/m.ru.tzo.ta/m	in/ own course/ their	H9003/{H4794}/H9028	HR/Ncfsc/Sp3mp	K= bi/m.ru.tzo.ta/m (בִּ/מְרֻצוֹתָ/ם) "in/ own courses/ their" (H9003/H4794/H9028=HR/Ncfpc/Sp3mp)	L= בִּ/מְרֻ֣צָותָ֔/ם ¦ ;	H4794			H9003=ב=in/{H4794=מְרוּצָה=running}/H9028=Pp3m=their					
Jer.8.7#07=Q(K)	וְ/סִיס֙	ve./sus	and/ a swift	H9002/{H5483A}	HC/Ncmsa	K= ve./sus (וְ/סוּס) "and/ a swallow" (H9002/H5483A=HC/Ncbsa)	L= וְ/סִוס֙ ¦ ;	H5483A			H9002=ו=and/{H5483A=סוּס=swallow}					
Jer.9.8(9.7)#02=Q(K)	שָׁח֛וּט	sho.chet	beaten	{H7819A}	HVqsmsa	K= sho.chet (שׁוֹחֵט) "slaughtering" (H7819A=HVqrmsa)	L= שָׁוחֻ֛ט ¦ ;	H7819A			{H7819A=שָׁחַט=to slaughter}					
Jer.10.13#09=Q(K)	הָ/אָ֑רֶץ	ha./e.retz	the/ earth	H9009/{H0776G}	HTd/Ncfsa	K= 'e.retz (אֶרֶץ) "[the] earth" (H0776G=HNcfsa)	L= ָאָ֑רֶץ ¦ ;	H0776G			H9009=ה=the/{H0776G=אֶ֫רֶץ=: country;_planet»land:2_country;_planet}					
Jer.10.17#04=Q(K)	יֹשֶׁ֖בֶת	yo.shav.ti	O [you who] dwell	{H3427}	HVqrfsa	K= yo.shav.ti (יֹשַׁבְתִּי) "O [you who] dwell" (H3427=HVqrfsc)	L= יֹשֶׁ֖בֶתי ¦ ;	H3427			{H3427=יָשַׁב=to dwell}					
Jer.13.16#17=Q(K)	וְ/שִׁ֖ית	ve./ya.shit	and/ he will make [it]	H9001/{H7896G}	Hc/Vqq3ms	K= ya.shit (יָשִׁית) "he will make [it]" (H7896G=HVqi3ms)	L= יְשִׁ֖ית ¦ ;	H7896G			H9001=ו=&/{H7896G=שִׁית=: make»to set:1_make;_establish}					
Jer.13.20#01=Q(K)	שְׂא֤וּ	se.'i	lift up	{H5375M}	HVqv2mp	K= se.'i (שְׂאִי) "lift up" (H5375M=HVqv2fs)	L= שְׂא֤יּ ¦ ;	H5375M			{H5375M=נָשָׂא=: look»to lift:7_look;_lift(eyes)}					
Jer.13.20#03=Q(K)	וּ/רְא֔וּ	u./re.'i	and/ see	H9002/{H7200G}	HC/Vqv2mp	K= u./re.'i (וּ/רְאִי) "and/ see" (H9002/H7200G=HC/Vqv2fs)	L= וּ/רְא֔יּ ¦ ;	H7200G			H9002=ו=and/{H7200G=רָאָה=: see»to see:1_see;_show}					
Jer.14.3#03=Q(K)	צְעִירֵי/הֶ֖ם	tze.'o.rei./hem	servants/ their	{H6810}/H9028	HAampc/Sp3mp	K= tze.'o.rei./hem (צְעוֹרֵי/הֶם) "small [ones]/ their" (H6810/H9028=HAampc/Sp3mp)	L= צְעִורֵי/הֶ֖ם ¦ ;	H6810			{H6810=צָעִיר=little}/H9028=Pp3m=their					
Jer.14.14#18=Q(K)	וֶֽ/אֱלִיל֙	ve./'e.lul	and/ an idol	H9002/{H0457}	HC/Ncmsa	K= ve./'e.lul (וֶ/אֱלוּל) "and/ worthlessness" (H9002/H0434=HC/Ncbsa)	L= וֶֽ/אֱלִול֙ ¦ ;	H0457	H0434		H9002=ו=and/{H0457=אֱלִיל=idol}					
Jer.15.4#02=Q(K)	לְ/זַֽעֲוָ֔ה	li/z.va.'ah	into/ a terror	H9005/{H2189}	HR/Ncfsa	K= li/z.va.'ah (לִ/זְוָעָה) "into/ a terror" (H9005/H2113=HR/Ncfsa)	L= לְ/זַֽוֲעָ֔ה ¦ ;	H2189	H2113		H9005=ל=to/{H2189=זַעֲוָה=horror}					
Jer.15.8#03=Q(K)	אַלְמְנֹתָי/ו֙	'al.me.no.Ta/v	widows/ its	{H0490}/H9023	HNcfpc/Sp3ms	K= 'al.me.no.Ta/v (אַלְמְנֹת/וֹ) "widow/ its" (H0490/H9023=HNcfsc/Sp3ms)	L= אַלְמְנֹתָ/ו֙ ¦ ;	H0490			{H0490=אַלְמָנָה=widow}/H9023=Ps3m=his					
Jer.15.9#06=Q(K)	בָּ֥א	ba.'ah'	it went	{H0935G}	HVqp3ms	K= ba.'ah (בָּאָה) "it went" (H0935G=HVqp3fs)	L= בָּ֥אה ¦ ;	H0935G			{H0935G=בּוֹא=: come»to come (in):1_come;_go_in}					
Jer.15.11#05=Q(K)	שֵֽׁרִיתִ֖י/ךָ	sha.ro.ti./kha	I will set free/ you	{H8281}/H9031	HVpp1cs/Sp2ms	K= sha.ro.ti./kha (שָׁרוֹתִ/ךָ) "I will strengthen/ you" (H8323B/H9031=HVqp1cs/Sp2ms)	L= שֵֽׁרִותִ֖/ךָ ¦ ;	H8281	H8323B, H8324, H8293		{H8281=שָׁרָה=to free}/H9031=Os2m=you					
Jer.15.16#05=Q(K)	דְבָֽרְ/ךָ֙	de.va.rei./kha	word/ your	{H1697G}/H9021	HNcmsc/Sp2ms	K= de.va.rei./kha (דְבָרֶי/ךָ) "words/ your" (H1697G/H9021=HNcmpc/Sp2ms)	L= דְבָֽרְי/ךָ֙ ¦ ;	H1697G_B			{H1697G=דָּבָר=: word»word:1_word;_speech;_command}/H9021=Ps2m=your					
Jer.16.16#03=Q(K)	לְ/דַיָּגִ֥ים	le./da.va.gim	for/ fishermen	H9005/{H1771}	HR/Ncmpa	K= le./da.va.gim (לְ/דַוָּגִים) "for/ fishermen" (H9005/H1728=HR/Ncmpa)	L= לְ/דַוָּגִ֥ים ¦ ;	H1771	H1728		H9005=ל=to/{H1771=דַּיָּג=fisher}					
Jer.17.8#11=Q(K)	יִרְאֶה֙	yi.ra	he will see	{H7200G}	HVqi3ms	K= yi.ra' (יִרָא) "he will fear" (H3372G=HVqi3ms)	L= יִרְאֶ֙ ¦ ;	H7200G	H3372G		{H7200G=רָאָה=: see»to see:1_see;_show}					
Jer.17.10#09=Q(K)	כִּ/דְרָכָ֔י/ו	ke./dar.ko/v	according to/ ways/ his	H9004/{H1870G}/H9023	HR/Ncbpc/Sp3ms	K= ke./dar.ko/v (כְּ/דַרְכּ/וֹ) "according to/ way/ his" (H9004/H1870G/H9023=HR/Ncbsc/Sp3bs)	L= כִּ/דְרָכָ֔/ו ¦ ;	H1870G			H9004=כ=like/{H1870G=דֶּ֫רֶךְ=: conduct»way:3_conduct;_lifestyle}/H9023=Ps3m=his					
Jer.17.11#10=Q(K)	יָמָי/ו֙	yo.mo/v	days/ his	{H3117G}/H9023	HNcmpc/Sp3ms	K= yo.mo/v (יֹמ/וֹ) "day/ his" (H3117G/H9023=HNcmsc/Sp3ms)	L= יָמָ/ו֙ ¦ ;	H3117G			{H3117G=יוֹם=: day»day;_when:1_day;_when;_period}/H9023=Ps3m=his					
Jer.17.13#07=Q(K)	וְ/סוּרַ/י֙	ve./so.ra/i	and/ disloyal [ones]/ my	H9002/{H5494}/H9020	HC/Aampc/Sp1bs	K= yi.so.ra/i (יִסּוֹרַ/י) "departers/ my" (H3249/H9020=HAampc/Sp1bs)	L= יְסוּרַ/י֙ ¦ ;	H5494	H3249, H3250, H5493H		H9002=ו=and/{H5494=סוּר=degenerate}/H9020=Ps1c=my					
Jer.17.19#09=Q(K)	הָ/עָ֔ם	ha./am	the/ people	H9009/{H5971H}	HTd/Ncmsa	K= am (עָם) "a people" (H5971H=HNcbsa)	L= ָעָ֔ם ¦ ;	H5971H			H9009=ה=the/{H5971H=עַם=People's( Gate) (KJV: people)»People's_Gate@Jer.17.19}					
Jer.17.23#11=Q(K)	שְׁמ֔וֹעַ	sho.me.a'	to listen	{H8085G}	HVqcc	K= sho.me.a' (שׁוֹמֵעַ) "listening" (H8085G=HVqrmsa)	L= שְׁומֹ֔עַ ¦ ;	H8085G_B			{H8085G=שָׁמַע=: hear»to hear:1_hear}					
Jer.17.24#22=Q(K)	בּ֖/וֹ	bo/h	on <the>/ it	H9003/{H9033}	HRd/Sp3ms	K= bo/h (בֹּ/ה) "on/ it" (H9003/H9034=HRd/Sp3fs)	L= בֹּ֖/ה ¦ ;	H9033	H9034		H9003=ב=in/{H9033=Os3m=him}					
Jer.18.3#04=Q(K)	וְ/הִנֵּה/־/ה֛וּא	ve./hi.neh/-/hu'	and/ there!/-/he	H9002/{H2009}/H9014/{H1931}	HC/Tj//Pp3ms	K= ve./hi.ne./hu (וְ/הִנֵּ/הוּ) "and/ there!/ he" (H9002/H2009/H9043=HC/Tj/Sp3ms)	L= וְ/הִנֵּ/ה֛וּ ¦ ;	H2009, H1931			H9002=ו=and/{H2009=הִנֵּה=behold}/H9014=־=link/{H1931=הוּא=he;_she;_it}					
Jer.18.10#02=Q(K)	הָ/רַע֙	ha./ra.'ah	the/ evil	H9009/{H7451H}	HTd/Aamsa	K= ha./ra.'ah (הָ/רָעָה) "the/ evil" (H9009/H7451I=HTd/Ncfsa)	L= הָ/רַע֙ה ¦ ;	H7451H	H7451I		H9009=ה=the/{H7451H=רַע=: evil»bad:2_evil}					
Jer.18.16#04=Q(K)	שְׁרִיק֣וֹת	she.ru.kat	whistling of	{H8292}	HNcfpc	K= she.ru.kat (שְׁרוּקַת) "a hissing of" (H8322=HNcfpc)	L= שְׁרִוקֹ֣ת ¦ ;	H8292	H8322		{H8292=שְׁרִיקָה=piping}					
Jer.18.22#11=Q(K)	שׁוּחָה֙	shi.chah	a pit	{H7745}	HNcfsa	K= shi.chah (שִׁיחָה) "a pit" (H7882=HNcfsa)	L= שׁיּחָה֙ ¦ ;	H7745	H7882		{H7745=שׁוּחָה=pit}					
Jer.18.23#17=Q(K)	וְ/יִהְי֤וּ	ve./ha.yu	and/ let them be	H9002/{H1961}	HC/Vqu3mp	K= ve./ha.yu (וְ/הָיוּ) "and/ they will be" (H9001/H1961=Hc/Vqq3cp)	L= וְִ/הְי֤וּ ¦ ;	H1961			H9002=ו=and/{H1961=הָיָה=to be}					
Jer.21.9#14=Q(K)	וְ/חָיָ֔ה	ve./cha.yah	and/ he will live	H9001/{H2421}	Hc/Vqq3ms	K= yich.yeh (יִחְיֶה) "he will live" (H2421=HVqi3ms)	L= יְחָיָ֔ה ¦ ;	H2421			H9001=ו=&/{H2421=חָיָה=to live}					
Jer.21.12#22=Q(K)	מַעַלְלֵי/כֶֽם\׃	ma.'a.lei./khem	deeds/ your	{H4611}/H9026\H9016	HNcmpc/Sp2mp	K= ma.'a.lei./hem (מַעַלְלֵי/הֶם\׃) "deeds/ their" (H4611/H9028\H9016=HNcmpc/Sp3mp)	L= מַעַלְלֵי/הֶֽם\׃ ¦ ;	H4611			{H4611=מַעֲלָל=deed}/H9026=Pp2m=your\H9016=׃=verseEnd					
Jer.22.4#21=Q(K)	וַ/עֲבָדָ֖י/ו	ve./'av.da/v	and/ servants/ his	H9002/{H5650}/H9023	HC/Ncmpc/Sp3ms	K= ve./'av.da/v (וְ/עַבְדּ/וֹ) "and/ servant/ his" (H9002/H5650/H9023=HC/Ncmsc/Sp3ms)	L= וַ/עֲבָדָ֖/ו ¦ ;	H5650			H9002=ו=and/{H5650=עֶ֫בֶד=servant;_slave}/H9023=Ps3m=his					
Jer.22.6#20=Q(K)	נוֹשָֽׁבוּ\׃	no.sha.vah	they are inhabited	{H3427}\H9016	HVNp3cp	K= no.sha.vah (נוֹשָׁבָה\׃) "[is] inhabited" (H3427\H9016=HVNp3fs)	L= נוֹשָֽׁבֻה\׃ ¦ ;	H3427			{H3427=יָשַׁב=to dwell}\H9016=׃=verseEnd					
Jer.22.18#24=Q(K)	הֹדֽ/וֹ\׃	ho.D/o	splendor/ his	{H1935}/H9023\H9016	HNcmsc/Sp3ms	K= ho.Do/h (הֹדֹֽ/ה\׃) "splendor/ his" (H1935/H9023\H9016=HNcbsc/Sp3ms)	L= הֹדֹֽ/ה\׃ ¦ ;	H1935			{H1935=הוֹד=splendor}/H9023=Ps3m=his\H9016=׃=verseEnd					
Jer.22.23#01=Q(K)	יֹשַׁבְתְּ֙	yo.shav.ti	O [you who] dwell	{H3427}	HVqrfsa	K= yo.shav.ti (יֹשַׁבְתִּי) "O [you who] dwell" (H3427=HVqrfsc)	L= יֹשַׁבְתְּי֙ ¦ ;	H3427			{H3427=יָשַׁב=to dwell}					
Jer.23.18#12=Q(K)	דְּבָר֖/וֹ	de.va.r/o	word/ his	{H1697G}/H9023	HNcmsc/Sp3ms	K= de.va.r/i (דְּבָרִ/י) "word/ my" (H1697G/H9020=HNcbsc/Sp1bs)	L= דְּבָרֹ֖/י ¦ ;	H1697G_B			{H1697G=דָּבָר=: word»word:1_word;_speech;_command}/H9023=Ps3m=his					
Jer.24.9#02=Q(K)	לְ/זַעֲוָ֣ה	li/z.va.'ah	into/ a terror	H9005/{H2189}	HR/Ncfsa	K= li/z.va.'ah (לִ/זְוָעָה) "into/ a terror" (H9005/H2113=HR/Ncfsa)	L= לְ/זַוֲעָ֣ה ¦ ;	H2189	H2113		H9005=ל=to/{H2189=זַעֲוָה=horror}					
Jer.25.7#07=Q(K)	הַכְעִיסֵ֛/נִי	hikh.'i.su./ni	to provoke to anger/ me	{H3707}/H9030	HVhcc/Sp1bs	K= hikh.'i.su./ni (הִכְעִסוּ/נִי) "they have provoked to anger/ me" (H3707/H9030=HVhp3cp/Sp1bs)	L= הַכְעִסֵו֛/נִי ¦ ;	H3707			{H3707=כָּעַס=to provoke}/H9030=Os1c=me					
Jer.26.18#01=Q(K)	מִיכָה֙	mi.kha.yah	Micah	{H4318K}	HNpm	K= mi.kha.yah (מִיכָיָה) "Micaiah" (H4320J=HNpm)	L= מִיכָיה֙ ¦ ;	H4318K	H4320J, H4318		{H4318K=מִיכָה=Micah»Micah@Jer.26.18-Mic}					
Jer.28.1#09=Q(K)	בַּ/שָּׁנָה֙	bi/sh.nat	in the/ year	H9003/{H8141}	HRd/Ncfsa	K= bi/sh.nat (בִּ/שְׁנַת) "in the/ year" (H9003/H8141=HRd/Ncfsc)	L= בַּ/שָּׁנָת֙ ¦ ;	H8141_B			H9003=ב=in/{H8141=שָׁנָה=year}					
Jer.29.18#07=Q(K)	לְ/זַעֲוָ֜ה	li/z.va.'ah	into/ a terror	H9005/{H2189}	HR/Ncfsa	K= li/z.va.'ah (לִ/זְוָעָה) "into/ a terror" (H9005/H2113=HR/Ncfsa)	L= לְ/זַוֲעָ֜ה ¦ ;	H2189	H2113		H9005=ל=to/{H2189=זַעֲוָה=horror}					
Jer.29.23#18=Q(K)	הַ/יּוֹדֵ֥עַ	hu./yo.de.a'	[am he] who/ knows	H9009/{H3045}	HTd/Vqrmsa	K= hu.//yo.de.'a (הוּ//יֹדֵעַ) "[am] he [who]// knows" ({H1931}//H3045=HPp3ms//Vqrmsa)	L= הַוֹּ//ידֵ֥עַ ¦ ;	H3045	H1931		H9009=ה=the/{H3045=יָדַע=to know}					
Jer.31.21#11=Q(K)	הָלָ֑כְתְּ	ha.la.khe.ti	[which] you went	{H1980G}	HVqp2fs	K= ha.la.khe.ti (הָלָכְתִּי) "[which] I went" (H1980G=HVqp1cs)	L= הָלָ֑כְתְּי ¦ ;	H1980G	, H3212		{H1980G=הָלַךְ=: went»to go:3_went;_go[away]}					
Jer.31.38#02=Q(K)	יָמִ֥ים/ /בָּאִ֖ים	ya.Mim/ /ba.'Im	days/ /[are] coming	{H3117G}/ /{H0935G}	HNcmpa//Vqrmpa	K= ya.Mim (יָמִ֥ים) "days" (H3117G=HNcmpa)	L= יָמִ֥יםִָּ֖ ¦ ;	H3117G, H0935G			{H3117G=יוֹם=: day»day;_when:1_day;_when;_period}/ /{H0935G=בּוֹא=: come»to come (in):1_come;_go_in}					
Jer.31.39#03=Q(K)	קָ֤ו	ke.veh	[the] line of	{H6957B}	HNcmsc	K= ke.veh (קְוֵה) "[the] line of" (H6961=HNcbsc)	L= קָ֤וה ¦ ;	H6957B	H6961		{H6957B=קַו=line}					
Jer.31.40#06=Q(K)	הַ/שְּׁדֵמוֹת֩	ha./she.re.mot	the/ terraced fields	H9009/{H7709}	HTd/Ncfpa	K= ha./she.re.mot (הַ/שְּׁרֵמוֹת) "the/ terraced fields" (H9009/H8309=HTd/Ncfpa)	L= הַ/שְּׁרֵמוֹת֩ ¦ ;	H7709	H8309		H9009=ה=the/{H7709=שְׁדֵמָה=field}					
Jer.32.1#08=Q(K)	בַּ/שָּׁנָה֙	bi/sh.nat	in the/ year	H9003/{H8141}	HRd/Ncfsa	K= bi/sh.nat (בִּ/שְׁנַת) "in the/ year" (H9003/H8141=HRd/Ncfsc)	L= בַּ/שָּׁנָת֙ ¦ ;	H8141_A			H9003=ב=in/{H8141=שָׁנָה=year}					
Jer.32.4#20=Q(K)	עֵינָ֥י/ו	ei.no/v	eyes/ his	{H5869A}/H9023	HNcfdc/Sp3ms	K= ei.no/v (עֵינ/וֹ) "eye/ his" (H5869A/H9023=HNcbsc/Sp3ms)	L= עֵינָ֥/ו ¦ ;	H5869A_B			{H5869A=עַ֫יִן=: eye»eye:1_eye}/H9023=Ps3m=his					
Jer.32.23#07=Q(K)	וּ/בְ/תוֹרָתְ/ךָ֣	u./ve./to.ro.te./kha	and/ in/ law/ your	H9002/H9003/{H8451}/H9021	HC/R/Ncfsc/Sp2ms	K= u./ve./to.ro.te./kha (וּ/בְ/תֹרוֹתֶ/ךָ) "and/ in/ laws/ your" (H9002/H9003/H8451/H9021=HC/R/Ncfpc/Sp2ms)	L= וּ/בְ/תֹרָותְ/ךָ֣ ¦ ;	H8451			H9002=ו=and/H9003=ב=in/{H8451=תּוֹרָה=instruction}/H9021=Ps2m=your					
Jer.33.8#08=Q(K)	לְ/כָל	le./khol-	<to>/ all	H9005/{H3605}	HR/Ncmsc	K= le./khol- (לְ/כוֹל) "<to>/ all" (H9005/H3605=HR/Ncbsc)	L= לְ/כָול\־ ¦ ;	H3605_B			H9005=ל=to/{H3605=כֹּל=all}					
Jer.33.26#16=Q(K)	אָשִׁ֥יב	'a.shuv	I will cause to turn back	{H7725H}	HVhi1cs	K= 'a.shuv (אָשׁוּב) "I will turn back" (H7725H=HVqi1cs)	L= אָשִׁ֥וב ¦ ;	H7725H			{H7725H=שׁוּב=: rescue»to return:2_rescue;_restore}					
Jer.34.11#12=Q(K)	וַֽ/יִּכְבְּשׁ֔וּ/ם	va/i.yakh.bi.shu/m	and/ they subjugated/ them	H9001/{H3533}/H9038	Hc/Vqw3mp/Sp3mp	K= va/i.yakh.bi.shu/m (וַ/יַּכְבִּישׁוּ/ם) "and/ they subjugated/ them" (H9001/H3533/H9038=Hc/Vhw3mp/Sp3mp)	L= וַֽ/יִּכְבְּישׁ֔וּ/ם ¦ ;	H3533			H9001=ו=&/{H3533=כָּבַשׁ=to subdue}/H9038=Op3m=them					
Jer.34.17#29=Q(K)	לְ/זַעֲוָ֔ה	li/z.va.'ah	into/ a terror	H9005/{H2189}	HR/Ncfsa	K= li/z.va.'ah (לִ/זְוָעָה) "into/ a terror" (H9005/H2113=HR/Ncfsa)	L= לְ/זַוֲעָ֔ה ¦ ;	H2189	H2113		H9005=ל=to/{H2189=זַעֲוָה=horror}					
Jer.37.4#10=Q(K)	הַ/כְּלֽוּא\׃	ha./ke.li'	<the>/ imprisonment	H9009/{H3628}\H9016	HTd/Ncmsa	K= ha./ke.li' (הַ/כְּלִיא\׃) "<the>/ imprisonment" (H9009/H3628\H9016=HTd/Ncbsa)	L= הַ/כְּלֽיּא\׃ ¦ ;	H3628			H9009=ה=the/{H3628=כְּלִיא=prison}\H9016=׃=verseEnd					
Jer.37.19#01=Q(K)	וְ/אַיֵּה֙	ve./'ai.yov	and/ where?	H9002/{H0346}	HC/Ti	K= ve./'ai.y/ov (וְ/אַיּ/וֹ) "and/ where [is]?/ he" (H9002/H0335/H9043=HC/Ti/Sp3ms)	L= וְ/אַיֵּ/ו֙ ¦ ;	H0346	H0335		H9002=ו=and/{H0346=אַיֵּה=where?}					
Jer.38.2#14=Q(K)	וְ/חָיָ֔ה	ve./cha.yah	and/ he will live	H9001/{H2421}	Hc/Vqq3ms	K= yich.yeh (יִחְיֶה) "he will live" (H2421=HVqi3ms)	L= יְחָיָ֔ה ¦ ;	H2421_A			H9001=ו=&/{H2421=חָיָה=to live}					
Jer.38.11#16=Q(K)	סְחָב֔וֹת	se.cha.Vot	clothes	{H5499}	HNcfpa	K= ha./se.cha.Vot (הַ/סְּחָבוֹת) "the/ clothes" (H9009/H5499=HTd/Ncfpa)	L= ה/סְחָב֔וֹת ¦ ;	H5499			{H5499=סְחָבָה=rag}					
Jer.38.16#10=Q(K)		[ ]	[ ]			K= 'et (אֵת) "<obj.>" (H0853=HTo)	L= את ¦ ;		H0853_a							
Jer.39.12#11=Q(K)		[ ]	[ ]			K= 'im (אִם) "except" (H0518B=HTc)	L= אם ¦ ;		H0518B, H3588B_b							
Jer.40.3#14=Q(K)	הַ/דָּבָ֥ר	ha./da.var	the/ thing	H9009/{H1697I}	HTd/Ncmsa	K= da.var (דָּבָר) "a thing" (H1697I=HNcbsa)	L= ַדָּבָ֥ר ¦ ;	H1697I			H9009=ה=the/{H1697I=דָּבָר=: thing»word:3_thing;_matter}					
Jer.40.8#16=Q(K)	עֵיפַ֣י	o.fai	Ephai	{H5778}	HNpm	K= o.fai (עוֹפַי) "Ophai" (H5778=HNpm)	L= עֵופַ֣י ¦ ;	H5778			{H5778=עוֹפַי=Ephai»Ephai@Jer.40.8}					
Jer.41.17#04=Q(K)	כִּמְהָ֔ם	khem.ham	Kimham	{H3644H}	HNpl	K= khe.mo./hem (כְּמוֹ/הֶם) "like/ them" (H3644G/H9038=HR/Sp3mp)	L= כִּמְו/הָ֔ם ¦ ;	H3644H	H3644G, H3643		{H3644H=כִּמְהָם=Chimham»Geruth_Chimham@Jer.41.17}					
Jer.42.6#09=Q(K)	אֲנַ֜חְנוּ	'a.nu	we	{H0587}	HPp1bp	K= 'a.nu (אֲנוּ) "we" (H0580=HPp1bp)	L= אֲנְַ֜וּ ¦ ;	H0587	H0580		{H0587=אֲנַ֫חְנוּ=we}					
Jer.42.20#02=Q(K)	הִתְעֵיתֶם֮	hit.'e.teim	you caused to err	{H8582}	HVhp2mp	K= hit.'e.tei/m (הִתְעֵתֶי/ם) "I caused to err/ them" (H8582/H9038=HVhp1cs/Sp3mp)	L= הִתְעֵתֶי/ם֮ ¦ ;	H8582			{H8582=תָּעָה=to go astray}					
Jer.43.10#26=Q(K)	שַׁפְרִיר֖/וֹ	shaf.ru.ro/v	state tent/ his	{H8237}/H9023	HNcmsc/Sp3ms	K= shaf.ru.ro/v (שַׁפְרוּר/וֹ) "state tent/ his" (H8237/H9023=HNcbsc/Sp3ms)	L= שַׁפְרִור֖/וֹ ¦ ;	H8237			{H8237=שַׁפְרִיר=pavilion}/H9023=Ps3m=his					
Jer.43.11#01=Q(K)	וּ/בָ֕א	u./va.'ah'	and/ he will come	H9001/{H0935G}	Hc/Vqq3ms	K= u./va.'a/h (וּ/בָאָ/ה) "and/ he will come to/ it" (H9001/H0935G/H9034=Hc/Vqq3fs/Sp3fs)	L= וּ/בָ֕א/ה ¦ ;	H0935G			H9001=ו=&/{H0935G=בּוֹא=: come»to come (in):1_come;_go_in}					
Jer.46.11#09=Q(K)	הִרְבֵּ֣ית	hir.bei.ti	you have multiplied	{H7235A}	HVhp2fs	K= hir.bei.ti (הִרְבֵּיתִי) "I have multiplied" (H7235A=HVhp1cs)	L= הִרְבֵּ֣יתי ¦ ;	H7235A			{H7235A=רָבָה=to multiply}					
Jer.48.4#05=Q(K)	צְעִירֶֽי/הָ\׃	tze.'o.rei./ha	servants/ its	{H6810}/H9024\H9016	HAampc/Sp3fs	K= tze.'o.rei./ha (צְעוֹרֶי/הָ\׃) "small [ones]/ its" (H6810/H9024\H9016=HAampc/Sp3fs)	L= צְעִורֶֽי/הָ\׃ ¦ ;	H6810			{H6810=צָעִיר=little}/H9024=Ps3f=her\H9016=׃=verseEnd					
Jer.48.5#03=Q(K)	הַ/לּוּחִ֔ית	ha./lu.chot	<the>/ Luhith	H9009/{H3872}	HTd/Npl	K= ha./lu.chot (הַ/לֻּחוֹת) "<the>/ Luhoth" (H9009/H3872=HTd/Npl)	L= הַ/לֻּחִ֔ות ¦ ;	H3872			H9009=ה=the/{H3872=לוּחִית=Luhith»Luhith@Isa.15.5-Jer}					
Jer.48.18#03=Q(K)	וּ/שְׁבִ֣י	vu./she.vei	and/ sit	H9002/{H3427}	HC/Vqv2fs	K= yo.she.vei (יֹשְׁבֶי) "O inhabitants" (H3427=HVqrmpc)	L= יּשְׁבִ֣י ¦ ;	H3427_A			H9002=ו=and/{H3427=יָשַׁב=to dwell}					
Jer.48.20#05=Q(K)	הֵילִ֣ילוּ	hei.li.li	wail	{H3213}	HVhv2mp	K= hei.li.li (הֵילִילִי) "wail" (H3213=HVhv2fs)	L= הֵילִ֣יליּ\׀ ¦ ;	H3213			{H3213=יָלַל=to wail}					
Jer.48.20#06=Q(K)	וּֽ/זְעָ֑קוּ	u./ze.'a.ki	and/ cry out	H9002/{H2199}	HC/Vqv2mp	K= u./ze.'a.ki (וּ/זְעָקִי) "and/ cry out" (H9002/H2199=HC/Vhv2fs)	L= וּֽ/זְעָ֑קיּ ¦ ;	H2199			H9002=ו=and/{H2199=זָעַק=to cry out}					
Jer.48.21#11=Q(K)	מֵיפָֽעַת\׃	mo.fa.'at	Mephaath	{H4158}\H9016	HNpl	K= mo.fa.'at (מוֹפָעַת\׃) "Mophaath" (H4158\H9016=HNpl)	L= מֵופָֽעַת\׃ ¦ ;	H4158			{H4158=מֵיפַ֫עַת=Mephaath»Mephaath@Jos.13.18-Jer}\H9016=׃=verseEnd					
Jer.48.27#09=Q(K)	נִמְצָ֑א	nim.tza.'ah'	was it found	{H4672}	HVNp3ms	K= nim.tza.'ah (נִמְצָאָה) "was it found" (H4672=HVNp3fs)	L= נִמְצָ֑אה ¦ ;	H4672			{H4672=מָצָא=to find}					
Jer.48.44#01=Q(K)	הַ/נָּ֞ס	ha./nis	the/ [one who] flees	H9009/{H5127}	HTd/Vqrmsa	K= ha./nis (הַ/נִּיס) "the/ fugitive" (H9009/H5211=HTd/Ncbsa)	L= הַ/נָּי֞ס ¦ ;	H5127	H5211		H9009=ה=the/{H5127=נוּס=to flee}					
Jer.49.25#05=Q(K)	תְּהִלָּ֑ת	te.hi.lah	praise	{H8416}	HNcfsc	K= te.hi.lah (תְּהִלָּה) "praise" (H8416=HNcfsa)	L= תְּהִלָּ֑ה ¦ ;	H8416			{H8416=תְּהִלָּה=praise}					
Jer.49.28#06=Q(K)	נְבֽוּכַדְרֶאצַּ֣ר	ne.vu.khad.re.tzor	Nebuchadnezzar	{H5019}	HNpm	K= ne.vu.khad.re.tzor (נְבוּכַדְרֶאצּוֹר) "Nebuchadnezzar" (H5020=HNpm)	L= נְבֽוּכַדְרֶאצַּו֣ר ¦ ;	H5019	H5020		{H5019=נְבוּכַדְרֶאצַּר, נְבוּכַדְנֶצַּר=Nebuchadnezzar»Nebuchadnezzar@2Ki.24.1-Dan}					
Jer.49.30#18=Q(K)	עֲלֵי/כֶ֖ם	'a.lei./khem	on/ you	{H5921A}/H9036	HRd/Sp2mp	K= 'a.lei./hem (עֲלֵי/הֶם) "on/ them" (H5921A/H9038=HRd/Sp3mp)	L= עֲלֵי/הֶ֖ם ¦ ;	H5921A_B			{H5921A=עַל=upon}/H9036=Op2m=you					
Jer.49.36#21=Q(K)	עֵילָֽם\׃	o.lam	Elam	{H5867A}\H9016	HNpl	K= o.lam (עוֹלָם\׃) "perpetuity" (H5769G\H9016=HNcbsa)	L= עֵולָֽם\׃ ¦ ;	H5867A_b	H5769G_b		{H5867A=עֵילָם=Elam»Elam@Gen.14.1-Act}\H9016=׃=verseEnd					
Jer.49.39#04=Q(K)	אָשִׁ֛יב	'a.shuv	I will turn back	{H7725H}	HVhi1cs	K= 'a.shuv (אָשׁוּב) "I will turn back" (H7725H=HVqi1cs)	L= אָשִׁ֛וב ¦ ;	H7725H			{H7725H=שׁוּב=: rescue»to return:2_rescue;_restore}					
Jer.50.6#03=Q(K)	הָי֣וּ	ha.yah	they have become	{H1961}	HVqp3cp	K= ha.yah (הָיָה) "it has become" (H1961=HVqp3ms)	L= הָיֻ֣ה ¦ ;	H1961			{H1961=הָיָה=to be}					
Jer.50.6#08=Q(K)	שֽׁוֹבְב֑וּ/ם	shoe.vi/m	they have led away/ them	{H7726}/H9038	HVpp3cp/Sp3mp	K= shoe.vim (שׁוֹבֵבִים) "backsliding" (H7726=HAampa)	L= שֽׁוֹבְב֑יּם ¦ ;	H7726	, H7725		{H7726=שׁוֹבָב=turning back}/H9038=Op3m=them					
Jer.50.8#06=Q(K)	צֵ֑אוּ	ya.tze.'u	go forth	{H3318G}	HVqv2mp	K= ya.tze.'u (יָצְאוּ) "they went forth" (H3318G=HVqp3cp)	L= יצֵ֑אוּ ¦ ;	H3318G			{H3318G=יָצָא=: come»to come out:1_come;_go_out;_escape}					
Jer.50.11#02=Q(K)	תִשְׂמְחוּ֙	tis.me.chi	you are rejoicing	{H8055}	HVqi2mp	K= tis.me.chi (תִשְׂמְחִי) "you are rejoicing" (H8055=HVqi2fs)	L= תִשְׂמְחיּ֙ ¦ ;	H8055			{H8055=שָׂמַח=to rejoice}					
Jer.50.11#04=Q(K)	תַֽעֲלְז֔וּ	ta.'al.zi	you are gloating	{H5937}	HVqi2mp	K= ta.'al.zi (תַעֲלְזִי) "you are gloating" (H5937=HVqi2fs)	L= תַֽעַלְז֔יּ ¦ ;	H5937			{H5937=עָלַז=to exult}					
Jer.50.11#08=Q(K)	תָפ֙וּשׁוּ֙	ta.fu.shi	you are skipping about	{H6335A}	HVqi2mp	K= ta.fu.shi (תָפוּשִׁי) "you are skipping about" (H6335A=HVqi2fs)	L= תָפ֙וּשׁיּ֙ ¦ ;	H6335A			{H6335A=פּוּשׁ=to leap}					
Jer.50.11#11=Q(K)	וְ/תִצְהֲל֖וּ	ve./titz.ha.li	so/ you may neigh	H9002/{H6670A}	HC/Vqu2mp	K= ve./titz.ha.li (וְ/תִצְהֲלִי) "so/ you may neigh" (H9002/H6670A=HC/Vqu2fs)	L= וְ/תִצְהֲל֖יּ ¦ ;	H6670A			H9002=ו=and/{H6670A=צָהַל=to cry out}					
Jer.50.29#12=Q(K)	יְהִי/־/לָ/הּ֙	ye.hi/-/L/ah	it be/-/to <the>/ it	{H1961}/H9014/H9005/H9034	HVqj3ms//Rd/Sp3fs	K= ye.hi- (יְהִי) "it be" (H1961=HVqj3ms)	L= יְהִיָ֙\־ ¦ ;	H1961			{H1961=הָיָה=to be}/H9014=־=link/H9005=ל=to/H9034=Os3f=her					
Jer.50.44#11=Q(K)	אֲרִיצֵ/ם֙	'a.ru.tze/m	I will cause to run/ them	{H7323G}/H9038	HVhi1cs/Sp3mp	K= 'a.ru.tze/m (אֲרוּצֵ/ם) "I will run/ them" (H7323G/H9038=HVqi1cs/Sp3mp)	L= אֲרִוצֵ/ם֙ ¦ ;	H7323G			{H7323G=רוּץ=: run»to run:1_run;_runner;_messenger}/H9038=Op3m=them					
Jer.51.3#03=Q(K)		[ ]	[ ]			K= yid.rokh (יִדְרֹךְ) "he bend" (H1869=HVqi3ms)	L= ידרך ¦ ;		H1869_A							
Jer.51.34#01=Q(K)	אֲכָלַ֣/נִי	'a.kha.la./ni	he devoured/ me	{H0398}/H9030	HVqp3ms/Sp1bs	K= 'a.kha.la./nu (אֲכָלָ/נוּ) "he devoured/ us" (H0398/H9035=HVqp3ms/Sp1bp)	L= אֲכָלַ֣/נִו ¦ ;	H0398			{H0398=אָכַל=to eat}/H9030=Os1c=me					
Jer.51.34#02=Q(K)	הֲמָמַ֗/נִי	ha.ma.ma./ni	he confused/ me	{H2000}/H9030	HVqp3ms/Sp1bs	K= ha.ma.ma./nu (הֲמָמָ/נוּ) "he confused/ us" (H2000/H9035=HVqp3ms/Sp1bp)	L= הֲמָמַ֗/נִו ¦ ;	H2000			{H2000=הָמַם=to confuse}/H9030=Os1c=me					
Jer.51.34#06=Q(K)	הִצִּיגַ֙/נִי֙	hi.tzi.ga./ni	he set down/ me	{H3322}/H9030	HVhp3ms/Sp1bs	K= hi.tzi.ga./nu (הִצִּיגָ/נוּ) "he set down/ us" (H3322/H9035=HVhp3ms/Sp1bp)	L= הִצִּיגַ֙/נִו֙ ¦ ;	H3322			{H3322=יָצַג=to set}/H9030=Os1c=me					
Jer.51.34#09=Q(K)	בְּלָעַ֙/נִי֙	be.la.'a./ni	he swallowed/ me	{H1104}/H9030	HVqp3ms/Sp1bs	K= be.la.'a./nu (בְּלָעָ/נוּ) "he swallowed/ us" (H1104/H9035=HVqp3ms/Sp1bp)	L= בְּלָעַ֙/נִו֙ ¦ ;	H1104			{H1104=בָּלַע=to swallow up}/H9030=Os1c=me					
Jer.51.34#14=Q(K)	הֱדִיחָֽ/נִי\׃	he.di.cha./ni	he rinsed out/ me	{H1740}/H9030\H9016	HVhp3ms/Sp1bs	K= he.di.cha./nu (הֱדִיחָ/נוּ\׃) "he rinsed out/ us" (H1740/H9035\H9016=HVhp3ms/Sp1bp)	L= הֱדִיחָֽ/נִו\׃ ¦ ;	H1740			{H1740=דּוּחַ=to wash}/H9030=Os1c=me\H9016=׃=verseEnd					
Jer.52.1#14=Q(K)	חֲמוּטַ֥ל	cha.mi.tal	[was] Hamutal	{H2537}	HNpf	K= cha.mi.tal (חֲמִיטַל) "[was] Hamital" (H2537=HNpf)	L= חֲמיּטַ֥ל ¦ ;	H2537			{H2537=חֲמוּטַל=Hamutal»Hamutal@2Ki.23.31-Jer}					
Jer.52.11#12=Q(K)	בֵֽית	veit-	[the] house of	{H1004B}	HNcmsc	K= ve./veit- (בְ/בֵית) "in/ [the] house of" (H9003/H1004B=HR/Ncbsc)	L= ב/בֵֽית\־ ¦ ;	H1004B			{H1004B=בַּ֫יִת=: home»house:1_home}					
Jer.52.21#05=Q(K)	קוֹמַת֙	ko.mah	[the] height of	{H6967}	HNcfsc	K= ko.mah (קוֹמָה) "height" (H6967=HNcfsa)	L= קוֹמַה֙ ¦ ;	H6967			{H6967=קוֹמָה=height}					
Jer.52.31#30=Q(K)	הַ/כְּלֽוּא\׃	ha./ke.li'	<the>/ imprisonment	H9009/{H3628}\H9016	HTd/Ncmsa	K= ha./ke.li' (הַ/כְּלִיא\׃) "<the>/ imprisonment" (H9009/H3628\H9016=HTd/Ncbsa)	L= הַ/כְּלֽיּא\׃ ¦ ;	H3628			H9009=ה=the/{H3628=כְּלִיא=prison}\H9016=׃=verseEnd					
Jer.52.32#09=Q(K)	הַ/מְּלָכִ֛ים	ha./me.la.khim	the/ kings	H9009/{H4428G}	HTd/Ncmpa	K= me.la.khim (מְלָכִים) "kings" (H4428G=HNcmpa)	L= ַמְּלָכִ֛ים ¦ ;	H4428G			H9009=ה=the/{H4428G=מֶ֫לֶךְ=king}					
Lam.1.6#02=Q(K)		[ ]	[ ]			K= min- (מִן\־) "from" (H4480A\H9014=HR)	L= מִן\־ ¦ ;		H4480A							
Lam.1.6#03=Q(K)	מִ/בַּת	mi./vat-	from/ [the] daughter of	H9006/{H1323G}	HR/Ncfsc	K= vat- (בַּת) "[the] daughter of" (H1323G=HNcfsc)	L= בַּת\־ ¦ ;	H1323G			H9006=מ=from/{H1323G=בַּת=: daughter»daughter:1_daughter}					
Lam.1.11#07=Q(K)	מַחֲמַדֵּי/הֶ֛ם	ma.cha.mo.dei./hem	precious things/ their	{H4261}/H9028	HNcmpc/Sp3mp	K= ma.cha.mo.dei./hem (מַחֲמוֹדֵּי/הֶם) "precious things/ their" (H4262/H9028=HNcmpc/Sp3mp)	L= מַחֲמַודֵּי/הֶ֛ם ¦ ;	H4261	H4262		{H4261=מַחְמָד=desire}/H9028=Pp3m=their					
Lam.1.18#10=Q(K)	הָֽ/עַמִּ֗ים	ha./'a.mim	the/ peoples	H9009/{H5971A}	HTd/Ncmpa	K= a.mim (עַמִּים) "peoples" (H5971A=HNcmpa)	L= ָֽעַמִּ֗ים ¦ ;	H5971A			H9009=ה=the/{H5971A=עַם=: people»people:1_people;_nation}					
Lam.2.2#03=Q(K)	וְ/לֹ֣א	l/o'	and/ not	H9002/{H3808}	HC/Tn	K= lo' (לֹא) "not" (H3808=HTn)	L= ְלֹ֣א ¦ ;	H3808			H9002=ו=and/{H3808=לֹא=not}					
Lam.2.19#03=Q(K)	בַ/לַּ֗יְלָה	va./la.yil	in the/ night	H9003/{H3915}	HRd/Ncmsa	K= va./la.yil (בַ/לַּיִל) "in the/ night" (H9003/H3915=HRd/Ncbsa)	L= בַ/לַּ֗יְלָ ¦ ;	H3915			H9003=ב=in/{H3915=לַ֫יְלָה=night}					
Lam.3.10#05=Q(K)	אֲרִ֖י	'ar.yeh	a lion	{H0738A}	HNcmsa	K= 'ar.yeh (אַרְיֵה) "a lion" (H0738B=HNcbsa)	L= אֲרִ֖יה ¦ ;	H0738A	H0738B		{H0738A=אֲרִי=lion}					
Lam.3.20#03=Q(K)	וְ/תָשׁ֥וֹחַ	ve./ta.shi.ach	so/ it may bow down	H9002/{H7743}	HC/Vqu3fs	K= ve./ta.shi.ach (וְ/תָשִׁיחַ) "so/ it may melts away" (H9002/H7743=HC/Vqu3fs)	L= וְ/תָשֹׁ֥יחַ ¦ ;	H7743			H9002=ו=and/{H7743=שׁוּחַ=to sink}					
Lam.3.25#03=Q(K)	לְ/קוָֹ֔י/ו	le./ko.Va/v	to/ [those who] wait for/ him	H9005/{H6960A}/H9033	HR/Vqrmpc/Sp3ms	K= le./ko.Va/v (לְ/קוָ֔/וֹ) "to/ [him who] wait for/ him" (H9005/H6960A/H9033=HR/Vqrmsc/Sp3ms)	L= לְ/קוָֹ֔/ו ¦ ;	H6960A			H9005=ל=to/{H6960A=קָוָה=to await}/H9033=Os3m=him					
Lam.3.32#06=Q(K)	חֲסָדָֽי/ו\׃	chas.do/v	covenant loyalti<es>/ his	{H2617A}/H9023\H9016	HNcmpc/Sp3ms	K= chas.do/v (חַסְדּ/וֹ\׃) "covenant loyalty/ his" (H2617A/H9023\H9016=HNcbsc/Sp3ms)	L= חֲסָדָֽ/ו\׃ ¦ ;	H2617A			{H2617A=חֶ֫סֶד=kindness}/H9023=Ps3m=his\H9016=׃=verseEnd					
Lam.3.39#07=Q(K)	חֲטָאָֽי/ו\׃\ \ס	chet.'o/v	sins/ his	{H2399}/H9023\H9016\ \H9018	HNcmpc/Sp3ms	K= chet.'o/v (חֶטְא/וֹ\׃\ \ס) "sin/ his" (H2399/H9023\H9016\ \H9018=HNcmsc/Sp3ms)	L= חֲטָאָֽ/ו\׃\ \ס ¦ ;	H2399			{H2399=חֵטְא=sin}/H9023=Ps3m=his\H9016=׃=verseEnd\ \H9018=ס=section					
Lam.4.3#02=Q(K)	תַּנִּים֙	ta.nin	jackals	{H8577A}	HNcmpa	K= ta.nin (תַּנִּין) "serpents" (H8577M=HNcmpa)	L= תַּנִּין֙ ¦ ;	H8577A	H8577M, H8568		{H8577A=תַּן=jackal}					
Lam.4.3#10=Q(K)		[ ]	[ ]			K= ki (כִּי) "for" (H3588A=HTc)	L= כַּיְ ¦ ;		H3588A							
Lam.4.3#11=Q(K)	כַּ/יְעֵנִ֖ים	ka./e.nim	like <the>/ ostriches	H9004/{H3283}	HTd/Ncmpa	K= e.nim (עֵנִים) "springs" (H5869M=HNcfpa)	L= עֵנִ֖ים ¦ ;	H3283	H5869M		H9004=כ=like/{H3283=יָעֵן=ostrich}					
Lam.4.12#05=Q(K)	כֹּ֖ל	khol	all	{H3605}	HNcmsc	K= ve./khol (וְ/כֹל) "and/ all" (H9002/H3605=HC/Ncbsc)	L= ו/כֹּ֖ל ¦ ;	H3605			{H3605=כֹּל=all}					
Lam.4.16#11=Q(K)	וּ/זְקֵנִ֖ים	vu./ze.ke.nim	and/ elders	H9002/{H2205G}	HC/Aampa	K= ze.ke.nim (זְקֵנִים) "elders" (H2205G=HAampa)	L= זְקֵנִ֖ים ¦ ;	H2205G			H9002=ו=and/{H2205G=זָקֵן=: elder»old:2_elder;_leader}					
Lam.4.17#01=Q(K)	עוֹדֵ֙י/נוּ֙	o.dei./nu	yet/ we	{H5750}/H9045	HAcmpc/Sp1bp	K= o.de/i.nah (עוֹדֵ/ינָה) "yet/ they" (H5750/H9049=HAcbsa/Sp3fp)	L= עוֹדֵ֙/ינֻה֙ ¦ ;	H5750	, H5751		{H5750=עוֹד=still}/H9045=Sp1c=we					
Lam.4.21#05=Q(K)	יוֹשֶׁ֖בֶת	yo.shav.ti	[who] dwells	{H3427}	HVqrfsa	K= yo.shav.ti (יוֹשַׁבְתִּי) "[who] dwells" (H3427=HVqrfsc)	L= יוֹשֶׁ֖בֶתי ¦ ;	H3427			{H3427=יָשַׁב=to dwell}					
Lam.5.1#06=Q(K)	הַבִּ֖יטָ/ה	ha.beit/h	look/ !	{H5027}/H9012	HVhv2ms/Sh	K= ha.beit (הַבֵּיט) "look" (H5027=HVhv2ms)	L= הַבִּ֖יטָ ¦ ;	H5027			{H5027=נָבַט=to look}/H9012=ה=emph.					
Lam.5.3#03=Q(K)	וְ/אֵ֣ין	ve./ein	and/ there not	H9002/{H0369}	HC/Ncmsc	K= 'ein (אֵין) "there not" (H0369=HNcbsc)	L= ְאֵ֣ין ¦ ;	H0369			H9002=ו=and/{H0369=אַ֫יִן=nothing}					
Lam.5.5#05=Q(K)	וְ/לֹ֥א	ve./lo'	and/ not	H9002/{H3808}	HC/Tn	K= lo' (לֹא) "not" (H3808=HTn)	L= ְלֹ֥א ¦ ;	H3808			H9002=ו=and/{H3808=לֹא=not}					
Lam.5.7#03=Q(K)	וְ/אֵינָ֔/ם	ve./ei.na/m	and/ not [are]/ they	H9002/{H0369}/H9048	HC/Ncmsc/Sp3mp	K= 'ei.na/m (אֵינָ/ם) "not [are]/ they" (H0369/H9048=HNcbsc/Sp3mp)	L= ְאֵינָ֔/ם ¦ ;	H0369			H9002=ו=and/{H0369=אַ֫יִן=nothing}/H9048=Sp3m=they					
Lam.5.7#04=Q(K)	וַ/אֲנַ֖חְנוּ	va./'a.nach.nu	and/ we	H9002/{H0587}	HC/Pp1bp	K= 'a.nach.nu (אֲנַחְנוּ) "we" (H0587=HPp1bp)	L= ַאֲנַ֖חְנוּ ¦ ;	H0587			H9002=ו=and/{H0587=אֲנַ֫חְנוּ=we}					
Lam.5.21#04=Q(K)	וְֽ/נָשׁ֔וּבָה	ve./na.shuv	so/ let us return	H9002/{H7725H}	HC/Vqc1cp	K= ve./na.shuv (וְ/נָשׁוּב) "so/ we may return" (H9002/H7725H=HC/Vqu1cp)	L= וְֽ/נָשׁ֔וּבָ ¦ ;	H7725H_B			H9002=ו=and/{H7725H=שׁוּב=: rescue»to return:2_rescue;_restore}					
Ezk.1.8#01=Q(K)	וִ/ידֵ֣י	ve./ya.dov	and/ [the] hands of	H9002/{H3027G}	HC/Ncbdc	K= ve./ya.do/v (וְ/יָד/וֹ) "and/ hands of/ its" (H9002/H3027G/H9023=HC/Ncbsc/Sp3ms)	L= וִ/ידֵ֣/ו ¦ ;	H3027G			H9002=ו=and/{H3027G=יָד=: hand»hand:1_hand;_arm[anatomy]}					
Ezk.3.15#10=Q(K)	וָֽ/אֵשֵׁ֔ב	va./'a.Sher	and/ I sat	H9001/{H3427}	Hc/Vqw1cs	K= va./'a.Sher (וַ/אֲשֶׁר) "and/ where" (H9002/H0834A=HC/Tr)	L= וָֽ/אֵשֵׁ֔ר ¦ ;	H3427_b	H0834A		H9001=ו=&/{H3427=יָשַׁב=to dwell}					
Ezk.3.20#18=Q(K)	צִדְקֹתָי/ו֙	tzid.ko.Ta/v	righteousness<es>/ his	{H6666}/H9023	HNcfpc/Sp3ms	K= tzid.ko.Ta/v (צִדְקָת/וֹ) "righteousness/ his" (H6666/H9023=HNcfsc/Sp3ms)	L= צִדְקֹתָ/ו֙ ¦ ;	H6666			{H6666=צְדָקָה=righteousness}/H9023=Ps3m=his					
Ezk.4.6#07=Q(K)	הַ/יְמָנִי֙	ha/y.mo.ni	<the>/ right	H9009/{H3233G}	HTd/Aamsa	K= ha/y.mo.ni (הַ/יְמוֹנִי) "<the>/ right" (H9009/H3227A=HTd/Ncbsa)	L= הַ/יְמָונִי֙ ¦ ;	H3233G	H3227A		H9009=ה=the/{H3233G=יְמָנִי=: right»right:1_right}					
Ezk.7.2#14=Q(K)	אַרְבַּ֖ע	'ar.ba.'at	[the] four	{H0702}	HAcbsc	K= 'ar.ba.'at (אַרְבַּעַת) "[the] four" (H0702=HAcfsc)	L= אַרְבַּ֖עת ¦ ;	H0702			{H0702=אַרְבַּע=four}					
Ezk.7.21#08=Q(K)	וְ/חִלְּלֽוּ/הוּ\׃	ve./chil.lu./hu	and/ they will profane/ it	H9001/{H2490H}/H9033\H9016	Hc/Vpq3cp/Sp3fs	K= ve./chil.lu./ha (וְ/חִלְּלֻ/הָ\׃) "and/ they will profane/ it" (H9001/H2490H/H9034\H9016=Hc/Vpq3cp/Sp3ms)	L= וְ/חִלְּלֻֽ/הֻ\׃ ¦ ;	H2490H			H9001=ו=&/{H2490H=חָלַל=: profane»to profane;_begin:2_profane}/H9033=Os3m=him\H9016=׃=verseEnd					
Ezk.8.6#07=Q(K)	מָ֣ה/הֵ֣ם	me./hem	what/ [are] they?	{H4100}/{H1992}	HPi/Pp3mp	K= me./hem (מֵ/הֶם) "what/ [are] they" (H4100/H9048=HPi/Sp3mp)	L= םָ֣/הֵ֣ם ¦ ;	H4100, H1992			{H4100=מָה=what?}/{H1992=הֵ֫מָּה=they(masc.)}					
Ezk.9.5#08=Q(K)	אַל	'al-	not	{H0408}	HTn	K= al- (עַל) "on" (H5921A=HR)	L= עַל\־ ¦ ;	H0408_a	H5921A		{H0408=אַל=not}					
Ezk.9.5#10=Q(K)	עֵינְ/כֶ֖ם	ei.nei./khem	eye/ your	{H5869A}/H9026	HNcfsc/Sp2mp	K= ei.nei./khem (עֵינֵי/כֶם) "eyes/ your" (H5869A/H9026=HNcfpc/Sp2mp)	L= עֵינְי/כֶ֖ם ¦ ;	H5869A			{H5869A=עַ֫יִן=: eye»eye:1_eye}/H9026=Pp2m=your					
Ezk.9.11#12=Q(K)	כְּ/כֹ֖ל/ /אֲשֶׁ֥ר	ke./Khol/ /'a.Sher	according to/ all/ /that	H9004/{H3605}/ /{H0834A}	HR/Ncbsa//Tr	K= kha./'a.Sher (כַ/אֲשֶׁר) "just/ as" (H9004/H0834D=HR/Tr)	L= כְֹּ֖/אֲשֶׁ֥ר ¦ ;	H3605, H0834A_b	H0834D_B		H9004=כ=like/{H3605=כֹּל=all}/ /{H0834A=אֲשֶׁר=which}					
Ezk.12.14#04=Q(K)	עֶזְר֛/וֹ	ez.r/o	help/ his	{H5828}/H9023	HNcmsc/Sp3ms	K= ez.ro/h (עֶזְרֹ/ה) "help/ his" (H5828/H9023=HNcbsc/Sp3ms)	L= עֶזְרֹ֛/ה ¦ ;	H5828			{H5828=עֵ֫זֶר=helper}/H9023=Ps3m=his					
Ezk.14.4#32=Q(K)	בָ֖א	vah'	he came	{H0935G}	HVqrmsa	K= va/h (בָ/הּ) "with/ it" (H9003/H9034=HR/Sp3fs)	L= בָ֖/ה ¦ ;	H0935G_b	H9034		{H0935G=בּוֹא=: come»to come (in):1_come;_go_in}					
Ezk.14.14#07=Q(K)	דָּנִיֵּ֣אל	da.ni.'el	Daniel	{H1841H}	HNpm	K= da.ni.'el (דָּנִאֵל) "Daniel" (H1840G=HNpm)	L= דָּנִאֵ֣ל ¦ ;	H1841H	H1840G		{H1841H=דָּנִיֵּאל, דָּנִאֵל=Daniel»Daniel@Ezk.14.14-Mrk}					
Ezk.14.20#02=Q(K)	דָּנִיֵּ֣אל	da.ni.'el	Daniel	{H1841H}	HNpm	K= da.ni.'el (דָּנִאֵל) "Daniel" (H1840G=HNpm)	L= דָּנִאֵ֣ל ¦ ;	H1841H	H1840G		{H1841H=דָּנִיֵּאל, דָּנִאֵל=Daniel»Daniel@Ezk.14.14-Mrk}					
Ezk.16.13#05=Q(K)	שֵׁ֤שׁ	she.shi	[was] fine linen	{H8336B}	HNcmsa	K= she.shi (שֵׁשִׁי) "[was] fine linen" (H8336B=HNcbsa)	L= שֵׁ֤שׁי ¦ ;	H8336B			{H8336B=שֵׁשׁ=linen}					
Ezk.16.20#13=Q(K)	מִ/תַּזְנוּתָֽיִ/ךְ\׃	mi./taz.nu.te/kh	from/ prostitution<s>/ your	H9006/{H8457}/H9022\H9016	HR/Ncmpc/Sp2fs	K= mi./taz.nu.te/kh (מִ/תַּזְנֻתֵ/ךְ\׃) "from/ prostitution/ your" (H9006/H8457/H9022\H9016=HR/Ncbsc/Sp2fs)	L= מִ/תַּזְנּתִָֽ/ךְ\׃ ¦ ;	H8457			H9006=מ=from/{H8457=תַּזְנוּת=fornication}/H9022=Ps2f=your\H9016=׃=verseEnd					
Ezk.16.25#17=Q(K)	תַּזְנוּתָֽיִ/ךְ\׃	taz.nu.te/kh	prostitution<s>/ your	{H8457}/H9022\H9016	HNcmpc/Sp2fs	K= taz.nu.te/kh (תַּזְנֻתֵ/ךְ\׃) "prostitution/ your" (H8457/H9022\H9016=HNcfsc/Sp2fs)	L= תַּזְנּתִָֽ/ךְ\׃ ¦ ;	H8457			{H8457=תַּזְנוּת=fornication}/H9022=Ps2f=your\H9016=׃=verseEnd					
Ezk.16.51#12=Q(K)	אֲחוֹתַ֔יִ/ךְ	'a.cho.te/kh	sisters/ your	{H0269}/H9022	HNcfpc/Sp2fs	K= 'a.cho.te/kh (אֲחוֹתֵ/ךְ) "sister/ your" (H0269/H9022=HNcfsc/Sp2fs)	L= אֲחוֹתִַ֔/ךְ ¦ ;	H0269			{H0269=אָחוֹת=sister}/H9022=Ps2f=your					
Ezk.16.59#06=Q(K)	וְ/עָשִׂ֥יתִי	ve./'a.sit	and/ I will deal with	H9001/{H6213A}	Hc/Vqq1cs	K= ve./'a.sit (וְ/עָשִׂית) "and/ you will do" (H9001/H6213A=Hc/Vqq2fs)	L= וְ/עָשִׂ֥יתִ ¦ ;	H6213A_A			H9001=ו=&/{H6213A=עָשָׂה=: do»to make:2_do;_perform}					
Ezk.17.21#03=Q(K)	מִבְרָחָ֤י/ו	miv.ra.cho/v	fugitives/ his	{H4015}/H9023	HNcmpc/Sp3ms	K= miv.ra.cho/v (מִבְרָח/וֹ) "fugitive/ his" (H4015/H9023=HNcmsc/Sp3ms)	L= מִבְרָחָ֤/ו ¦ ;	H4015			{H4015=מִבְרָח=fugitive}/H9023=Ps3m=his					
Ezk.18.20#20=Q(K)	הָ/רָשָׁ֖ע	ha./ra.sha'	the/ wicked [person]	H9009/{H7563}	HTd/Ncmsa	K= ra.sha' (רָשָׁע) "a wicked [person]" (H7563=HNcbsa)	L= ָרָשָׁ֖ע ¦ ;	H7563			H9009=ה=the/{H7563=רָשָׁע=wicked}					
Ezk.18.21#05=Q(K)	חַטֹּאתָי/ו֙	cha.ta.to/v	sins/ his	{H2403B}/H9023	HNcfpc/Sp3ms	K= cha.ta.to/v (חַטָּאת/וֹ) "sin/ his" (H2403B/H9023=HNcfsc/Sp3ms)	L= חַטֹּאתָ/ו֙ ¦ ;	H2403B			{H2403B=חַטָּאת=: sin»sin:1_sin}/H9023=Ps3m=his					
Ezk.18.24#14=Q(K)	צִדְקֹתָ֤י/ו	tzid.ka.to/v	righteousness<es>/ his	{H6666}/H9023	HNcfpc/Sp3ms	K= tzid.ka.to/v (צִדְקָת/וֹ) "righteousness/ his" (H6666/H9023=HNcfsc/Sp3ms)	L= צִדְקֹתָ֤/ו ¦ ;	H6666_B			{H6666=צְדָקָה=righteousness}/H9023=Ps3m=his					
Ezk.22.18#07=Q(K)	לְ/סִ֑יג	le./sug	<into>/ dross	H9005/{H5509}	HR/Ncmsa	K= le./sug (לְ/סוּג) "<into>/ dross" (H9005/H5509=HR/Ncbsa)	L= לְ/סִ֑וג ¦ ;	H5509_A			H9005=ל=to/{H5509=סִיג=dross}					
Ezk.23.16#01=Q(K)	וַ/תַּעְגְּבָ֥/ה	va./ta'.gav/h	and/ she lusted/ !	H9001/{H5689}/H9012	Hc/Vqw3fs/Sh	K= va./ta'.gav (וַ/תַּעְגַּב) "and/ she lusted" (H9001/H5689=Hc/Vqw3fs)	L= וַ/תַּעְגְּבָ֥ ¦ ;	H5689			H9001=ו=&/{H5689=עָגַב=to lust}/H9012=ה=emph.					
Ezk.23.42#10=Q(K)	סָבָאִ֖ים	soa.'im	Sabeans	{H5436}	HNcmpa	K= soa.'im (סוֹבָאִים) "drunkards" (H5433B=HVqrmpa)	L= סָובָאִ֖ים ¦ ;	H5436	H5433B		{H5436=סְבָאִים=Sabean»Sheba@Gen.10.7-Jol}					
Ezk.23.43#04=Q(K)	עַתָּ֛ה	a.ta	now	{H6258}	HD	K= a.ta (עֵת) "time" (H6256=HNcbsc)	L= עַתָּ֛ ¦ ;	H6258	H6256		{H6258=עַתָּ֫ה=now}					
Ezk.23.43#05=Q(K)	יִזְנ֥וּ	yiz.nuh	they will act as a prostitutes	{H2181}	HVqi3mp	K= yiz.nuh (יִזְנֻה) "he will act as a prostitute" (H2181=HVqi3ms)	L= יִזְנ֥הּ ¦ ;	H2181			{H2181=זָנָה=to fornicate}					
Ezk.25.7#08=Q(K)	לְ/בַז֙	le./vag	as/ spoil	H9005/{H0957}	HR/Ncmsa	K= le./vag (לְ/בַג) "as/ spoil" (H9005/H0897=HR/Ncbsa)	L= לְ/בַג֙ ¦ ;	H0957	H0897		H9005=ל=to/{H0957=בַּז=plunder}					
Ezk.25.9#16=Q(K)	וְ/קִרְיָתָֽיְמָ/ה\׃	ve./kir.ya.te.ma/h	and/ Kiriathaim/ <towards>	H9002/{H7156G}/H9011\H9016	HC/Npl/Sd	K= ve./kir.ya.te.ma/h (וְ/קִרְיָתְמָ/ה\׃) "and/ Kiriathaim/ <towards>" (H9002/H7156G/H9024\H9016=HC/Npl/Sd)	L= וְ/קִרְיָתְָֽמָ/ה\׃ ¦ ;	H7156G			H9002=ו=and/{H7156G=קִרְיָתַ֫יִם=Kiriathaim»Kiriathaim@Gen.14.5-Amo}/H9011=ה=to\H9016=׃=verseEnd					
Ezk.27.3#03=Q(K)	הַ/יֹּשֶׁ֙בֶת֙	hai./yo.she.vo.tei	that/ sits	H9009/{H3427}	HTd/Vqrfsa	K= hai./yo.she.vo.tei (הַ/יֹּשַׁבְתִּי) "that/ sits" (H9009/H3427=HTd/Vqrfsc)	L= הַ/יֹּשֶׁ֙בֶת֙י ¦ ;	H3427			H9009=ה=the/{H3427=יָשַׁב=to dwell}					
Ezk.28.3#04=Q(K)	מִ/דָּֽנִיֵּ֑אל	mi./da.ni.'el	more than/ Daniel	H9006/{H1841H}	HR/Npm	K= mi./da.ni.'el (מִ/דָּנִאֵל) "more than/ Daniel" (H9006/H1840G=HR/Npm)	L= מִ/דָּֽנִאֵ֑ל ¦ ;	H1841H	H1840G		H9006=מ=from/{H1841H=דָּנִיֵּאל, דָּנִאֵל=Daniel»Daniel@Ezk.14.14-Mrk}					
Ezk.29.7#03=Q(K)	בַ/כַּף֙	va./kaf.kha	by the/ hand	H9003/{H3709G}	HRd/Ncfsa	K= va./kaf./kha (בַ/כַּפְ/ךָ) "by/ <the> hand/ your" (H9003/H3709G/H9021=HRd/Ncbsc/Sp2ms)	L= בַ/כַּפ֙/ך ¦ ;	H3709G			H9003=ב=in/{H3709G=כַּף=: palm»palm:1_palm;_hand}					
Ezk.31.5#11=Q(K)	פֹארֹתָ֛י/ו	fo.ro.to/v	branches/ its	{H6288A}/H9023	HNcfpc/Sp3ms	K= fo.ro.to/v (פֹארָת/וֹ) "branch/ its" (H6288A/H9023=HNcfsc/Sp3ms)	L= פֹארֹתָ֛/ו ¦ ;	H6288A			{H6288A=פֹּארָה=bough}/H9023=Ps3m=his					
Ezk.31.18#25=Q(K)	הֲמונ֔/וֹ	ha.mo.N/o	multitude/ his	{H1995A}/H9023	HNcmsc/Sp3ms	K= ha.mo.No/h (הֲמוֹנֹ֔/ה) "multitude/ his" (H1995A/H9023=HNcbsc/Sp3ms)	L= הֲמוֹנֹ֔/ה ¦ ;	H1995A			{H1995A=הָמוֹן=crowd}/H9023=Ps3m=his					
Ezk.32.31#07=Q(K)	הֲמוֹנ֑/וֹ	ha.mo.n/o	multitude/ his	{H1995A}/H9023	HNcmsc/Sp3ms	K= ha.mo.no/h (הֲמוֹנֹ/ה) "multitude/ his" (H1995A/H9023=HNcbsc/Sp3ms)	L= הֲמוֹנֹ֑/ה ¦ ;	H1995A			{H1995A=הָמוֹן=crowd}/H9023=Ps3m=his					
Ezk.32.32#04=Q(K)	חִתִּיתִ֖/י	chi.ti.t/i	terror/ my	{H2851}/H9020	HNcfsc/Sp1bs	K= chi.ti.to/v (חִתִּית/וֹ) "terror/ his" (H2851/H9023=HNcfsc/Sp3ms)	L= חִתִּיתִ֖/ו ¦ ;	H2851			{H2851=חִתִּית=terror}/H9020=Ps1c=my					
Ezk.32.32#15=Q(K)	הֲמונ֔/וֹ	ha.mo.N/o	multitude/ his	{H1995A}/H9023	HNcmsc/Sp3ms	K= ha.mo.No/h (הֲמוֹנֹ֔/ה) "multitude/ his" (H1995A/H9023=HNcbsc/Sp3ms)	L= הֲמוֹנֹ֔/ה ¦ ;	H1995A			{H1995A=הָמוֹן=crowd}/H9023=Ps3m=his					
Ezk.33.13#12=Q(K)	צִדְקֹתָי/ו֙	tzid.ka.to/v	righteousness<es>/ his	{H6666}/H9023	HNcfpc/Sp3ms	K= tzid.ka.to/v (צִדְקָת/וֹ) "righteousness/ his" (H6666/H9023=HNcfsc/Sp3ms)	L= צִדְקֹתָ/ו֙ ¦ ;	H6666_B			{H6666=צְדָקָה=righteousness}/H9023=Ps3m=his					
Ezk.33.16#02=Q(K)	חַטֹּאתָי/ו֙	cha.ta.to/v	sins/ his	{H2403B}/H9023	HNcfpc/Sp3ms	K= cha.ta.to/v (חַטָּאת/וֹ) "sin/ his" (H2403B/H9023=HNcfsc/Sp3ms)	L= חַטֹּאתָ/ו֙ ¦ ;	H2403B			{H2403B=חַטָּאת=: sin»sin:1_sin}/H9023=Ps3m=his					
Ezk.35.9#06=Q(K)	תָשֹׁ֑בְנָה	tei.shav.nah	they will return	{H7725G}	HVqi2fp	K= tei.shav.nah (תֵישַׁבְנָה) "they will dwell" (H3427=HVqi2fp)	L= תָישֹׁ֑בְנָה ¦ ;	H7725G	H3427		{H7725G=שׁוּב=: return»to return:1_return}					
Ezk.35.12#15=Q(K)	שָׁמֵ֑מוּ	sha.Me.mu	they have been desolated	{H8074G}	HVqp3cp	K= sha.Me.mah (שָׁמֵמָה) "it has been desolated" (H8074G=HVqp3fs)	L= שָׁמֵ֑מֻה ¦ ;	H8074G	, H8077A		{H8074G=שָׁמֵם=: destroyed»be desolate:1_destroyed;_deserted}					
Ezk.36.13#10=Q(K)	אָ֑תְּ	'a.ti	you	{H0859C}	HPp2fs	K= 'a.ti (אָתִּי) "you" (H0859B=HPp2fs)	L= אָ֑תְּי ¦ ;	H0859C	H0859B		{H0859C=אַתְּ=you(f.s.)}					
Ezk.36.13#12=Q(K)	גּוֹיַ֖יִ/ךְ	go.ye/kh	nations/ your	{H1471A}/H9022	HNcmpc/Sp2fs	K= go.ye/kh (גּוֹיֵ/ךְ) "nation/ your" (H1471A/H9022=HNcmsc/Sp2fs)	L= גּוֹיִַ֖/ךְ ¦ ;	H1471A			{H1471A=גּוֹי=nation}/H9022=Ps2f=your					
Ezk.36.14#06=Q(K)	וְ/גוֹיַ֖יִ/ךְ	ve./go.ye/kh	and/ nations/ your	H9002/{H1471A}/H9022	HC/Ncmpc/Sp2fs	K= ve./go.ye/kh (וְ/גוֹיֵ/ךְ) "and/ nation/ your" (H9002/H1471A/H9022=HC/Ncmsc/Sp2fs)	L= וְ/גוֹיִַ֖/ךְ ¦ ;	H1471A			H9002=ו=and/{H1471A=גּוֹי=nation}/H9022=Ps2f=your					
Ezk.36.14#08=Q(K)	תְשַׁכְּלִי	te.kha.she.li-	you will bereave	{H7921A}	HVpi2fs	K= te.kha.she.li- (תְכַשְּׁלִי) "you will make stumble" (H3782=HVpi2fs)	L= תְכַשְּׁלִי\־ ¦ ;	H7921A	H3782		{H7921A=שָׁכֹל=be bereaved}					
Ezk.36.15#12=Q(K)	וְ/גוֹיַ֙יִ/ךְ֙	ve./go.ye/kh	and/ nations/ your	H9002/{H1471A}/H9022	HC/Ncmpc/Sp2fs	K= ve./go.ye/kh (וְ/גוֹיֵ/ךְ) "and/ nation/ your" (H9002/H1471A/H9022=HC/Ncmsc/Sp2fs)	L= וְ/גוֹיִַ֙/ךְ֙ ¦ ;	H1471A_B			H9002=ו=and/{H1471A=גּוֹי=nation}/H9022=Ps2f=your					
Ezk.37.16#13=Q(K)	חֲבֵרָ֑י/ו	cha.ve.ro/v	associates/ its	{H2270}/H9023	HNcmpc/Sp3ms	K= cha.ve.ro/v (חֲבֵר/וֹ) "associate/ its" (H2270/H9023=HNcmsc/Sp3ms)	L= חֲבֵרָ֑/ו ¦ ;	H2270_A			{H2270=חָבֵר=companion}/H9023=Ps3m=his					
Ezk.37.16#25=Q(K)	חֲבֵרָֽי/ו\׃	cha.ve.ro/v	associates/ its	{H2270}/H9023\H9016	HNcmpc/Sp3ms	K= cha.ve.ro/v (חֲבֵר/וֹ\׃) "associate/ its" (H2270/H9023\H9016=HNcmsc/Sp3ms)	L= חֲבֵרָֽ/ו\׃ ¦ ;	H2270_B			{H2270=חָבֵר=companion}/H9023=Ps3m=his\H9016=׃=verseEnd					
Ezk.37.19#18=Q(K)	חֲבֵרָ֑י/ו	chev.ro/v	associates/ its	{H2270}/H9023	HNcmpc/Sp3ms	K= chev.ro/v (חֲבֵר/וֹ) "associate/ its" (H2270/H9023=HNcmsc/Sp3ms)	L= חֲבֵרָ֑/ו ¦ ;	H2270			{H2270=חָבֵר=companion}/H9023=Ps3m=his					
Ezk.37.22#14=Q(K)	יִֽהְיוּ	yih.yeh-	they will become	{H1961}	HVqi3mp	K= yih.yeh- (יִהְיֶה) "it will become" (H1961=HVqi3ms)	L= יִֽהְיֻה\־ ¦ ;	H1961_B			{H1961=הָיָה=to be}					
Ezk.39.11#24=Q(K)	הֲמוֹנ֔/וֹ	ha.mo.N/o	multitude/ his	{H1995A}/H9023	HNcmsc/Sp3ms	K= ha.mo.No/h (הֲמוֹנֹ֔/ה) "multitude/ his" (H1995A/H9023=HNcbsc/Sp3ms)	L= הֲמוֹנֹ֔/ה ¦ ;	H1995A			{H1995A=הָמוֹן=crowd}/H9023=Ps3m=his					
Ezk.40.6#09=Q(K)	בְּ/מַֽעֲלוֹתָ֑י/ו	be./ma.'a.lo.to/v	on/ steps/ its	H9003/{H4609B}/H9023	HR/Ncfpc/Sp3ms	K= be./ma.'a.lo.to/v (בְּ/מַעֲלוֹת/וֹ) "on/ step/ its" (H9003/H4609B/H9023=HR/Ncfsc/Sp3ms)	L= בְּ/מַֽעֲלוֹתָ֑/ו ¦ ;	H4609B			H9003=ב=in/{H4609B=מַעֲלָה=step}/H9023=Ps3m=his					
Ezk.40.9#07=Q(K)	וְ/אֵילָ֖י/ו	ve./'ei.lo/v	and/ pillars/ its	H9002/{H0352B}/H9023	HC/Ncmpc/Sp3ms	K= ve./'ei.lo/v (וְ/אֵיל/וֹ) "and/ pillar/ its" (H9002/H0352B/H9023=HC/Ncmsc/Sp3ms)	L= וְ/אֵילָ֖/ו ¦ ;	H0352B			H9002=ו=and/{H0352B=אַ֫יִל=pillar}/H9023=Ps3m=his					
Ezk.40.15#04=Q(K)	הָֽ/אִית֔וֹן	hai./yo.ton	the/ entrance	H9009/{H2978}	HTd/Ncmsa	K= hai./yo.ton (הַ/יֹּאתוֹן) "the/ entrance" (H9009/H2978=HTd/Ncbsa)	L= הָֽ/יאִת֔וֹן ¦ ;	H2978			H9009=ה=the/{H2978=אִיתוֹן=entrance}					
Ezk.40.21#01=Q(K)	וְ/תָאָ֗י/ו	ve./ta.'o/v	and/ chambers/ its	H9002/{H8372}/H9023	HC/Ncmpc/Sp3ms	K= ve./ta.'o/v (וְ/תָא/וֹ) "and/ chamber/ its" (H9002/H8372/H9023=HC/Ncmsc/Sp3ms)	L= וְ/תָאָ֗/ו ¦ ;	H8372			H9002=ו=and/{H8372=תָּא=chamber}/H9023=Ps3m=his					
Ezk.40.21#06=Q(K)	וְ/אֵילָ֤י/ו	ve./'ei.lo/v	and/ pillars/ its	H9002/{H0352B}/H9023	HC/Ncmpc/Sp3ms	K= ve./'ei.lo/v (וְ/אֵיל/וֹ) "and/ pillar/ its" (H9002/H0352B/H9023=HC/Ncmsc/Sp3ms)	L= וְ/אֵילָ֤/ו ¦ ;	H0352B			H9002=ו=and/{H0352B=אַ֫יִל=pillar}/H9023=Ps3m=his					
Ezk.40.21#07=Q(K)	וְ/אֵֽלַמָּי/ו֙	ve./'e.la.mo/v	and/ porches/ its	H9002/{H0361}/H9023	HC/Ncmpc/Sp3ms	K= ve./'e.la.mo/v (וְ/אֵלַמּ/וֹ) "and/ porch/ its" (H9002/H0361/H9023=HC/Ncmsc/Sp3ms)	L= וְ/אֵֽלַמָּ/ו֙ ¦ ;	H0361			H9002=ו=and/{H0361=אֵילָם=arches}/H9023=Ps3m=his					
Ezk.40.22#01=Q(K)	וְ/חַלּוֹנָ֤י/ו	ve./cha.lo.no/v	and/ windows/ its	H9002/{H2474}/H9023	HC/Ncmpc/Sp3ms	K= ve./cha.lo.no/v (וְ/חַלּוֹנ/וֹ) "and/ window/ its" (H9002/H2474/H9023=HC/Ncmsc/Sp3ms)	L= וְ/חַלּוֹנָ֤/ו ¦ ;	H2474			H9002=ו=and/{H2474=חַלּוֹן=window}/H9023=Ps3m=his					
Ezk.40.22#02=Q(K)	וְ/אֵֽלַמָּי/ו֙	ve./'e.la.mo/v	and/ porches/ its	H9002/{H0361}/H9023	HC/Ncmpc/Sp3ms	K= ve./'e.la.mo/v (וְ/אֵלַמּ/וֹ) "and/ porch/ its" (H9002/H0361/H9023=HC/Ncmsc/Sp3ms)	L= וְ/אֵֽלַמָּ/ו֙ ¦ ;	H0361_A			H9002=ו=and/{H0361=אֵילָם=arches}/H9023=Ps3m=his					
Ezk.40.22#03=Q(K)	וְ/תִ֣מֹרָ֔י/ו	ve./ti.mo.ro/v	and/ palm trees/ its	H9002/{H8561}/H9023	HC/Ncmpc/Sp3ms	K= ve./ti.mo.ro/v (וְ/תִמֹר/וֹ) "and/ palm tree/ its" (H9002/H8561/H9023=HC/Ncmsc/Sp3ms)	L= וְ/תִ֣מֹרָ֔/ו ¦ ;	H8561			H9002=ו=and/{H8561=תִּמֹרָה=palm}/H9023=Ps3m=his					
Ezk.40.22#14=Q(K)	וְ/אֵֽילַמָּ֖י/ו	ve./'ei.la.mo/v	and/ porches/ its	H9002/{H0361}/H9023	HC/Ncmpc/Sp3ms	K= ve./'ei.la.mo/v (וְ/אֵילַמּ/וֹ) "and/ porch/ its" (H9002/H0361/H9023=HC/Ncmsc/Sp3ms)	L= וְ/אֵֽילַמָּ֖/ו ¦ ;	H0361_B			H9002=ו=and/{H0361=אֵילָם=arches}/H9023=Ps3m=his					
Ezk.40.24#09=Q(K)	אֵילָי/ו֙	'ei.lo/v	pillars/ its	{H0352B}/H9023	HNcmpc/Sp3ms	K= 'ei.lo/v (אֵיל/וֹ) "pillar/ its" (H0352B/H9023=HNcmsc/Sp3ms)	L= אֵילָ/ו֙ ¦ ;	H0352B			{H0352B=אַ֫יִל=pillar}/H9023=Ps3m=his					
Ezk.40.24#10=Q(K)	וְ/אֵ֣ילַמָּ֔י/ו	ve./'ei.la.mo/v	and/ porches/ its	H9002/{H0361}/H9023	HC/Ncmpc/Sp3ms	K= ve./'ei.la.mo/v (וְ/אֵילַמּ/וֹ) "and/ porch/ its" (H9002/H0361/H9023=HC/Ncmsc/Sp3ms)	L= וְ/אֵ֣ילַמָּ֔/ו ¦ ;	H0361			H9002=ו=and/{H0361=אֵילָם=arches}/H9023=Ps3m=his					
Ezk.40.25#03=Q(K)	וּ/לְ/אֵֽילַמָּי/ו֙	u./le./'ei.la.mo/v	and/ to/ porches/ its	H9002/H9005/{H0361}/H9023	HC/R/Ncmpc/Sp3ms	K= u./le./'ei.la.mo/v (וּ/לְ/אֵילַמּ/וֹ) "and/ to/ porch/ its" (H9002/H9005/H0361/H9023=HC/R/Ncmsc/Sp3ms)	L= וּ/לְ/אֵֽילַמָּ/ו֙ ¦ ;	H0361			H9002=ו=and/H9005=ל=to/{H0361=אֵילָם=arches}/H9023=Ps3m=his					
Ezk.40.26#03=Q(K)	עֹֽלוֹתָ֔י/ו	o.lo.to/v	stairways/ its	{H5930B}/H9023	HVqrfpc/Sp3ms	K= o.lo.to/v (עֹלוֹת/וֹ) "stairway/ its" (H5930B/H9023=HVqrfsc/Sp3ms)	L= עֹֽלוֹתָ֔/ו ¦ ;	H5930B			{H5930B=עֹלָה=ascent}/H9023=Ps3m=his					
Ezk.40.26#04=Q(K)	וְ/אֵֽלַמָּ֖י/ו	ve./'e.la.mo/v	and/ porches/ its	H9002/{H0361}/H9023	HC/Ncmpc/Sp3ms	K= ve./'e.la.mo/v (וְ/אֵלַמּ/וֹ) "and/ porch/ its" (H9002/H0361/H9023=HC/Ncmsc/Sp3ms)	L= וְ/אֵֽלַמָּ֖/ו ¦ ;	H0361			H9002=ו=and/{H0361=אֵילָם=arches}/H9023=Ps3m=his					
Ezk.40.26#13=Q(K)	אֵילָֽי/ו\׃	'ei.lo/v	pillars/ its	{H0352B}/H9023\H9016	HNcmpc/Sp3ms	K= 'ei.lo/v (אֵיל/וֹ\׃) "pillar/ its" (H0352B/H9023\H9016=HNcmsc/Sp3ms)	L= אֵילָֽ/ו\׃ ¦ ;	H0352B			{H0352B=אַ֫יִל=pillar}/H9023=Ps3m=his\H9016=׃=verseEnd					
Ezk.40.29#01=Q(K)	וְ/תָאָ֞י/ו	ve./ta.'o/v	and/ chambers/ its	H9002/{H8372}/H9023	HC/Ncmpc/Sp3ms	K= ve./ta.'o/v (וְ/תָא/וֹ) "and/ chamber/ its" (H9002/H8372/H9023=HC/Ncmsc/Sp3ms)	L= וְ/תָאָ֞/ו ¦ ;	H8372			H9002=ו=and/{H8372=תָּא=chamber}/H9023=Ps3m=his					
Ezk.40.29#02=Q(K)	וְ/אֵילָ֤י/ו	ve./'ei.lo/v	and/ pillars/ its	H9002/{H0352B}/H9023	HC/Ncmpc/Sp3ms	K= ve./'ei.lo/v (וְ/אֵיל/וֹ) "and/ pillar/ its" (H9002/H0352B/H9023=HC/Ncmsc/Sp3ms)	L= וְ/אֵילָ֤/ו ¦ ;	H0352B			H9002=ו=and/{H0352B=אַ֫יִל=pillar}/H9023=Ps3m=his					
Ezk.40.29#03=Q(K)	וְ/אֵֽלַמָּי/ו֙	ve./'e.la.mo/v	and/ porches/ its	H9002/{H0361}/H9023	HC/Ncmpc/Sp3ms	K= ve./'e.la.mo/v (וְ/אֵלַמּ/וֹ) "and/ porch/ its" (H9002/H0361/H9023=HC/Ncmsc/Sp3ms)	L= וְ/אֵֽלַמָּ/ו֙ ¦ ;	H0361_A			H9002=ו=and/{H0361=אֵילָם=arches}/H9023=Ps3m=his					
Ezk.40.29#08=Q(K)	וּ/לְ/אֵלַמָּ֖י/ו	u./le./'e.la.mo/v	and/ to/ porches/ its	H9002/H9005/{H0361}/H9023	HC/R/Ncmpc/Sp3ms	K= u./le./'e.la.mo/v (וּ/לְ/אֵלַמּ/וֹ) "and/ to/ porch/ its" (H9002/H9005/H0361/H9023=HC/R/Ncmsc/Sp3ms)	L= וּ/לְ/אֵלַמָּ֖/ו ¦ ;	H0361_B			H9002=ו=and/H9005=ל=to/{H0361=אֵילָם=arches}/H9023=Ps3m=his					
Ezk.40.31#01=Q(K)	וְ/אֵלַמָּ֗י/ו	ve./'e.la.Ma/v	and/ porches/ its	H9002/{H0361}/H9023	HC/Ncmpc/Sp3ms	K= ve./'e.la.Ma/v (וְ/אֵלַמּ/וֹ) "and/ porch/ its" (H9002/H0361/H9023=HC/Ncmsc/Sp3ms)	L= וְ/אֵלַמָּ֗/ו ¦ ;	H0361			H9002=ו=and/{H0361=אֵילָם=arches}/H9023=Ps3m=his					
Ezk.40.31#07=Q(K)	אֵילָ֑י/ו	'ei.lo/v	pillars/ its	{H0352B}/H9023	HNcmpc/Sp3ms	K= 'ei.lo/v (אֵיל/וֹ) "pillar/ its" (H0352B/H9023=HNcmsc/Sp3ms)	L= אֵיל/וֹ ¦ ;	H0352B			{H0352B=אַ֫יִל=pillar}/H9023=Ps3m=his					
Ezk.40.31#10=Q(K)	מַעֲלָֽי/ו\׃	ma.'a.lo/v	ascents/ its	{H4608}/H9023\H9016	HNcmpc/Sp3ms	K= ma.'a.lo/v (מַעֲל/וֹ\׃) "ascent/ its" (H4608/H9023\H9016=HNcmsc/Sp3ms)	L= מַעֲל/וֹ\׃ ¦ ;	H4608			{H4608=מַעֲלֶה=ascent}/H9023=Ps3m=his\H9016=׃=verseEnd					
Ezk.40.33#01=Q(K)	וְ/תָאָ֞י/ו	ve./ta.'o/v	and/ chambers/ its	H9002/{H8372}/H9023	HC/Ncmpc/Sp3ms	K= ve./ta.'o/v (וְ/תָא/וֹ) "and/ chamber/ its" (H9002/H8372/H9023=HC/Ncmsc/Sp3ms)	L= וְ/תָאָ֞/ו ¦ ;	H8372			H9002=ו=and/{H8372=תָּא=chamber}/H9023=Ps3m=his					
Ezk.40.33#02=Q(K)	וְ/אֵלָ֤י/ו	ve./'e.lo/v	and/ pillars/ its	H9002/{H0352B}/H9023	HC/Ncmpc/Sp3ms	K= ve./'e.lo/v (וְ/אֵל/וֹ) "and/ pillar/ its" (H9002/H0352B/H9023=HC/Ncmsc/Sp3ms)	L= וְ/אֵלָ֤/ו ¦ ;	H0352B			H9002=ו=and/{H0352B=אַ֫יִל=pillar}/H9023=Ps3m=his					
Ezk.40.33#03=Q(K)	וְ/אֵֽלַמָּי/ו֙	ve./'e.la.mo/v	and/ porches/ its	H9002/{H0361}/H9023	HC/Ncmpc/Sp3ms	K= ve./'e.la.mo/v (וְ/אֵלַמּ/וֹ) "and/ porch/ its" (H9002/H0361/H9023=HC/Ncmsc/Sp3ms)	L= וְ/אֵֽלַמָּ/ו֙ ¦ ;	H0361_A			H9002=ו=and/{H0361=אֵילָם=arches}/H9023=Ps3m=his					
Ezk.40.33#08=Q(K)	וּ/לְ/אֵלַמָּ֖י/ו	u./le./'e.la.mo/v	and/ to/ porches/ its	H9002/H9005/{H0361}/H9023	HC/R/Ncmpc/Sp3ms	K= u./le./'e.la.mo/v (וּ/לְ/אֵלַמּ/וֹ) "and/ to/ porch/ its" (H9002/H9005/H0361/H9023=HC/R/Ncmsc/Sp3ms)	L= וּ/לְ/אֵלַמָּ֖/ו ¦ ;	H0361_B			H9002=ו=and/H9005=ל=to/{H0361=אֵילָם=arches}/H9023=Ps3m=his					
Ezk.40.34#01=Q(K)	וְ/אֵלַמָּ֗י/ו	ve./'e.la.mo/v	and/ porches/ its	H9002/{H0361}/H9023	HC/Ncmpc/Sp3ms	K= ve./'e.la.mo/v (וְ/אֵלַמּ/וֹ) "and/ porch/ its" (H9002/H0361/H9023=HC/Ncmsc/Sp3ms)	L= וְ/אֵלַמָּ֗/ו ¦ ;	H0361			H9002=ו=and/{H0361=אֵילָם=arches}/H9023=Ps3m=his					
Ezk.40.34#06=Q(K)	אֵלָ֖י/ו	'e.lo/v	pillars/ its	{H0352B}/H9023	HNcmpc/Sp3ms	K= 'e.lo/v (אֵל/וֹ) "to/ it" (H0413/H9033=HRd/Sp3ms)	L= אֵלָ֖/ו ¦ ;	H0352B	H0413_b		{H0352B=אַ֫יִל=pillar}/H9023=Ps3m=his					
Ezk.40.34#11=Q(K)	מַעֲלָֽי/ו\׃	ma.'a.lo/v	ascents/ its	{H4608}/H9023\H9016	HNcmpc/Sp3ms	K= ma.'a.lo/v (מַעֲל/וֹ\׃) "ascent/ its" (H4608/H9023\H9016=HNcmsc/Sp3ms)	L= מַעֲלָֽ/ו\׃ ¦ ;	H4608			{H4608=מַעֲלֶה=ascent}/H9023=Ps3m=his\H9016=׃=verseEnd					
Ezk.40.36#01=Q(K)	תָּאָי/ו֙	ta.'o/v	chambers/ its	{H8372}/H9023	HNcmpc/Sp3ms	K= ta.'o/v (תָּא/וֹ) "chamber/ its" (H8372/H9023=HNcmsc/Sp3ms)	L= תָּאָ/ו֙ ¦ ;	H8372			{H8372=תָּא=chamber}/H9023=Ps3m=his					
Ezk.40.36#02=Q(K)	אֵלָ֣י/ו	'e.lo/v	pillars/ its	{H0352B}/H9023	HNcmpc/Sp3ms	K= 'e.lo/v (אֵל/וֹ) "to/ it" (H0413/H9033=HRd/Sp3ms)	L= אֵלָ֣/ו ¦ ;	H0352B	H0413		{H0352B=אַ֫יִל=pillar}/H9023=Ps3m=his					
Ezk.40.36#03=Q(K)	וְ/אֵֽלַמָּ֔י/ו	ve./'e.la.mo/v	and/ porches/ its	H9002/{H0361}/H9023	HC/Ncmpc/Sp3ms	K= ve./'e.la.mo/v (וְ/אֵלַמּ/וֹ) "and/ porch/ its" (H9002/H0361/H9023=HC/Ncmsc/Sp3ms)	L= וְ/אֵֽלַמָּ֔/ו ¦ ;	H0361			H9002=ו=and/{H0361=אֵילָם=arches}/H9023=Ps3m=his					
Ezk.40.37#01=Q(K)	וְ/אֵילָ֗י/ו	ve./'ei.lo/v	and/ pillars/ its	H9002/{H0352B}/H9023	HC/Ncmpc/Sp3ms	K= ve./'ei.lo/v (וְ/אֵיל/וֹ) "and/ pillar/ its" (H9002/H0352B/H9023=HC/Ncmsc/Sp3ms)	L= וְ/אֵילָ֗/ו ¦ ;	H0352B_A			H9002=ו=and/{H0352B=אַ֫יִל=pillar}/H9023=Ps3m=his					
Ezk.40.37#06=Q(K)	אֵילָ֖י/ו	'ei.lo/v	pillars/ its	{H0352B}/H9023	HNcmpc/Sp3ms	K= 'ei.lo/v (אֵיל/וֹ) "pillar/ its" (H0352B/H9023=HNcmsc/Sp3ms)	L= אֵילָ֖/ו ¦ ;	H0352B_B			{H0352B=אַ֫יִל=pillar}/H9023=Ps3m=his					
Ezk.40.37#11=Q(K)	מַעֲלָֽי/ו\׃	ma.'a.lo/v	ascents/ its	{H4608}/H9023\H9016	HNcmpc/Sp3ms	K= ma.'a.lo/v (מַעֲל/וֹ\׃) "ascent/ its" (H4608/H9023\H9016=HNcmsc/Sp3ms)	L= מַעֲלָֽ/ו\׃ ¦ ;	H4608			{H4608=מַעֲלֶה=ascent}/H9023=Ps3m=his\H9016=׃=verseEnd					
Ezk.41.8#06=Q(K)	מוּסְד֤וֹת	me.yu.se.dot	[the] foundations of	{H4145}	HVprfpc	K= me.yu.se.dot (מְיֻסְּדוֹת) "[the] foundations of" (H4328=HNcfpc)	L= מיּסְד֤וֹת ¦ ;	H4145	H4328		{H4145=מוּסָדָה=appointment}					
Ezk.41.15#10=Q(K)	וְ/אַתִּיקֶ֛י/הָא	ve./'a.tu.kei./ha'	and/ galleries/ its	H9002/{H0862B}/H9024	HC/Ncmpc/Sp3fs	K= ve./'a.tu.kei./ha' (וְ/אַתּוּקֵי/הָא) "and/ galleries/ its" (H9002/H0862A/H9024=HC/Ncmpc/Sp3fs)	L= וְ/אַתִּוקֶ֛י/הָא ¦ ;	H0862B	H0862A		H9002=ו=and/{H0862B=אַתִּיק=gallery}/H9024=Ps3f=her					
Ezk.42.9#01=Q(K)	וּ/מִ/תַּ֖חַת	u./mi./ta.cha.tah	and/ [was] from/ under	H9002/H9006/{H8478G}	HC/R/Ncmsc	K= u./mi./ta.cha.ta/h (וּ/מִ/תַּחֲתָ/ה) "and/ [was] from/ under/ it" (H9002/H9006/H8478G/H9034=HC/R/Ncbsc/Sp3fs)	L= וּ/מִ/תַּ֖חַת/ה ¦ ;	H8478G			H9002=ו=and/H9006=מ=from/{H8478G=תַּחַת=: under»underneath:1_under;_below}					
Ezk.42.9#02=Q(K)	הַ/לְּשָׁכ֣וֹת	ha./le.sha.khot	the/ rooms	H9009/{H3957}	HTd/Ncfpa	K= le.sha.khot (לְּשָׁכוֹת) "rooms" (H3957=HNcfpa)	L= ַלְּשָׁכ֣וֹת ¦ ;	H3957			H9009=ה=the/{H3957=לִשְׁכָּה=chamber}					
Ezk.42.9#04=Q(K)	הַ/מֵּבִיא֙	ha./ma.Vo'	the/ [one] bringing	H9009/{H0935G}	HTd/Vhrmsa	K= ha./ma.Vo' (הַ/מָּבוֹא) "the/ entrance" (H9009/H3996=HTd/Ncbsa)	L= הַ/מֵּבִוא֙ ¦ ;	H0935G_a	H3996		H9009=ה=the/{H0935G=בּוֹא=: come»to come (in):1_come;_go_in}					
Ezk.42.14#18=Q(K)	וְ/לָבְשׁוּ֙	ve./yil.be.shu	and/ they will put on	H9001/{H3847}	Hc/Vqq3cp	K= yil.be.shu (יִלְבְּשׁוּ) "they will put on" (H3847=HVqi3mp)	L= ילבשו ¦ ;	H3847			H9001=ו=&/{H3847=לָבֵשׁ=to clothe}					
Ezk.42.16#07=Q(K)	מֵא֥וֹת	e.mot	hundred<s>	{H3967}	HAcfpc	K= 'e.mot (אַמּוֹת) "cubits" (H0520A=HNcfpa)	L= אֵמ֥וֹת ¦ ;	H3967	H0520A		{H3967=מֵאָה=hundred}					
Ezk.43.11#12=Q(K)	צֽוּרֹתָ֡י/ו	tzu.ro.Ta/v	designs/ its	{H6699}/H9023	HNcfpc/Sp3ms	K= tzu.ro.Ta/v (צוּרָת/וֹ) "design/ its" (H6699/H9023=HNcfsc/Sp3ms)	L= צֽוּרֹתָ֡/ו ¦ ;	H6699_B			{H6699=צוּרָה=design}/H9023=Ps3m=his					
Ezk.43.11#17=Q(K)	צ֨וּרֹתָ֤י/ו	tzu.ro.tai/v	designs/ its	{H6699}/H9023	HNcfpc/Sp3ms	K= tzu.ro.ta/i (צוֹרָתִ/י) "designs/ my" (H6699/H9020=HNcfpc/Sp1bs)	L= צ֨וּרֹתָ֤/י ¦ ;	H6699_C			{H6699=צוּרָה=design}/H9023=Ps3m=his					
Ezk.43.11#19=Q(K)	תּוֹרֹתָי/ו֙	to.ro.to/v	laws/ its	{H8451}/H9023	HNcfpc/Sp3ms	K= to.ro.to/v (תּוֹרֹת/וֹ) "law/ its" (H8451/H9023=HNcfsc/Sp3ms)	L= תּוֹרֹת/וֹ ¦ ;	H8451			{H8451=תּוֹרָה=instruction}/H9023=Ps3m=his					
Ezk.43.15#04=Q(K)	וּ/מֵ/הָ/אֲרִיאֵ֣ל	u./me./ha./'a.ri.'el	and/ [are] from/ the/ altar hearth	H9002/H9006/H9009/{H0741}	HC/R/Td/Ncmsa	K= u./me./ha./'a.ri.'eil (וּ/מֵ/הָ/אֲרִאֵ֣יל) "and/ [are] from/ the/ altar hearth" (H9002/H9006/H9009/H0741=HC/R/Td/Ncbsa)	L= וּ/מֵ/הָ/אֲרִאֵ֣יל ¦ ;	H0741_B			H9002=ו=and/H9006=מ=from/H9009=ה=the/{H0741=אֲרִאֵיל=altar}					
Ezk.43.16#01=Q(K)	וְ/הָ/אֲרִיאֵ֗ל	ve./ha./'a.ri.'eil	and/ the/ altar hearth	H9002/H9009/{H0741}	HC/Td/Ncmsa	K= ve./ha./'a.ri.'eil (וְ/הָ/אֲרִאֵיל) "and/ the/ altar hearth" (H9002/H9009/H0741=HC/Td/Ncbsa)	L= וְ/הָ/אֲרִאיֵ֗ל ¦ ;	H0741			H9002=ו=and/H9009=ה=the/{H0741=אֲרִאֵיל=altar}					
Ezk.43.26#09=Q(K)	יָדָֽי/ו\׃	ya.do/v	hands/ its	{H3027R}/H9023\H9016	HNcbdc/Sp3ms	K= ya.do/v (יָד/וֹ\׃) "hand/ its" (H3027R/H9023\H9016=HNcbsc/Sp3ms)	L= יָדָֽ/ו\׃ ¦ ;	H3027R			{H3027R=יָד=: donate»hand:12_donate;_ordain;_(fill)hand}/H9023=Ps3m=his\H9016=׃=verseEnd					
Ezk.44.3#07=Q(K)	לֶ/אֱכָל	le./'e.khol-	to/ eat	H9005/{H0398}	HR/Vqcc	K= le./'e.khol- (לֶ/אֱכוֹל\־) "to/ eat" (H9005/H0398\H9014=HR/Vqcc)	L= לֶ/אֱכָול\־ ¦ ;	H0398			H9005=ל=to/{H0398=אָכַל=to eat}					
Ezk.44.5#23=Q(K)	תּֽוֹרֹתָ֑י/ו	to.ro.to/v	laws/ its	{H8451}/H9023	HNcfpc/Sp3ms	K= to.ro.to/v (תּוֹרֹת/וֹ) "law/ its" (H8451/H9023=HNcfsc/Sp3ms)	L= תּֽוֹרֹתָ֑/ו ¦ ;	H8451			{H8451=תּוֹרָה=instruction}/H9023=Ps3m=his					
Ezk.44.24#05=Q(K)	לְ/מִשְׁפָּ֔ט	li/sh.pot	for/ judgment	H9005/{H4941G}	HR/Ncmsa	K= li/sh.pot (לִ/שְׁפֹּט) "to/ judge" (H9005/H8199=HR/Vqcc)	L= לְִ/שְׁפָּ֔ט ¦ ;	H4941G_a	H8199_a		H9005=ל=to/{H4941G=מִשְׁפָּט=: judgement»justice:1_judgement;_punishment}					
Ezk.44.24#07=Q(K)	יִשְׁפְּט֑וּ/הוּ	yish.fe.tu./hu	they will judge/ it	{H8199}/H9033	HVqi3mp/Sp3ms	K= u./sha.fe.tu./hu (וְ/שָׁפְטֻ/הוּ) "and/ they will judge/ it" (H9001/H8199/H9033=Hc/Vqq3cp/Sp3ms)	L= וִ/שְׁפְּטֻ֑/הוּ ¦ ;	H8199_B			{H8199=שָׁפַט=to judge}/H9033=Os3m=him					
Ezk.45.3#06=Q(K)	חֲמִשָּׁ֤ה	cha.mesh	five	{H2568}	HAcbsa	K= cha.mesh (חֲמֵשׁ) "five" (H2568=HAcbsc)	L= חֲמִשָּׁ֤ ¦ ;	H2568			{H2568=חָמֵשׁ=five}					
Ezk.45.5#08=Q(K)	וְֽ/הָיָ֡ה	Ve./ha.yah	and/ it will belong	H9001/{H1961}	Hc/Vqq3ms	K= yih.yeh (יִהְיֶה) "it will belong" (H1961=HVqi3ms)	L= יְֽהָיָ֡ה ¦ ;	H1961			H9001=ו=&/{H1961=הָיָה=to be}					
Ezk.46.9#33=Q(K)	יֵצֵֽא\׃	ye.tze.'u'	he will go out	{H3318G}\H9016	HVqi3ms	K= ye.tze.'u (יֵצְאוּ\׃) "they will go out" (H3318G\H9016=HVqi3mp)	L= יֵצֵֽאו\׃ ¦ ;	H3318G_C			{H3318G=יָצָא=: come»to come out:1_come;_go_out;_escape}\H9016=׃=verseEnd					
Ezk.46.15#01=Q(K)	יַעֲשׂ֨וּ	va.'a.su	they will offer	{H6213I}	HVqi3mp	K= va./'a.su (וְ/עָשׂוּ) "and/ they will offer" (H9001/H6213I=Hc/Vqq3cp)	L= וַ/עֲשׂ֨וּ ¦ ;	H6213I			{H6213I=עָשָׂה=: offer»to make:3_offer;_give;_get(IND.OBJ.)}					
Ezk.46.19#17=Q(K)	בַּ/יַּרְכָתַ֖יִם	ba/i.yar.kho.tim	in the/ remotest parts	H9003/{H3411}	HRd/Ncfda	K= ba/i.yar.kho.ti/m (בַּ/יַּרְכֹתִ/ם) "in/ <the> remotest part/ their" (H9003/H3411/H9028=HR/Ncfsc/Sp3mp)	L= בַּ/יַּרְכָתִַ֖/ם ¦ ;	H3411			H9003=ב=in/{H3411=יַרְכָה=flank}					
Ezk.47.10#02=Q(K)	עָמְד֨וּ	ya.'am.du	they have stood	{H5975G}	HVqp3cp	K= ya.'am.du (יַעַמְדוּ) "they will stand" (H5975G=HVqi3mp)	L= יעָמְד֨וּ ¦ ;	H5975G			{H5975G=עָמַד=: stand»to stand:1_stand;_stop;_establish}					
Ezk.47.11#01=Q(K)	בִּצֹּאתָ֧י/ו	bi.tzo.to/v	swamps/ its	{H1207}/H9023	HNcfpc/Sp3ms	K= bi.tzo.to/v (בִּצֹּאת/וֹ) "swamp/ its" (H1207/H9023=HNcfsc/Sp3ms)	L= בִּצֹּאתָ֧/ו ¦ ;	H1207			{H1207=בִּצָּה=swamp}/H9023=Ps3m=his					
Ezk.47.12#25=Q(K)	וְ/הָיָ֤ה	ve./ha.yu	and/ it will be	H9001/{H1961}	Hc/Vqq3ms	K= ve./ha.yu (וְ/הָיוּ) "and/ they will be" (H9001/H1961=Hc/Vqq3cp)	L= וְ/הָיָ֤ו ¦ ;	H1961			H9001=ו=&/{H1961=הָיָה=to be}					
Ezk.48.14#07=Q(K)	יַעֲבִ֖יר	ya.'a.vur	one will make pass over	{H5674A}	HVhi3ms	K= ya.'a.vur (יַעֲבוּר) "it will pass over|" (H5674A=HVqi3ms)	L= יַעֲבִ֖ור ¦ ;	H5674A			{H5674A=עָבַר=: pass»to pass:1_pass}					
Ezk.48.15#17=Q(K)	בְּ/תוֹכֽ/וֹ\׃	be./to.kh/o	in/ [the] middle of/ it	H9003/{H8432}/H9023\H9016	HR/Ncmsc/Sp3ms	K= be./to.kho/h (בְּ/תוֹכֹ/ה\׃) "in/ [the] middle of/ it" (H9003/H8432/H9023\H9016=HR/Ncbsc/Sp3ms)	L= בְּ/תוֹכֹֽ/ה\׃ ¦ ;	H8432			H9003=ב=in/{H8432=תָּ֫וֶךְ=midst}/H9023=Ps3m=his\H9016=׃=verseEnd					
Ezk.48.16#12=Q(K)		[ ]	[ ]			K= cha.mesh (חֲמֵשׁ) "five" (H2568=HAcbsc)	L= חמש ¦ ;		H2568_B							
Ezk.48.21#35=Q(K)	בְּ/תוֹכֽ/וֹ\׃	be./to.kh/o	in/ [the] middle of/ it	H9003/{H8432}/H9023\H9016	HR/Ncmsc/Sp3ms	K= be./to.kho/h (בְּ/תוֹכֹ/ה\׃) "in/ [the] middle of/ it" (H9003/H8432/H9023\H9016=HR/Ncbsc/Sp3ms)	L= בְּ/תוֹכֹֽ/ה\׃ ¦ ;	H8432			H9003=ב=in/{H8432=תָּ֫וֶךְ=midst}/H9023=Ps3m=his\H9016=׃=verseEnd					
Dan.1.4#06=Q(K)	מוּם֩	me.'um	blemish	{H3971A}	HNcmsa	K= me.'um (מְאוּם) "blemish" (H3971A=HNcbsa)	L= מֻאום֩ ¦ ;	H3971A			{H3971A=מאוּם=blemish}					
Dan.2.4#10=Q(K)	לְ/עַבְדָ֖/ךְ	le./'av.da.yi/kh	to/ servant/ your	H9005/{H5649}/H9021	AR/Ncbsc/Sp2ms	K= le./'av.da.yi/kh (לְ/עַבְדַּיִ/ךְ) "to/ servants/ your" (H9005/H5649/H9021=AR/Ncmpc/Sp2ms)	L= לְ/עַבְדָ֖י/ךְ ¦ ;	H5649			H9005=ל=to/{H5649=עֲבַד=servant;_slave}/H9021=Ps2m=your					
Dan.2.5#04=Q(K)	לְ/כַשְׂדָּ/אֵ֔י	le./khas.da.'e/i	to/ Chaldeans/ the	H9005/{H3779}/H9020	AR/Ngmpd/Ta	K= le./khas.da.ye/' (לְ/כַשְׂדָּיֵ/א) "to/ Chaldeans/ the" (H9005/H3779/H9010=AR/Ngmpd/Ta)	L= לְ/כַשְׂדָּי/אֵ֔ ¦ ;	H3779			H9005=ל=to/{H3779=כַּשְׂדַּי=Chaldean»Chaldean@Gen.11.28}/H9020=Ps1c=my					
Dan.2.9#12=Q(K)	הִזְדְּמִנְתּוּן֙	haz.min.tun	you have agreed together	{H2164}	AVup2mp	K= haz.min.tun (הַזְמִנְתּוּן) "you have decided" (H2164=AVpp2mp)	L= הִזְְמִנְתּוּן֙ ¦ ;	H2164			{H2164=זְמַן=to agree}					
Dan.2.10#02=Q(K)	כַשְׂדָּ/אֵ֤י	khas.da./i	Chaldeans/ the	{H3779}/H9020	ANgmpd/Ta	K= khas.da.ye/' (כַשְׂדָּיֵ/א) "Chaldeans/ the" (H3779/H9010=ANgmpd/Ta)	L= כַשְׂדָּי/אֵ֤ ¦ ;	H3779_A			{H3779=כַּשְׂדַּי=Chaldean»Chaldean@Gen.11.28}/H9020=Ps1c=my					
Dan.2.33#05=Q(K)	מִנְּ/הֵין֙	mi.ne./hin	some of/ them	{H4481}/H9039	AR/Sp3fp	K= mi.ne./hon (מִנְּ/הוֹן) "some of/ them" (H4481/H9038=AR/Sp3mp)	L= מִנְּ/הֵון֙ ¦ ;	H4481_A			{H4481=מִן־=from}/H9039=Op3f=them					
Dan.2.33#08=Q(K)	וּ/מִנְּ/הֵ֖ין	u./mi.ne./hon	and/ some of/ them	H9002/{H4481}/H9039	AC/R/Sp3fp	K= u./mi.ne./hon (וּ/מִנְּ/הוֹן) "and/ some of/ them" (H9002/H4481/H9038=AC/R/Sp3mp)	L= וּ/מִנְּ/הֵ֖ון ¦ ;	H4481_B			H9002=ו=and/{H4481=מִן־=from}/H9039=Op3f=them					
Dan.2.38#14=Q(K)	אַנְתְּ	'an.tah	you	{H0607}	APp2ms	K= 'an.tah- (אַנְתָּה\־) "you" (H0607\H9014=APp2ms)	L= אַנְתְּה\־ ¦ ;	H0607			{H0607=אַנְתָּה=you}					
Dan.2.41#05=Q(K)	מִנְּ/הֵ֞ן	mi.ne./hen	some of/ them	{H4481}/H9039	AR/Sp3fp	K= mi.ne./hon (מִנְּ/הוֹן) "some of/ them" (H4481/H9038=AR/Sp3mp)	L= מִנְּ/הֵ֞ון ¦ ;	H4481_A			{H4481=מִן־=from}/H9039=Op3f=them					
Dan.2.41#09=Q(K)	וּ/מִנְּ/הֵ֣ין	u./mi.ne./hon	and/ some of/ them	H9002/{H4481}/H9039	AC/R/Sp3fp	K= u./mi.ne./hon (וּ/מִנְּ/הוֹן) "and/ some of/ them" (H9002/H4481/H9038=AC/R/Sp3mp)	L= וּ/מִנְּ/הֵ֣ון ¦ ;	H4481_B			H9002=ו=and/{H4481=מִן־=from}/H9039=Op3f=them					
Dan.2.42#03=Q(K)	מִנְּ/הֵ֥ין	mi.ne./hon	some of/ them	{H4481}/H9039	AR/Sp3fp	K= mi.ne./hon (מִנְּ/הוֹן) "some of/ them" (H4481/H9038=AR/Sp3mp)	L= מִנְּ/הֵ֥ון ¦ ;	H4481_A			{H4481=מִן־=from}/H9039=Op3f=them					
Dan.2.42#05=Q(K)	וּ/מִנְּ/הֵ֣ין	u./mi.ne./hon	and/ some of/ them	H9002/{H4481}/H9039	AC/R/Sp3fp	K= u./mi.ne./hon (וּ/מִנְּ/הוֹן) "and/ some of/ them" (H9002/H4481/H9038=AC/R/Sp3mp)	L= וּ/מִנְּ/הֵ֣ון ¦ ;	H4481_B			H9002=ו=and/{H4481=מִן־=from}/H9039=Op3f=them					
Dan.2.43#01=Q(K)	וְ/דִ֣י	ve./di	and/ that	H9002/{H1768}	AC/C	K= di (דִי) "that" (H1768=AC)	L= ְדִ֣י ¦ ;	H1768_A			H9002=ו=and/{H1768=דִּי=that}					
Dan.3.12#22=Q(K)	לֵֽ/אלָהָ/ךְ֙	le./la.ha.yi/kh	to/ god/ your	H9005/{H0426}/H9021	AR/Ncbsc/Sp2ms	K= le./la.ha.yi/kh (לֵ/אלָהַיִ/ךְ) "to/ gods/ your" (H9005/H0426/H9021=AR/Ncmpc/Sp2ms)	L= לֵֽ/אלָהָי/ךְ֙ ¦ ;	H0426			H9005=ל=to/{H0426=אֱלָהּ=god}/H9021=Ps2m=your					
Dan.3.18#08=Q(K)	לֵֽ/אלָהָ/ךְ֙	le./la.ha.yi/Kh	to/ god/ your	H9005/{H0426}/H9021	AR/Ncbsc/Sp2ms	K= le./la.ha.yi/Kh (לֵֽ/אלָהָיִ/ךְ֙) "to/ gods/ your" (H9005/H0426/H9021=AR/Ncmpc/Sp2ms)	L= לֵֽ/אלָהָי/ךְ֙ ¦ ;	H0426			H9005=ל=to/{H0426=אֱלָהּ=god}/H9021=Ps2m=your					
Dan.3.19#07=Q(K)	אֶשְׁתַּנִּ֔י	'esh.ta.nu	it was changed	{H8133}	AVPp3ms	K= 'esh.ta.nu (אֶשְׁתַּנּוּ) "they were changed" (H8133=AVPp3mp)	L= אֶשְׁתַּנִּ֔ו ¦ ;	H8133			{H8133=שְׁנָא=to change}					
Dan.3.28#23=Q(K)	גֶשְׁמְ/ה֗וֹן	gesh.mei./hon	body/ their	{H1655}/H9028	ANcbsc/Sp3mp	K= gesh.mei./hon (גֶשְׁמֵי/הוֹן) "bodies/ their" (H1655/H9028=ANcmpc/Sp3mp)	L= גֶשְׁמְי/ה֗וֹן ¦ ;	H1655			{H1655=גְּשֵׁם=body}/H9028=Pp3m=their					
Dan.3.29#11=Q(K)	שָׁלוּ֙	she.lah	negligence	{H7960}	ANcbsa	K= she.lah (שֵׁלָה) "negligence" (H7955=ANcbsa)	L= שָׁלֻה֙ ¦ ;	H7960	H7955		{H7960=שָׁלוּ=neglect}					
Dan.4.7(4.4)#05=Q(K)	כַּשְׂדָּ/אֵ֖י	kas.d/ai	Chaldeans/ the	{H3779}/H9020	ANgmpd/Ta	K= kas.da.ye/' (כַּשְׂדָּיֵ/א) "Chaldeans/ the" (H3779/H9010=ANgmpd/Ta)	L= כַּשְׂדָּי/אֵ֖ ¦ ;	H3779			{H3779=כַּשְׂדַּי=Chaldean»Chaldean@Gen.11.28}/H9020=Ps1c=my					
Dan.4.12(4.9)#13=Q(K)	יְדוּרָן֙	ye.du.run	they nested	{H1753}	AVqi3fp	K= ye.du.run (יְדֻרוּן) "they nested" (H1753=AVqi3mp)	L= יְדֻרָון֙ ¦ ;	H1753			{H1753=דּוּר=to dwell}					
Dan.4.19(4.16)#24=Q(K)	לְ/שָֽׂנְאָ֖/ךְ	le./sa.ne.'a.yi/kh	[be] for/ enemy/ your	H9005/{H8131}/H9031	AR/Vqrmpc/Sp2ms	K= le./sa.ne.'a.yi/kh (לְ/שָׂנְאַיִ/ךְ) "[be] for/ enemies/ your" (H9005/H8131/H9031=AR/Vqrmpc/Sp2ms)	L= לְ/שָֽׂנְאָ֖י/ךְ ¦ ;	H8131			H9005=ל=to/{H8131=שְׂנָא=to hate}/H9031=Os2m=you					
Dan.4.27(4.24)#06=Q(K)	וַ/חֲטָאָ/ךְ֙	va./cha.ta.ya/kh	and/ sin/ your	H9002/{H2408}/H9021	AC/Ncbsc/Sp2ms	K= va./cha.ta.ya/kh (וַ/חֲטָיָ/ךְ) "and/ sins/ your" (H9002/H2408/H9021=AC/Ncmpc/Sp2ms)	L= וַ/חֲטָיָ/ךְ֙ ¦ ;	H2408			H9002=ו=and/{H2408=חֲטָי=sin}/H9021=Ps2m=your					
Dan.5.5#03=Q(K)	נְפַ֙קָה֙	ne.fa.ku	they went forth	{H5312}	AVqp3fp	K= ne.fa.ku (נְפַקוּ) "they went forth" (H5312=AVqp3mp)	L= נְפַ֙קָו֙ ¦ ;	H5312			{H5312=נְפַק=to take}					
Dan.5.7#06=Q(K)	כַּשְׂדָּ/אֵ֖י	kas.da./'e	Chaldeans/ the	{H3779}/H9020	ANgmpd/Ta	K= kas.di/' (כַּשְׂדָּיֵ/א) "Chaldeans/ the" (H3779/H9010=ANgmpd/Ta)	L= כַּשְׂדָּי/אֵ֖ ¦ ;	H3779			{H3779=כַּשְׂדַּי=Chaldean»Chaldean@Gen.11.28}/H9020=Ps1c=my					
Dan.5.8#10=Q(K)	וּ/פִשְׁרֵ֖/הּ	u./fish.ra/h	and/ interpretation/ its	H9002/{H6591}/H9023	AC/Ncbsc/Sp3ms	K= u./fish.ra/' (וּ/פִשְׁרָ/א) "and/ interpretation/ the" (H9002/H6591/H9010=AC/Ncbsd/Ta)	L= וּ/פִשְׁרֵ֖/אּ ¦ ;	H6591			H9002=ו=and/{H6591=פְּשַׁר=interpretation}/H9023=Ps3m=his					
Dan.5.21#08=Q(K)	שַׁוִּ֗יְו	she.vi	they made	{H7739A}	AVpp3mp	K= she.vi (שְׁוִי) "it was made" (H7739A=AVQp3ms)	L= שַׁוִּ֗יְ ¦ ;	H7739A			{H7739A=שְׁוָה=be like}					
Dan.5.21#32=Q(K)	עֲלַֽ/הּ\׃	a.la.ye/h	over/ it	{H5922}/H9034\H9016	AR/Sp3fs	K= a.la.ye/h (עֲלַיֵ/הּ\׃) "over/ it" (H5922/H9034\H9016=AR/Sp3ms)	L= עֲלַֽי/הּ\׃ ¦ ;	H5922			{H5922=עַל=since}/H9034=Os3f=her\H9016=׃=verseEnd					
Dan.5.31(6.1)#02=Q(K)	מָֽדָאָ֔/ה	ma.da.ya/'	Median/ the	{H4077}/H9010	ANgbsd/Ta	K= ma.da.ya/' (מָֽדָיָ֔/א) "Mede/ the" (H4076G/H9010=ANgbsd/Ta)	L= מָֽדָי/אָ֔ ¦ ;	H4077	H4076G		{H4077=מָדָאָה=Median»Medan@Gen.25.2-Act}/H9010=a=the					
Dan.7.5#14=Q(K)	שִׁנַּ֑/הּ	shi.nai.ya/h	tooth/ its	{H8128}/H9024	ANcbsc/Sp3fs	K= shi.nai.ya/h (שִׁנַּיַּ/הּ) "teeth/ its" (H8128/H9024=ANcfpc/Sp3fs)	L= שִׁנַּ֑י/הּ ¦ ;	H8128			{H8128=שֵׁן=tooth}/H9024=Ps3f=her					
Dan.7.6#14=Q(K)	גַּבַּ֑/הּ	ga.bai.ya/h	back/ its	{H1355}/H9024	ANcbsc/Sp3fs	K= ga.bai.ya/h (גַּבַּיַּ/הּ) "sides/ its" (H1355/H9024=ANcbsc/Sp3fs)	L= גַּבַּ֑י/הּ ¦ ;	H1355			{H1355=גַּב=back}/H9024=Ps3f=her					
Dan.7.7#22=Q(K)	בְּ/רַגְלַ֣/הּ	be./rag.lai.ya/h	with/ foot/ its	H9003/{H7271}/H9024	AR/Ncbsc/Sp3fs	K= be./rag.lai.ya/h (בְּ/רַגְלַיַּ/הּ) "with/ feet/ its" (H9003/H7271/H9024=AR/Ncmpc/Sp3fs)	L= בְּ/רַגְלַ֣י/הּ ¦ ;	H7271			H9003=ב=in/{H7271=רְגַל=foot}/H9024=Ps3f=her					
Dan.7.8#09=Q(K)	בֵּֽינֵי/הֵ֔ן	bei.nei./hon	between/ them	{H0997}/H9039	ANcmpc/Sp3fp	K= bei.nei./hon (בֵּינֵי/הוֹן) "between/ them" (H0997/H9038=ANcmpc/Sp3mp)	L= בֵּֽינֵי/הֵ֔ון ¦ ;	H0997			{H0997=בֵּין=between}/H9039=Op3f=them					
Dan.7.8#14=Q(K)	אֶתְעֲקַ֖רָה	'et.'a.ka.ru	they were uprooted	{H6132}	AVip3fp	K= 'et.'a.ka.ru (אֶתְעֲקַרוּ) "they were uprooted" (H6132=AVip3mp)	L= אֶתְעֲקַ֖רָו ¦ ;	H6132			{H6132=עֲקַר=be uprooted}					
Dan.7.19#11=Q(K)	כָּלְּ/הֵ֑ין	ka.le./hon	all of/ them	{H3606}/H9029	ANcbsc/Sp3fp	K= ka.le./hon (כָּלְּ/הוֹן) "all of/ them" (H3606/H9028=ANcbsc/Sp3mp)	L= כָּלְּ/הֵ֑ון ¦ ;	H3606	, H3605		{H3606=כֹּל=all}/H9029=Pp3f=their					
Dan.7.19#14=Q(K)	שִׁנַּ֤/הּ	shi.nai.ya/h	tooth/ its	{H8128}/H9024	ANcbsc/Sp3fs	K= shi.nai.ya/h (שִׁנַּיַּ/הּ) "teeth/ its" (H8128/H9024=ANcfpc/Sp3fs)	L= שִׁנַּ֤י/הּ ¦ ;	H8128			{H8128=שֵׁן=tooth}/H9024=Ps3f=her					
Dan.7.20#09=Q(K)	וּ/נְפַ֥לָה	u./ne.fa.lu	and/ they fell	H9002/{H5308}	AC/Vqp3fp	K= u./ne.fa.lu (וּ/נְפַלוּ) "and/ they fell" (H9002/H5308=AC/Vqp3mp)	L= וּ/נְפַ֥לָו ¦ ;	H5308			H9002=ו=and/{H5308=נְפַל=to fall}					
Dan.8.11#06=Q(K)	הוּרַ֣ם	he.rim	it was removed	{H7311A}	HVHp3ms	K= he.rim (הֵרִים) "it removed" (H7311A=HVhp3ms)	L= הֻרַ֣ים ¦ ;	H7311A			{H7311A=רוּם=to exalt}					
Dan.9.5#03=Q(K)	הִרְשַׁ֣עְנוּ	ve.hir.sha'.nu	we have acted wickedly	{H7561}	HVhp1cp	K= ve./hir.sha'.nu (וְ/הִרְשַׁעְנוּ) "and/ we have acted wickedly" (H9002/H7561=HC/Vhp1cp)	L= ו/הִרְשַׁ֣עְנוּ ¦ ;	H7561			{H7561=רָשַׁע=be wicked}					
Dan.9.12#03=Q(K)	דְּבָר֣/וֹ	de.va.ra/v	word/ his	{H1697G}/H9023	HNcmsc/Sp3ms	K= de.va.ra/v (דְּבָרָי/ו) "words/ his" (H1697G/H9023=HNcmpc/Sp3ms)	L= דְּבָרֹ֣י/ו\׀ ¦ ;	H1697G			{H1697G=דָּבָר=: word»word:1_word;_speech;_command}/H9023=Ps3m=his					
Dan.9.18#05=Q(K)	פְּקַ֣ח	pik.chah	open	{H6491}	HVqv2ms	K= pik.cha/h (פִּקְחָ/ה) "open/ !" (H6491/H9012=HVqv2ms/Sh)	L= פְּקַ֣ח/ה ¦ ;	H6491			{H6491=פָּקַח=to open}					
Dan.9.24#11=Q(K)	וּ/לְ/הָתֵ֤ם	u./la/ch.tom	and/ to/ complete	H9002/H9005/{H8552}	HC/R/Vhcc	K= u./la/ch.tom (וּ/לַ/חְתֹּם) "and/ to/ seal up" (H9002/H9005/H2856=HC/R/Vqcc)	L= וּ/לְ/חָתֵ֤ם ¦ ;	H8552	H2856_a		H9002=ו=and/H9005=ל=to/{H8552=תָּמַם=to finish}					
Dan.9.24#12=Q(K)	חַטָּאת֙	cha.ta.'ot	sin	{H2403B}	HNcfsa	K= cha.ta.'ot (חַטָּאוֹת) "sins" (H2403B=HNcfpa)	L= חַטָּאות֙ ¦ ;	H2403B			{H2403B=חַטָּאת=: sin»sin:1_sin}					
Dan.11.10#01=Q(K)	וּ/בָנָ֣י/ו	u/v.no/v	and/ sons/ his	H9002/{H1121A}/H9023	HC/Ncmpc/Sp3ms	K= u/v.no/vo (וּ/בְנ/וֹ) "and/ son/ his" (H9002/H1121A/H9023=HC/Ncmsc/Sp3ms)	L= וּ/בָנָ֣/ו ¦ ;	H1121A			H9002=ו=and/{H1121A=בֵּן=: child»son:1_child;_son}/H9023=Ps3m=his					
Dan.11.10#12=Q(K)	וְ/יִתְגָּרֶ֖ה	ve./yit.ga.ru	so/ it may wage war	H9002/{H1624}	HC/Vtu3ms	K= ve./yit.ga.ru (וְ/יִתְגָּרוּ) "so/ they may wage war" (H9002/H1624=HC/Vtu3mp)	L= וְ/יִתְגָּרֶ֖ו ¦ ;	H1624_B			H9002=ו=and/{H1624=גָּרָה=to stir up}					
Dan.11.10#14=Q(K)	מָעֻזּֽ/וֹ\׃	ma.'u.z/o	stronghold/ his	{H4581}/H9023\H9016	HNcmsc/Sp3ms	K= ma.'u.za/h (מָעֻזָּ/ה\׃) "stronghold/ his" (H4581/H9023\H9016=HNcbsc/Sp3ms)	L= מָעֻזֹּֽ/ה\׃ ¦ ;	H4581			{H4581=מָעוֹז=security}/H9023=Ps3m=his\H9016=׃=verseEnd					
Dan.11.12#03=Q(K)	וְ/רָ֣ם	ve./Rum	and/ it will be lifted up	H9002/{H7311A}	HC/Vqrmsa	K= ya.rum (יָרוּם) "it will be lifted up" (H7311A=HVqi3ms)	L= יְרָ֣ום ¦ ;	H7311A			H9002=ו=and/{H7311A=רוּם=to exalt}					
Dan.11.18#01=Q(K)	וְ/יָשֵׂ֧ם	ve./ya.sev	and/ he will set	H9002/{H7760H}	HC/Vqj3ms	K= ve./ya.shev (וְ/יָשֵׁב) "and/ he will turn" (H9002/H7725L=HC/Vhj3ms)	L= וְ/יָשֵׁ֧ב\׀ ¦ ;	H7760H	H7725L_a		H9002=ו=and/{H7760H=שׂוּם=: put»to set:2_put;_give}					
Dan.11.39#08=Q(K)	יַכִּ֖יר	hi.kir	he acknowledges	{H5234A}	HVhi3ms	K= hi.kir (הִכִּיר) "he acknowledged" (H5234A=HVhp3ms)	L= הַכִּ֖יר ¦ ;	H5234A			{H5234A=נָכַר=to recognize}					
Hos.8.12#03=Q(K)	רֻבֵּ֖י	ri.bov	[the] numerous things of	{H7230}	HNcmpc	K= ri.bov (רִבּוֹ) "ten thousand of" (H7239=HNcbsc)	L= רֻבֵּ֖ו ¦ ;	H7230	H7239		{H7230=רֹב=abundance}					
Hos.9.16#06=Q(K)	בַֽל	ve.li-	not	{H1077}	HTn	K= ve.li- (בְלִי) "without" (H1097=HTn)	L= בַֽלי\־ ¦ ;	H1077	H1097		{H1077=בַּל=not}					
Hos.10.10#08=Q(K)	עוֹנֹתָֽ/ם\׃	ei.no.ta/m	iniquities/ their	{H5771H}/H9028\H9016	HNcfpc/Sp3mp	K= ei.no.ta/m (עֵינֹתָ/ם\׃) "eyes/ their" (H5869K/H9028\H9016=HNcfpc/Sp3mp)	L= עֹינֹתָֽ/ם\׃ ¦ ;	H5771H	H5869K, H5868A		{H5771H=עָוֺן=: guilt»iniquity:2_guilt}/H9028=Pp3m=their\H9016=׃=verseEnd					
Jol.3.1(4.1)#08=Q(K)	אָשִׁ֛יב	'a.shuv	I will cause to turn back	{H7725G}	HVhi1cs	K= 'a.shuv (אָשׁוּב) "I will turn back" (H7725G=HVqi1cs)	L= אָשִׁ֛וב ¦ ;	H7725G			{H7725G=שׁוּב=: return»to return:1_return}					
Amo.8.4#06=Q(K)	עֲנִיֵּי	an.vei-	[the] afflicted [people] of	{H6041}	HAampc	K= an.vei- (עַנְוֵי) "[the] humble [people] of" (H6035=HAampc)	L= עֲנִוֵּי\־ ¦ ;	H6041	H6035		{H6041=עָנִי=afflicted}					
Amo.8.8#14=Q(K)	וְ/נִשְׁקְעָ֖ה	ve./nish.kah	and/ it will sink	H9001/{H8257}	Hc/VNq3fs	K= ve./nish.kah (וְ/נִשְׁקָה) "and/ it will be watered" (H9001/H8248G=Hc/VNq3fs)	L= וְ/נִשְׁקְהָ֖ ¦ ;	H8257	H8248G		H9001=ו=&/{H8257=שָׁקַע=to sink}					
Amo.9.6#03=Q(K)	מַעֲלוֹתָ֔י/ו	ma.'a.lo.to/v	stairs/ his	{H4609B}/H9023	HNcfpc/Sp3ms	K= ma.'a.lo.to/v (מַעֲלוֹת/וֹ) "stair/ his" (H4609B/H9023=HNcfsc/Sp3ms)	L= מַעֲלוֹתָ֔/ו ¦ ;	H4609B	, H5944		{H4609B=מַעֲלָה=step}/H9023=Ps3m=his					
Oba.1.11#10=Q(K)	שְׁעָרָ֗י/ו	sha.'a.ro/v	gates/ his	{H8179G}/H9023	HNcmpc/Sp3ms	K= sha.'a.ro/v (שַׁעֲר/וֹ) "gate/ his" (H8179G/H9023=HNcmsc/Sp3ms)	L= שְׁעָרָ֗/ו ¦ ;	H8179G			{H8179G=שַׁ֫עַר=: gate»gate:1_gate}/H9023=Ps3m=his					
Mic.1.8#06=Q(K)	שׁוֹלָ֖ל	shi.lal	barefoot	{H7758}	HAamsa	K= shi.lal (שֵׁילָל) "barefoot" (H7758=HAabsa)	L= שֹׁילָ֖ל ¦ ;	H7758			{H7758=שׁוֹלָל=barefoot}					
Mic.1.10#10=Q(K)	הִתְפַּלָּֽשִׁי\׃	hit.pa.la.she.ti	roll yourself	{H6428}\H9016	HVtv2fs	K= hit.pa.la.she.ti (הִתְפַּלָּשְׁתִּי\׃) "I have rolled myself" (H6428\H9016=HVtp1cs)	L= הִתְפַּלָּֽשִׁתי\׃ ¦ ;	H6428			{H6428=פָּלַשׁ=to wallow}\H9016=׃=verseEnd					
Mic.3.2#04=Q(K)	רָ֑ע	ra.'ah	evil	{H7451B}	HAamsa	K= ra.'ah (רָעָה) "evil" (H7451B=HAafsa)	L= רָ֑עה ¦ ;	H7451B			{H7451B=רַע=evil}					
Nam.1.3#04=Q(K)	וּ/גְדָל	u./ge.dol-	and/ great of	H9002/{H1419A}	HC/Aamsc	K= u./ge.dol- (וּ/גְדוֹל) "and/ great of" (H9002/H1419A=HC/Aabsc)	L= וּ/גְדָול\־ ¦ ;	H1419A			H9002=ו=and/{H1419A=גַּל=: large»great:1_large}					
Nam.2.5(2.6)#04=Q(K)	בַּ/הֲלִֽיכָתָ֑/ם	va./ha.li.kho.ta/m	on/ journey/ their	H9003/{H1979}/H9028	HR/Ncfsc/Sp3mp	K= va./ha.li.kho.ta/m (בַ/הֲלִכוֹתָ/ם) "on/ journeys/ their" (H9003/H1979/H9028=HR/Ncfpc/Sp3mp)	L= בַּ/הֲלִֽכָותָ֑/ם ¦ ;	H1979			H9003=ב=in/{H1979=הֲלִיכָה=walk}/H9028=Pp3m=their					
Nam.3.3#14=Q(K)	וְ/כָשְׁל֖וּ	ve./yikh.she.lu	and/ people will stumble	H9001/{H3782}	Hc/Vqq3cp	K= yikh.she.lu (יִכְשְׁלוּ) "people will stumble" (H3782=HVqi3mp)	L= יְכָשְׁל֖וּ ¦ ;	H3782			H9001=ו=&/{H3782=כָּשַׁל=to stumble}					
Hab.3.4#09=Q(K)	עֻזּֽ/וֹ\׃	'u.Z/o	strength/ his	{H5797}/H9023\H9016	HNcmsc/Sp3ms	K= 'u.Zo/h (עֻזֹּֽ/ה\׃) "strength/ his" (H5797/H9023\H9016=HNcbsc/Sp3ms)	L= עֻזֹּֽ/ה\׃ ¦ ;	H5797			{H5797=עֹז=strength}/H9023=Ps3m=his\H9016=׃=verseEnd					
Hab.3.14#04=Q(K)	פְּרָזָ֔י/ו	pe.ra.zo/v	warriors/ his	{H6518}/H9023	HNcmpc/Sp3ms	K= pe.ra.zo/v (פְּרָז/וֹ) "warrior/ his" (H6518/H9023=HNcmsc/Sp3ms)	L= פְּרָזָ֔/ו ¦ ;	H6518			{H6518=פֶּ֫רֶז=warrior}/H9023=Ps3m=his					
Zep.2.9#27=Q(K)	גּוֹיִ֖/י	goy/i	nation/ my	{H1471A}/H9020	HNcmsc/Sp1bs	K= goy (גּוֹי) "[the] nation" (H1471A=HNcbsc)	L= גּוֹיִ֖ ¦ ;	H1471A			{H1471A=גּוֹי=nation}/H9020=Ps1c=my					
Hag.1.8#09=Q(K)	וְ/אֶכָּבְדָ֖ה	ve./'e.ka.ved	so/ let me be honored	H9002/{H3513G}	HC/VNc1cs	K= ve./'e.ka.ved (וְ/אֶכָּבֵד) "so/ I may be honored" (H9002/H3513G=HC/VNu1cs)	L= וְ/אֶכָּבְדָ֖ ¦ ;	H3513G			H9002=ו=and/{H3513G=כָּבֵד=: honour»to honor:1_honour;_glory}					
Zec.1.16#14=Q(K)	וְ/קָ֥ו	ve./ka.vah	and/ a measuring-line	H9002/{H6957B}	HC/Ncmsa	K= ve./ka.vah (וְ/קָוָה) "and/ a measuring-line" (H9002/H6961=HC/Ncbsa)	L= וְ/קָ֥וה ¦ ;	H6957B	H6961		H9002=ו=and/{H6957B=קַו=line}					
Zec.4.2#06=Q(K)	וָ/אֹמַ֡ר	va/i.yo.mer	and/ I said	H9001/{H0559}	Hc/Vqw1cs	K= va/i.yo.mer (וַ/יֹּאמֶר) "and/ he said" (H9001/H0559=Hc/Vqw3ms)	L= וָ/יאֹמַ֡ר ¦ ;	H0559_B			H9001=ו=&/{H0559=אָמַר=to say}					
Zec.11.2#15=Q(K)	הַ/בָּצִֽיר\׃	ha./ba.tzur	of the/ vintage	H9009/{H1210}\H9016	HTd/Ncmsa	K= ha./ba.tzur (הַ/בָּצוּר\׃) "<the>/ older" (H9009/H1208\H9016=HTd/Aamsa)	L= הַ/בָּצִֽור\׃ ¦ ;	H1210	H1208, H1219		H9009=ה=the/{H1210=בָּצִיר=vintage}\H9016=׃=verseEnd					
Zec.14.2#13=Q(K)	תִּשָּׁכַ֑בְנָה	ti.sha.khab.nah	they will be lain with	{H7901I}	HVNi3fp	K= ti.sha.gal.nah (תִּשָּׁגַלְנָה) "they will be raped" (H7693=HVNi3fp)	L= תִּשָּׁגַ֑לְנָה ¦ ;	H7901I	H7693		{H7901I=שָׁכַב=: have_sex»to lie down:3_have_sex}					
Zec.14.6#08=Q(K)	וְ/קִפָּאֽוֹן\׃	ve./yik.pe.'un	and/ frost	H9002/{H7087B}\H9016	HC/Ncmsa	K= yik.pe.'u/n (יִקְפְּאוּ/ן\׃) "they will contract/ !" (H7087B/H9013\H9016=HVqi3mp/Sn)	L= יְקִפָּאֽוֹ/ן\׃ ¦ ;	H7087B			H9002=ו=and/{H7087B=קִפָּאוֹן=thickness}\H9016=׃=verseEnd					
