Job.1.10#02=Q(K)	אַ֠תָּה	'at	you	{H0859A}	HPp2ms	K= 'at (אַתְּ) "you" (H0859C=HPp2fs)	L= אַ֠תָּ ¦ ;	H0859A	H0859C		{H0859A=אַתָּ֫ה=you(m.s.)}					
Job.2.7#13=Q(K)	וְ/עַ֥ד	ve./ad	and/ to	H9002/{H5704}	HC/R	K= ad (עַד) "to" (H5704=HR)	L= ְעַ֥ד ¦ ;	H5704			H9002=ו=and/{H5704=עַד=till}					
Job.5.18#06=Q(K)	וְ/יָדָ֥י/ו	ve./ya.do/v	and/ hands/ his	H9002/{H3027G}/H9023	HC/Ncbdc/Sp3ms	K= ve./ya.do/v (וְ/יָד/וֹ) "and/ hand/ his" (H9002/H3027G/H9023=HC/Ncbsc/Sp3ms)	L= וְ/יָדָ֥/ו ¦ ;	H3027G			H9002=ו=and/{H3027G=יָד=: hand»hand:1_hand;_arm[anatomy]}/H9023=Ps3m=his					
Job.6.2#05=Q(K)	וְ֝/הַוָּתִ֗/י	ve./hai.ya.t/i	and/ destruction/ my	H9002/{H1942}/H9020	HC/Ncfsc/Sp1bs	K= ve./hai.ya.t/i (וְ/הַיָּתִ/י) "and/ destruction/ my" (H9002/H1962/H9020=HC/Ncfsc/Sp1bs)	L= וְ֝/הַיָּתִ֗/י ¦ ;	H1942	H1962		H9002=ו=and/{H1942=הַוָּה=desire}/H9020=Ps1c=my					
Job.6.21#04=Q(K)	ל֑/וֹ	l/o	<into>/ it	H9005/{H9033}	HR/Sp3ms	K= lo' (לֹא) "not" (H3808=HTn)	L= לֹ֑א ¦ ;	H9033	H3808		H9005=ל=to/{H9033=Os3m=him}					
Job.6.29#06=Q(K)	וְ/שׁ֥וּבוּ	ve./shu.vi	and/ turn back	H9002/{H7725I}	HC/Vqv2mp	K= ve./shu.vi (וְ/שֻׁבִי) "and/ turn back" (H9002/H7725I=HC/Vqv2fs)	L= וְ/שֻׁ֥ביּ ¦ ;	H7725I_B			H9002=ו=and/{H7725I=שׁוּב=: turn_back»to return:3_turn_back;_backslide}					
Job.7.5#04=Q(K)	וְ/ג֣וּשׁ	ve./gish	and/ clod[s] of	H9002/{H1487}	HC/Ncmsc	K= ve./gish (וְ/גִישׁ) "and/ clod[s] of" (H9002/H1487=HC/Ncbsc)	L= וְ/ג֣יּשׁ ¦ ;	H1487			H9002=ו=and/{H1487=גּוּשׁ=clod}					
Job.9.30#03=Q(K)	בְ/מֵי	ve./mov	in/ water of	H9003/{H4325G}	HR/Ncmpc	K= ve.mov (בְמוֹ) "in" (H1119=HR)	L= בְמֵו\־ ¦ ;	H4325G	H1119		H9003=ב=in/{H4325G=מַי=water}					
Job.10.20#04=Q(K)	וַ/חֲדָ֑ל	ve./che.Dal	and/ cease	H9002/{H2308}	HC/Vqv2ms	K= yech.dal (יֶחְדָּל) "may it cease" (H2308=HVqv2ms)	L= יַחֲדָ֑ל ¦ ;	H2308			H9002=ו=and/{H2308=חָדַל=to cease}					
Job.10.20#05=Q(K)	וְ/שִׁ֥ית	ya./shit	and/ put	H9002/{H7896H}	HC/Vqv2ms	K= ya.shit (יָשִׁית) "may he put" (H7896H=HVqi3ms)	L= יְשִׁ֥ית ¦ ;	H7896H			H9002=ו=and/{H7896H=שִׁית=: put»to set:2_put;_bring}					
Job.13.15#03=Q(K)	ל֣/וֹ	l/o	to/ him	H9005/{H9033}	HR/Sp3ms	K= lo' (לֹא) "toward" (H0413=HR)	L= לֹ֣א ¦ ;	H9033	H0413, H3808		H9005=ל=to/{H9033=Os3m=him}					
Job.14.5#07=Q(K)	חֻקָּ֥י/ו	chu.ko/v	limits/ his	{H2706I}/H9023	HNcmpc/Sp3ms	K= chu.ko/v (חֻקּ/וֹ) "limit/ his" (H2706I/H9023=HNcmsc/Sp3ms)	L= חֻקָּ֥/ו ¦ ;	H2706I			{H2706I=חֹק=: allotment»statute:3_allotment;_boundary}/H9023=Ps3m=his					
Job.15.15#02=Q(K)	בִּ֭/קְדֹשָׁי/ו	bi/k.do.sho/v	in/ holy [ones]/ his	H9003/{H6918G}/H9023	HR/Aampc/Sp3ms	K= bi/k.do.sho/v (בִּ/קְדֹשׁ/וֹ) "in/ holy [one]/ his" (H9003/H6918G/H9023=HR/Aamsc/Sp3ms)	L= בִּ֭/קְדֹשָׁ/ו ¦ ;	H6918G			H9003=ב=in/{H6918G=קָדוֹשׁ=: holy»holy:1_holy}/H9023=Ps3m=his					
Job.15.31#03=Q(K)	בַּ/שָּׁ֣יו	ba./shov	in <the>/ worthlessness	H9003/{H7723H}	HRd/Ncmsa	K= ba./shov (בַּ/שּׁוֹ) "in/ <the> worthlessness" (H9003/H7723H=HRd/Ncbsa)	L= בַּ/שָּׁ֣ו ¦ ;	H7723H_A			H9003=ב=in/{H7723H=שָׁוְא=: vain»vanity:2_vain;_empty;_worthless}					
Job.16.16#02=Q(K)	חֳ֭מַרְמְרוּ	cho.mar.me.rah	they are reddened	{H2560C}	HVpp3cp	K= cho.mar.me.rah (חֳמַרְמְרָה) "it is reddened" (H2560C=HVpp3fs)	L= חֳ֭מַרְמְרֻה ¦ ;	H2560C			{H2560C=חָמַר=be red}					
Job.20.11#03=Q(K)	עֲלוּמָ֑י/ו	a.lu.mo/v	youthful vigor<s>/ his	{H5934}/H9023	HNcmpc/Sp3ms	K= a.lu.mo/v (עֲלוּמ/וֹ) "youthful vigor/ his" (H5934/H9023=HNcmsc/Sp3ms)	L= עֲלוּמָ֑/ו ¦ ;	H5934			{H5934=עָלוּמִים=youth}/H9023=Ps3m=his					
Job.21.13#01=Q(K)	יְכַלּ֣וּ	ye.kha.lu	they complete	{H3615G}	HVpi3mp	K= ye.va.lu (יְבַלּוּ) "they wear out" (H1086=HVpi3mp)	L= יְבַלּ֣וּ ¦ ;	H3615G	H1086		{H3615G=כָּלָה=: finish»to end:1_finish}					
Job.21.20#02=Q(K)	עֵינָ֣י/ו	ei.no/v	own eyes/ his	{H5869A}/H9023	HNcfdc/Sp3ms	K= ei.no/v (עֵינ/וֹ) "own eye/ his" (H5869A/H9023=HNcbsc/Sp3ms)	L= עֵינָ֣/ו ¦ ;	H5869A			{H5869A=עַ֫יִן=: eye»eye:1_eye}/H9023=Ps3m=his					
Job.24.1#06=Q(K)	וְ֝/יֹדְעָ֗י/ו	ve./yo.de.'o/v	and/ [those who] know/ him	H9002/{H3045}/H9033	HC/Vqrmpc/Sp3ms	K= ve./yo.de.'o/v (וְ/יֹדְע/וֹ) "and/ [one who] knows/ him" (H9002/H3045/H9033=HC/Vqrmsc/Sp3ms)	L= וְ֝/יֹדְעָ֗/ו ¦ ;	H3045			H9002=ו=and/{H3045=יָדַע=to know}/H9033=Os3m=him					
Job.24.6#03=Q(K)	יִקְצ֑וֹרוּ	yak.tzi.ru	they harvest	{H7114B}	HVqi3mp	K= yak.tzi.ru (יַקְצִירוּ) "they cause to harvest" (H7114B=HVhi3mp)	L= יִקְצֹ֑ירוּ ¦ ;	H7114B			{H7114B=קָצַר=to reap}					
Job.26.14#04=Q(K)	דְּרָכָ֗י/ו	dar.ko/v	ways/ his	{H1870G}/H9023	HNcbpc/Sp3ms	K= dar.ko/v (דַּרְכּ/וֹ) "way/ his" (H1870G/H9023=HNcbsc/Sp3bs)	L= דְּרָכָ֗/ו ¦ ;	H1870G			{H1870G=דֶּ֫רֶךְ=: conduct»way:3_conduct;_lifestyle}/H9023=Ps3m=his					
Job.26.14#11=Q(K)	גְּ֝בוּרוֹתָ֗י/ו	ge.vu.ra.to/v	mighty deeds/ his	{H1369}/H9023	HNcfpc/Sp3ms	K= ge.vu.ra.to/v (גְּבוּרָת/וֹ) "might/ his" (H1369/H9023=HNcfsc/Sp3ms)	L= גְּ֝בוּרֹתָ֗/ו ¦ ;	H1369			{H1369=גְּבוּרָה=might}/H9023=Ps3m=his					
Job.27.15#01=Q(K)	שְׂ֭רִידָי/ו	se.ri.do/v	survivors/ his	{H8300}/H9023	HNcmpc/Sp3ms	K= se.ri.do/v (שְׂרִיד/וֹ) "survivor/ his" (H8300/H9023=HNcmsc/Sp3ms)	L= שְׂ֭רִידָ/ו ¦ ;	H8300			{H8300=שָׂרִיד=survivor}/H9023=Ps3m=his					
Job.30.11#02=Q(K)	יִתְרִ֣/י	yit.r/i	string/ my	{H3499B}/H9020	HNcmsc/Sp1bs	K= yit.ro/v (יִתְר/וֹ) "string/ his" (H3499B/H9023=HNcmsc/Sp3ms)	L= יִתְרִ֣/ו ¦ ;	H3499B			{H3499B=יֶ֫תֶר=cord}/H9020=Ps1c=my					
Job.30.22#06=Q(K)	תּוּשִׁיָּֽה\׃	te.shu.veh	success	{H8454}\H9016	HNcfsa	K= te.shu.veh (תְּשֻׁוֶּה\׃) "you are laid down" (H7738\H9016=HVpi2ms)	L= תֻּשִׁוָּֽה\׃ ¦ ;	H8454	H7738, H7737A, (H8663}		{H8454=תּוּשִׁיָּה=wisdom}\H9016=׃=verseEnd					
Job.31.11#02=Q(K)	הִ֥יא	hu'	that	{H1931}	HPp3fs	K= hu' (הוּא) "that" (H1931=HPp3ms)	L= הִ֥וא ¦ ;	H1931_A			{H1931=הוּא=he;_she;_it}					
Job.31.20#04=Q(K)	חֲלָצָ֑י/ו	cha.la.tzo/v	loins/ his	{H2504}/H9023	HNcfdc/Sp3ms	K= cha.la.tzo/v (חֲלָצ/וֹ) "loin/ his" (H2504/H9023=HNcbsc/Sp3ms)	L= חֲלָצָ֑/ו ¦ ;	H2504			{H2504=חָלָץ=loin}/H9023=Ps3m=his					
Job.33.19#05=Q(K)	וְ/ר֖וֹב	ve./riv	and/ [the] multitude of	H9002/{H7230}	HC/Ncmsc	K= ve./riv (וְ/רִיב) "and/ [the] strife of" (H9002/H7379=HC/Ncbsc)	L= וְ/רֹ֖יב ¦ ;	H7230	H7379		H9002=ו=and/{H7230=רֹב=abundance}					
Job.33.21#04=Q(K)	וְ/שֻׁפּ֥וּ	u./she.fi	and/ they are laid bare	H9001/{H8192}	Hc/VPq3cp	K= u./she.fi (וּ/שְׁפִי) "and/ [the] bareness" (H9002/H8205=HC/Ncbsc)	L= וְ/שֻׁפּ֥יּ ¦ ;	H8192	H8205		H9001=ו=&/{H8192=שָׁפָה=be bare}					
Job.33.28#02=Q(K)	נַ֭פְשׁ/וֹ	naf.sh/i	self/ his	{H5315G}/H9023	HNcfsc/Sp3ms	K= naf.sh/i (נַפְשִׁ/י) "self/ my" (H5315G/H9020=HNcbsc/Sp1bs)	L= נַ֭פְשֹׁ/י ¦ ;	H5315G			{H5315G=נֶ֫פֶשׁ=: soul»soul:1_soul;_heart}/H9023=Ps3m=his					
Job.33.28#05=Q(K)	וְ֝/חַיָּת/וֹ	ve./chai.ya.t/o	and/ life/ his	H9002/{H2416C}/H9023	HC/Ncfsc/Sp3ms	K= ve./chai.ya.t/i (וְ/חַיָּתִ/י) "and/ life/ my" (H9002/H2416C/H9020=HC/Ncfsc/Sp1bs)	L= וְ֝/חַיָּתֹ/י ¦ ;	H2416C			H9002=ו=and/{H2416C=חַיָּה=living thing}/H9023=Ps3m=his					
Job.37.12#04=Q(K)	בְּ/תַחְבּוּלֹתָ֣י/ו	be./tach.bu.la.to/v	by/ guidance<s>/ his	H9003/{H8458}/H9023	HR/Ncfpc/Sp3ms	K= be./tach.bu.la.to/v (בְּ/תַחְבּוּלָת/וֹ) "by/ guidance/ his" (H9003/H8458/H9023=HR/Ncfsc/Sp3ms)	L= בְּ/תַחְבּוּלֹתָ֣/ו ¦ ;	H8458			H9003=ב=in/{H8458=תַּחְבֻּלָה=counsel}/H9023=Ps3m=his					
Job.38.1#05=Q(K)	מִ֥ן\׀	min	from	{H4480A}\H9015	HR	K= min (מִנ) "from" (H4480A=HR)	L= מִ֥ן\׀ ¦ ;	H4480A			{H4480A=מִן־=from}\H9015=׀=separate					
Job.38.12#04=Q(K)	יִדַּ֖עְתָּ	yi.da'.ta	you caused to know	{H3045}	HVpp2ms	K= yi.da'.ta/h (יִדַּעְתָּ/ה) "have you caused to know/ ?" (H3045/H9008=HTi/Vpp2ms)	L= יִדַּ֖עְתָּ/הַ ¦ ;	H3045			{H3045=יָדַע=to know}					
Job.38.12#05=Q(K)	הַ/שַּׁ֣חַר	ha./sha.char	the/ dawn	H9009/{H7837}	HTd/Ncmsa	K= sha.char (שַׁחַר) "dawn" (H7837=HNcbsa)	L= שַּׁ֣חַר ¦ ;	H7837			H9009=ה=the/{H7837=שַׁ֫חַר=dawn}					
Job.38.41#06=Q(K)	יְ֭לָדָי/ו	ye.la.do/v	young ones/ its	{H3206}/H9023	HNcmpc/Sp3ms	K= ye.la.do/v (יְלָד/וֹ) "young one/ its" (H3206/H9023=HNcmsc/Sp3ms)	L= יְ֭לָדָ/ו ¦ ;	H3206			{H3206=יֶ֫לֶד=youth}/H9023=Ps3m=his					
Job.39.12#04=Q(K)	יָשִׁ֣יב	ya.shuv	it will bring back	{H7725G}	HVhi3ms	K= ya.shuv (יָשׁוּב) "it will come back" (H7725G=HVqi3ms)	L= יָשִׁ֣וב ¦ ;	H7725G			{H7725G=שׁוּב=: return»to return:1_return}					
Job.39.26#05=Q(K)	כְּנָפָ֣י/ו	ke.na.fo/v	wings/ its	{H3671}/H9023	HNcfdc/Sp3ms	K= ke.na.fo/v (כְּנָפ/וֹ) "wing/ its" (H3671/H9023=HNcbsc/Sp3ms)	L= כְּנָפָ֣/ו ¦ ;	H3671			{H3671=כָּנָף=wing}/H9023=Ps3m=his					
Job.39.30#01=Q(K)	וְ/אֶפְרֹחָ֥י/ו	ve./'ef.ro.cho/v	and/ young ones/ its	H9002/{H0667}/H9023	HC/Ncmpc/Sp3ms	K= ve./'ef.ro.cho/v (וְ/אֶפְרֹח/וֹ) "and/ young one/ its" (H9002/H0667/H9023=HC/Ncmsc/Sp3ms)	L= וְ/אֶפְרֹחָ֥/ו ¦ ;	H0667			H9002=ו=and/{H0667=אֶפְרֹחַ=young}/H9023=Ps3m=his					
Job.40.6#05=Q(K)	מִ֥ן\׀	min	from	{H4480A}\H9015	HR	K= min (מִנ) "from" (H4480A=HR)	L= מִ֥ן\׀ ¦ ;	H4480A			{H4480A=מִן־=from}\H9015=׀=separate					
Job.40.17#06=Q(K)	פַחֲדָ֣י/ו	fa.cha.do/v	thighs/ its	{H6344}/H9023	HNcmpc/Sp3ms	K= fa.cha.do/v (פַחֲד/וֹ) "thigh/ its" (H6344/H9023=HNcmsc/Sp3ms)	L= פַחֲדָ֣/ו ¦ ;	H6344			{H6344=פַּ֫חַד=thigh}/H9023=Ps3m=his					
Job.41.12(41.4)#01=Q(K)	לֽ/וֹ	l/o-	to/ it	H9005/{H9033}	HR/Sp3ms	K= lo'- (לֹא) "not" (H3808=HTn)	L= לֹֽא\־ ¦ ;	H9033	H3808		H9005=ל=to/{H9033=Os3m=him}					
Job.42.2#01=Q(K)	יָ֭דַעְתִּי	ya.da'.ta	I know	{H3045}	HVqp1cs	K= ya.da'.ta (יָדַעְתָּ) "you know" (H3045=HVqp2ms)	L= יָ֭דַעְתִּ ¦ ;	H3045			{H3045=יָדַע=to know}					
Psa.6.3(6.4)#04=Q(K)	וְ/אַתָּ֥ה	ve./'at	and/ you	H9002/{H0859C}	HC/Pp2ms	K= ve./'at (וְ/אַתְּ) "and/ you" (H9002/H0859C=HC/Pp2fs)	L= וְ/אַתָּ֥ ¦ ;	H0859C			H9002=ו=and/{H0859C=אַתְּ=you(f.s.)}					
Psa.9.12(9.13)#09=Q(K)	עֲנָוִֽים\׃	a.ni.yim	humble [people]	{H6035}\H9016	HAampa	K= a.ni.yim (עֲנִיִּים\׃) "afflicted [people]" (H6041\H9016=HAampa)	L= עֲנָיִֽים\׃ ¦ ;	H6035	H6041		{H6035=עָנָו=poor}\H9016=׃=verseEnd					
Psa.9.18(9.19)#07=Q(K)	עֲ֝נִיִּ֗ים	a.na.vim	afflicted [people]	{H6041}	HAampa	K= a.na.vim (עֲנָוִים) "humble [people]" (H6035=HAampa)	L= עֲ֝נִו֗יִּם ¦ ;	H6041	H6035		{H6041=עָנִי=afflicted}					
Psa.10.10#01=Q(K)	יִדְכֶּ֥ה	va.da.khah	he is crushed	{H1794}	HVqi3ms	K= va./da.khah (וְ/דָכָה) "and/ he is crushed" (H9001/H1794=Hc/Vqq3ms)	L= וִ/דְכֶּ֥ה ¦ ;	H1794			{H1794=דָּכָה=to crush}					
Psa.10.10#05=Q(K)	חֵ֣יל/ /כָּאִֽים\׃	chel/ /ka.'im	an army/ /of disheartened [people]	{H2428A}/ /{H3512B}\H9016	HNcmsc//Ncmpa	K= chel.ka.'im (חֶלְכָּאִים\׃) "unfortunate people" (H2489\H9016=HNcmpa)	L= חֵ֣לכָּאִֽים\׃ ¦ ;	H2428A, H3512B	H2489, H2426		{H2428A=חַ֫יִל=: soldiers»strength:2_soldiers;_army}/ /{H3512B=כָּאֶה=disheartened}\H9016=׃=verseEnd					
Psa.10.12#08=Q(K)	עֲנָוִֽים\׃	a.ni.yim	humble [people]	{H6035}\H9016	HAampa	K= a.ni.yim (עֲנִיִּים\׃) "afflicted [people]" (H6041\H9016=HAampa)	L= עֲנָיִֽים\׃ ¦ ;	H6035	H6041		{H6035=עָנָו=poor}\H9016=׃=verseEnd					
Psa.11.1#08=Q(K)	נ֝֗וּדִי	nu.du	take flight	{H5110}	HVqv2fs	K= nu.du (נוּדוּ) "take flight" (H5110=HVqv2mp)	L= נ֝֗וּדִו ¦ ;	H5110			{H5110=נוּד=to wander}					
Psa.17.11#03=Q(K)	סְבָב֑וּ/נוּ	se.va.vu./ni	they have surrounded/ us	{H5437H}/H9035	HVqp3cp/Sp1bp	K= se.va.vu./ni (סְבָבוּ/נִי) "they have surrounded/ me" (H5437H/H9030=HVqp3cp/Sp1bs)	L= סְבָב֑וּ/ניּ ¦ ;	H5437H			{H5437H=סָבַב=: surround»to turn:2_surround;_go_round}/H9035=Op1c=us					
Psa.17.14#08=Q(K)	וּֽ/צְפוּנְ/ךָ֮	u./tze.fi.ne./kha	and/ treasured [thing]/ your	H9002/{H6845}/H9021	HC/Vqsmsc/Sp2ms	K= u./tze.fi.ne./kha (וּ/צְפִינְ/ךָ) "and/ treasure/ your" (H9002/H6840/H9021=HC/Ncbsc/Sp2ms)	L= וּֽ/צְפיּנְ/ךָ֮ ¦ ;	H6845	H6840		H9002=ו=and/{H6845=צָפַן=to treasure}/H9021=Ps2m=your					
Psa.30.3(30.4)#07=Q(K)	מִ/יָּֽרְדִ/י	mi./yor.de/i-	from/ going down/ my	H9006/{H3381}/H9040	HR/Vqcc/Sp1bs	K= mi./yor.dei- (מִ/יּוֹרְדֵי) "from/ [those who] go down" (H9006/H3381=HR/Vqrmpc)	L= מִ/יָּֽורְדִי\־ ¦ ;	H3381			H9006=מ=from/{H3381=יָרַד=to go down}/H9040=Ss1c=I					
Psa.39.0(39.1)#02=Q(K)	לִֽ/ידוּת֗וּן	li./du.Tun	for/ Jeduthun	H9005/{H3038G}	HR/Ncbsc	K= li./du.Tun (לִ/ידִיתוּן) "for/ Jedithun" (H9005/H3038G=HR/Ncbsc)	L= לִֽ/ידיּת֗וּן ¦ ;	H3038G			H9005=ל=to/{H3038G=יְדוּתוּן=Jeduthun»Jeduthun@1Ch.6.44-Psa}					
Psa.41.2(41.3)#04=Q(K)	וְ/אֻשַּׁ֣ר	ve./'u.Shar	and/ he will be called blessed	H9001/{H0833}	Hc/VPq3ms	K= ye.'u.Shar (יֶאְשֹּׁר) "he will be called blessed" (H0833=HVPi3ms)	L= יְאֻשַּׁ֣ר ¦ ;	H0833			H9001=ו=&/{H0833=אָשַׁר=to bless}					
Psa.42.8(42.9)#06=Q(K)	שִׁיר֣/וֹ	shi.R/o	song/ his	{H7892A}/H9023	HNcmsc/Sp3ms	K= shi.R/o (שִׁירָ/הּ) "song/ his" (H7892A/H9023=HNcbsc/Sp3ms)	L= שִׁירֹ֣/ה ¦ ;	H7892A			{H7892A=שִׁיר=song}/H9023=Ps3m=his					
Psa.49.14(49.15)#10=Q(K)	וְ֭/צוּרָ/ם	Ve./tzu.ro/m	and/ form/ their	H9002/{H6697H}/H9028	HC/Ncmsc/Sp3mp	K= Ve./tzu.ro/m (וְ/צִירָ/ם) "and/ form/ their" (H9002/H6736/H9028=HC/Ncbsc/Sp3mp)	L= וְ֭/ציּרָ/ם ¦ ;	H6697H	H6736		H9002=ו=and/{H6697H=צוּר=rock}/H9028=Pp3m=their					
Psa.51.2(51.4)#01=Q(K)	הֶ֭רֶב	He.rev	increase	{H7235A}	HVhv2ms	K= He.rev (הַרְבֵּה) "greatly" (H7235A=HVhaa)	L= הֶ֭רֶבה ¦ ;	H7235A			{H7235A=רָבָה=to multiply}					
Psa.54.5(54.7)#01=Q(K)	יָשִׁ֣יב	ya.Shiv	may he bring back	{H7725H}	HVhi3ms	K= ya.Shov (יָשׁוֹב) "may it return" (H7725G=HVqi3ms)	L= יָשִׁ֣וב ¦ ;	H7725H	H7725G		{H7725H=שׁוּב=: rescue»to return:2_rescue;_restore}					
Psa.55.15(55.16)#01=Q(K)	יַשִּׁ֤י/ /מָ֨וֶת\׀	ya.Shi/ /Ma.vet	may it deceive/ /death	{H5377}/ /{H4194}\H9015	HVhi3ms//Ncmsa	K= ya.shi.ma.vet (יַשִּׁימָוֶת) "desolation" (H3451=HNcbsa)	L= יַשִּׁימָוֶת ¦ ;	H5377, H4194	H3451		{H5377=נָשָׁא=to deceive}/ /{H4194=מָ֫וֶת=death}\H9015=׀=separate					
Psa.56.6(56.7)#02=Q(K)	יִצְפּ֗וֹנוּ	yitz.Po.nu	they lie hidden	{H6845}	HVqi3mp	K= yitz.Po.nu (יַצְפִּינוּ) "they lie hidden" (H6845=HVhi3mp)	L= יִצְפֹּ֗ינוּ ¦ ;	H6845			{H6845=צָפַן=to treasure}					
Psa.58.7(58.8)#07=Q(K)	חִ֝צָּ֗י/ו	chi.Tza/v	arrows/ his	{H2671}/H9023	HNcmpc/Sp3ms	K= chi.Tza/v (חִצּ/וֹ) "arrow/ his" (H2671/H9023=HNcmsc/Sp3ms)	L= חִ֝צָּ֗/ו ¦ ;	H2671			{H2671=חֵץ=arrow}/H9023=Ps3m=his					
Psa.59.10(59.11)#02=Q(K)	חַסְדִּ֣/י	chas.D/i	covenant loyalty/ my	{H2617A}/H9020	HNcmsc/Sp1bs	K= chas.D/i (חַסְדּ/וֹ) "covenant loyalty/ his" (H2617A/H9023=HNcbsc/Sp3ms)	L= חַסְדִּ֣/ו ¦ ;	H2617A			{H2617A=חֶ֫סֶד=kindness}/H9020=Ps1c=my					
Psa.59.15(59.16)#02=Q(K)	יְנִיע֣וּ/ן	ye.ni.'U/n	they make wander about/ !	{H5128}/H9013	HVhi3mp/Sn	K= ye.ni.'U/n (יְנוּעוּ/ן) "they wander about/ !" (H5128/H9013=HVqi3mp/Sn)	L= יְנִוע֣וּ/ן ¦ ;	H5128			{H5128=נוּעַ=to shake}/H9013=נ=emph.					
Psa.60.5(60.7)#06=Q(K)	וַ/עֲנֵֽ/נִי\׃	va./'a.ne./nu	and/ answer/ me	H9002/{H6030B}/H9030\H9016	HC/Vqv2ms/Sp1bs	K= va./'a.ne./nu (וַ/עֲנֵ/נוּ\׃) "and/ answer/ us" (H9002/H6030B/H9035\H9016=HC/Vqv2ms/Sp1bp)	L= וַ/עֲנֵֽ/נִו\׃ ¦ ;	H6030B	, H6032		H9002=ו=and/{H6030B=עָנָה=to answer}/H9030=Os1c=me\H9016=׃=verseEnd					
Psa.66.7#09=Q(K)	יָר֖וּמוּ	ya.Ru.mu	they be exalted	{H7311A}	HVqi3mp	K= ya.Ru.mu (יָרִימוּ) "they exalt" (H7311A=HVhi3mp)	L= יָר֖יּמוּ ¦ ;	H7311A			{H7311A=רוּם=to exalt}					
Psa.71.12#07=Q(K)	חֽוּשָׁ/ה\׃	Chu.sha/h	make haste/ !	{H2363A}/H9012\H9016	HVqv2ms/Sh	K= Chu.sha/h (חִישָׁ/ה\׃) "make haste/ !" (H2439/H9012\H9016=HVqv2ms/Sh)	L= חֽיּשָׁ/ה\׃ ¦ ;	H2363A	H2439		{H2363A=חוּשׁ=to hasten}/H9012=ה=emph.\H9016=׃=verseEnd					
Psa.71.20#02=Q(K)	הִרְאִיתַ֨/נִי	hir.'i.Ta./ni	you have made see/ me	{H7200G}/H9030	HVhp2ms/Sp1bs	K= hir.'i.Ta./ni (הִרְאִיתַ/נוּ) "you have made see/ us" (H7200G/H9035=HVhp2ms/Sp1bp)	L= הִרְאִיתַ֨/נִו\׀ ¦ ;	H7200G			{H7200G=רָאָה=: see»to see:1_see;_show}/H9030=Os1c=me					
Psa.71.20#07=Q(K)	תְּחַיֵּ֑י/נִי	te.chai.Yei./ni	you will preserve alive/ me	{H2421}/H9030	HVpi2ms/Sp1bs	K= te.chai.Yei./ni (תְּחַיֵּי/נוּ) "you will preserve alive/ us" (H2421/H9035=HVpi2ms/Sp1bp)	L= תְּחַיֵּ֑י/נִו ¦ ;	H2421			{H2421=חָיָה=to live}/H9030=Os1c=me					
Psa.72.17#06=Q(K)	יִנּ֪וֹן	yi.Non	may it increase	{H5125}	HVNi3ms	K= yi.Non (יָנִין) "may it cause to increase" (H5125=HVhi3ms)	L= יִנֹּ֪ין ¦ ;	H5125			{H5125=נוּן=to propagate}					
Psa.73.2#03=Q(K)	נָטָ֣יוּ	na.Ta.yu	they had turned aside	{H5186}	HVqp3cp	K= na.Ta.yu (נָטוּי) "[was] bent down" (H5186=HVqsmsa)	L= נָטָ֣וֻי ¦ ;	H5186			{H5186=נָטָה=to stretch}					
Psa.73.2#06=Q(K)	שֻׁפְּכ֥וּ	shu.pe.Khu	they had been poured out	{H8210J}	HVPp3cp	K= shu.pe.Khu (שֻׁפְּכָה) "it had been poured out" (H8210J=HVPp3ms)	L= שֻׁפְּכֻ֥ה ¦ ;	H8210J			{H8210J=שָׁפַךְ=: scatter»to pour:4_scatter}					
Psa.73.10#02=Q(K)	יָשׁ֣וּב	ya.Shuv	it turns back	{H7725G}	HVqi3ms	K= ya.Shuv (יָשִׁיב) "he brings back" (H7725G=HVhi3ms)	L= יָשׁ֣יּב ¦ ;	H7725G			{H7725G=שׁוּב=: return»to return:1_return}					
Psa.73.16#05=Q(K)	ה֣וּא	Hu'	it	{H1931}	HPp3ms	K= Hu' (הִיא) "it" (H1931=HPp3fs)	L= ה֣יּא ¦ ;	H1931			{H1931=הוּא=he;_she;_it}					
Psa.74.6#01=Q(K)	וְ֭/עַתָּה	Ve./'a.tah	and/ now	H9002/{H6258}	HC/D	K= Ve./'a.tah (וְ/עֵת) "and/ a time" (H9002/H6258=HC/D)	L= וְ֭/עַתָּ ¦ ;	H6258			H9002=ו=and/{H6258=עַתָּ֫ה=now}					
Psa.74.11#06=Q(K)	חֵֽיקְ/ךָ֣	chei.ke./Cha	bosom/ your	{H2436H}/H9021	HNcmsc/Sp2ms	K= chei.ke./Cha (חוֹקְ/ךָ) "decree/ your" (H2706G/H9021=HNcbsc/Sp2ms)	L= חֵֽוקְ/ךָ֣ ¦ ;	H2436H	H2706G		{H2436H=חֵיק=: garment»bosom:2_garment}/H9021=Ps2m=your					
Psa.77.0(77.1)#03=Q(K)	יְדוּת֗וּן	ye.du.Tun	Jeduthun	{H3038G}	HNcmpa	K= ye.du.Tun (יְדִיתוּן) "Jedithun" (H3038G=HNcmpa)	L= יְדיּת֗וּן ¦ ;	H3038G			{H3038G=יְדוּתוּן=Jeduthun»Jeduthun@1Ch.6.44-Psa}					
Psa.77.11(77.12)#01=Q(K)	אֶזְכּ֥וֹר	'ez.Kor	I will remember	{H2142}	HVqi1cs	K= 'ez.Kor (אַזְכִּיר) "I will bring to remembrance" (H2142=HVhi1cs)	L= אֶזְכֹּ֥יר ¦ ;	H2142_A			{H2142=זָכַר=to remember}					
Psa.77.19(77.20)#03=Q(K)	וּֽ֭/שְׁבִֽילְ/ךָ	U./she.vi.le./kha	and/ path/ your	H9002/{H7635}/H9021	HC/Ncmsc/Sp2ms	K= U./she.vi.le./kha (וּ/שְׁבִילֶי/ךָ) "and/ paths/ your" (H9002/H7635/H9021=HC/Ncmpc/Sp2ms)	L= וּֽ֭/שְׁבִֽילְי/ךָ ¦ ;	H7635			H9002=ו=and/{H7635=שְׁבוּל=path}/H9021=Ps2m=your					
Psa.89.17(89.18)#06=Q(K)	תָּר֥וּם	ta.Rum	it is exalted	{H7311A}	HVqi3fs	K= ta.Rum (תָּרִים) "you exalt" (H7311A=HVhi2ms)	L= תָּר֥יּם ¦ ;	H7311A			{H7311A=רוּם=to exalt}					
Psa.100.3#08=Q(K)	וְ/ל֣/וֹ	ve./L/o	and/ [belong] to/ him	H9002/H9005/{H9033}	HC/R/Sp3ms	K= ve./Lo' (וְ/לֹא) "and/ not" (H9002/H3808=HC/Tn)	L= וְ/לֹ֣א ¦ ;	H9033	H3808		H9002=ו=and/H9005=ל=to/{H9033=Os3m=him}					
Psa.102.23(102.24)#03=Q(K)	כֹּחִ֗/י	ko.Ch/i	strength/ my	{H3581B}/H9020	HNcmsc/Sp1bs	K= ko.Ch/i (כֹּח/וֹ) "strength/ his" (H3581B/H9023=HNcbsc/Sp3ms)	L= כֹּחִ֗/ו ¦ ;	H3581B			{H3581B=כֹּחַ=strength}/H9020=Ps1c=my					
Psa.105.18#03=Q(K)	רַגְל֑/וֹ	rag.L/o	foot/ his	{H7272}/H9023	HNcfsc/Sp3ms	K= rag.L/o (רַגְלָי/ו) "feet/ his" (H7272/H9023=HNcbdc/Sp3ms)	L= רַגְלֹ֑י/ו ¦ ;	H7272			{H7272=רֶ֫גֶל=foot}/H9023=Ps3m=his					
Psa.105.28#07=Q(K)	דְּבָרֽ/וֹ\׃	de.va.R/o	word/ his	{H1697G}/H9023\H9016	HNcmsc/Sp3ms	K= de.va.R/o (דְּבָרָו/ו\׃) "words/ his" (H1697G/H9023\H9016=HNcmpc/Sp3ms)	L= דְּבָרֽו/וֹ\׃ ¦ ;	H1697G			{H1697G=דָּבָר=: word»word:1_word;_speech;_command}/H9023=Ps3m=his\H9016=׃=verseEnd					
Psa.106.45#06=Q(K)	חֲסָדָֽי/ו\׃	cha.sa.Da/v	covenant loyalti<es>/ his	{H2617A}/H9023\H9016	HNcmpc/Sp3ms	K= cha.sa.Da/v (חַסְדּ/וֹ\׃) "covenant loyalty/ his" (H2617A/H9023\H9016=HNcbsc/Sp3ms)	L= חֲסָדָֽ/ו\׃ ¦ ;	H2617A			{H2617A=חֶ֫סֶד=kindness}/H9023=Ps3m=his\H9016=׃=verseEnd					
Psa.119.79#04=Q(K)	וְ֝/יֹדְעֵ֗י	ve./yo.de.'Ei	and/ [those who] know	H9002/{H3045}	HC/Vqrmpc	K= ve./yo.de.'Ei (וְ/יָדְעוּ) "and/ they will know" (H9001/H3045=Hc/Vqq3cp)	L= וְ֝/יֹדְעֵ֗ו ¦ ;	H3045			H9002=ו=and/{H3045=יָדַע=to know}					
Psa.119.147#04=Q(K)	לִ/דְבָרְ/ךָ֥	li/d.va.rei./kha	for/ word/ your	H9005/{H1697G}/H9021	HR/Ncmsc/Sp2ms	K= li/d.va.rei./kha (לִ/דְבָרֶי/ךָ) "for/ words/ your" (H9005/H1697G/H9021=HR/Ncmpc/Sp2ms)	L= לִ/דְבָרְי/ךָ֥ ¦ ;	H1697G			H9005=ל=to/{H1697G=דָּבָר=: word»word:1_word;_speech;_command}/H9021=Ps2m=your					
Psa.119.161#04=Q(K)	וּ֝/מִ/דְּבָרְ/ךָ֗	u./mi./de.va.rei./kha	and/ from/ word/ your	H9002/H9006/{H1697G}/H9021	HC/R/Ncmsc/Sp2ms	K= u./mi./de.va.rei./kha (וּ/מִ/דְּבָרֶי/ךָ) "and/ from/ words/ your" (H9002/H9006/H1697G/H9021=HC/R/Ncmpc/Sp2ms)	L= וּ֝/מִ/דְּבָרְי/ךָ֗ ¦ ;	H1697G			H9002=ו=and/H9006=מ=from/{H1697G=דָּבָר=: word»word:1_word;_speech;_command}/H9021=Ps2m=your					
Psa.123.4#08=Q(K)	לִ/גְאֵי/ /יוֹנִים\׃	li/g.'E/ /yo.nim	of/ arrogant/ /opressors	H9005/{H1343}/ /{H3238}\H9016	HR/Aampc//Vqrmpa	K= li/g.'E.yo.nim (לְ/גַאֲ֥יוֹנִים\׃) "of/ <the> secure [people]" (H9005/H1349\H9016=HR/Vqrmpa)	L= לִ/גְאֵ֥יוֹנִֽים\׃ ¦ ;	H1343, H3238	H1349		H9005=ל=to/{H1343=גֵּאֶה=proud}/ /{H3238=יָנָה=to oppress}\H9016=׃=verseEnd					
Psa.129.3#06=Q(K)	לְ/מַעֲנִיתָֽ/ם\׃	le./ma.'a.no.ta/m	<to>/ furrows/ their	H9005/{H4618}/H9028\H9016	HR/Ncfpc/Sp3mp	K= le./ma.'a.no.ta/m (לְ/מַעֲנוֹתָ/ם\׃) "<to>/ furrow/ their" (H9005/H4618/H9028\H9016=HR/Ncfsc/Sp3mp)	L= לְ/מַעֲנִותָֽ/ם\׃ ¦ ;	H4618			H9005=ל=to/{H4618=מַעֲנָה=furrow}/H9028=Pp3m=their\H9016=׃=verseEnd					
Psa.139.16#10=Q(K)	וְ/ל֖/וֹ	ve./l/o	and/ to/ it	H9002/H9005/{H9033}	HC/R/Sp3ms	K= ve./lo' (וְ/לֹא) "and/ not" (H9002/H3808=HC/Tn)	L= וְ/לֹ֖א ¦ ;	H9033	H3808		H9002=ו=and/H9005=ל=to/{H9033=Os3m=him}					
Psa.140.9(140.10)#05=Q(K)	יְכַסֵּֽ/מוֹ\׃	ye.kha.su./mov	may it cover/ them	{H3680}/H9038\H9016	HVpi3ms/Sp3mp	K= ye.kha.su./mov (יְכַסּוּ/מוֹ\׃) "may they cover/ them" (H3680/H9038\H9016=HVpi3mp/Sp3mp)	L= יְכַסֵּֽו/מוֹ\׃ ¦ ;	H3680			{H3680=כָּסָה=to cover}/H9038=Op3m=them\H9016=׃=verseEnd					
Psa.140.10(140.11)#01=Q(K)	יִמּ֥וֹטוּ	ya.mi.tu	may they be dropped	{H4131}	HVNi3mp	K= ya.mi.tu (יָמִיטוּ) "may people drop" (H4131=HVhi3mp)	L= יִמֹּ֥יטוּ ¦ ;	H4131			{H4131=מוֹט=to shake}					
Psa.145.6#04=Q(K)	וּ/גְדוּלָּתְ/ךָ֥	u./ge.du.lo.tei./kha	and/ greatness/ your	H9002/{H1420}/H9021	HC/Ncfsc/Sp2ms	K= u./ge.du.lo.tei./kha (וּ/גְדוּלֹּתֶי/ךָ) "and/ greatness<es>/ your" (H9002/H1420/H9021=HC/Ncfpc/Sp2ms)	L= וּ/גְדוּלָּתְי/ךָ֥ ¦ ;	H1420			H9002=ו=and/{H1420=גְּדוּלָּה=greatness}/H9021=Ps2m=your					
Psa.147.19#02=Q(K)	דְּבָרָ֣י/ו	de.va.ro/v	words/ his	{H1697G}/H9023	HNcmpc/Sp3ms	K= de.va.ro/v (דְּבָר/וֹ) "word/ his" (H1697G/H9023=HNcmsc/Sp3ms)	L= דְּבָרָ֣/ו ¦ ;	H1697G			{H1697G=דָּבָר=: word»word:1_word;_speech;_command}/H9023=Ps3m=his					
Psa.148.2#06=Q(K)	צְבָאָֽי/ו\׃	tze.va.'o/v	hosts/ his	{H6635A}/H9023\H9016	HNcmpc/Sp3ms	K= tze.va.'o/v (צְבָא/וֹ\׃) "host/ his" (H6635A/H9023\H9016=HNcmsc/Sp3ms)	L= צְבָאָֽ/ו\׃ ¦ ;	H6635A			{H6635A=צָבָא=: army»army:1_army}/H9023=Ps3m=his\H9016=׃=verseEnd					
Pro.1.27#02=Q(K)	כְ/שׁוֹאָ֨ה	khe./sha.'a.vah	like/ devastation	H9004/{H7722B}	HR/Ncfsa	K= khe./sha.'a.vah (כְ/שַׁאֲוָה) "like/ a devastating storm" (H9004/H7584=HR/Ncfsa)	L= כְ/שֹׁאָ֨וה\׀ ¦ ;	H7722B	H7584		H9004=כ=like/{H7722B=שׁוֹאָה=devastation}					
Pro.2.7#01=Q(K)	יִצְפֹּ֣ן	ve.tza.fan	he stores up	{H6845}	HVqi3ms	K= ve./tza.fan (וְ/צָפַן) "and/ he stores up" (H9002/H6845=HC/Vqu3ms)	L= וִ/צְפֹּ֣ן ¦ ;	H6845			{H6845=צָפַן=to treasure}					
Pro.2.8#05=Q(K)	חֲסִידָ֣י/ו	cha.si.do/v	faithful [people]/ his	{H2623}/H9023	HAampc/Sp3ms	K= cha.si.do/v (חֲסִיד/וֹ) "faithful [person]/ his" (H2623/H9023=HAamsc/Sp3ms)	L= חֲסִידָ֣/ו ¦ ;	H2623			{H2623=חָסִיד=pious}/H9023=Ps3m=his					
Pro.3.27#07=Q(K)	יָדְ/ךָ֣	ya.dei./kha	hand/ your	{H3027H}/H9021	HNcbsc/Sp2ms	K= ya.dei./kha (יָדֶי/ךָ) "hands/ your" (H3027H/H9021=HNcbdc/Sp2ms)	L= יָדְי/ךָ֣ ¦ ;	H3027H			{H3027H=יָד=: power»hand:2_power;_rule;_ownership}/H9021=Ps2m=your					
Pro.3.28#03=Q(K)	לְ/רֵֽעֲ/ךָ֨	le./re.'ei./kha	to/ neighbor/ your	H9005/{H7453}/H9021	HR/Ncmsc/Sp2ms	K= le./re.'ei./kha (לְ/רֵעֶי/ךָ) "to/ neighbors/ your" (H9005/H7453/H9021=HR/Ncmpc/Sp2ms)	L= לְ/רֵֽעֲי/ךָ֨\׀ ¦ ;	H7453			H9005=ל=to/{H7453=רֵעַ=neighbor}/H9021=Ps2m=your					
Pro.3.34#05=Q(K)	וְ֝/לַ/עֲנָוִ֗ים	ve./la./'a.ni.yim	and/ to/ humble [people]	H9002/H9005/{H6035}	HC/R/Aamsa	K= ve./la./'a.ni.yim (וְ/לַ/עֲנִיִּים) "and/ to/ afflicted [peoples]" (H9002/H9005/H6041=HC/R/Aampa)	L= וְ֝/לַ/עֲנָיִ֗ים ¦ ;	H6035	H6041		H9002=ו=and/H9005=ל=to/{H6035=עָנָו=poor}					
Pro.4.16#11=Q(K)	יַכְשִֽׁילוּ\׃	yikh.sho.lu	they bring injury	{H3782}\H9016	HVhi3mp	K= yikh.sho.lu (יִכְשׁוֹלוּ\׃) "they stumble" (H3782\H9016=HVqi3mp)	L= יַכְשִֽׁולוּ\׃ ¦ ;	H3782			{H3782=כָּשַׁל=to stumble}\H9016=׃=verseEnd					
Pro.6.13#02=Q(K)	בְּ֭/עֵינָי/ו	Be./'ei.na/v	with/ eyes/ his	H9003/{H5869A}/H9023	HR/Ncfdc/Sp3ms	K= Be./'ei.na/v (בְּ֭/עֵינ/וֹ) "with/ eye/ his" (H9003/H5869A/H9023=HR/Ncbsc/Sp3ms)	L= בְּ֭/עֵינָ/ו ¦ ;	H5869A			H9003=ב=in/{H5869A=עַ֫יִן=: eye»eye:1_eye}/H9023=Ps3m=his					
Pro.6.13#04=Q(K)	בְּ/רַגְלָ֑י/ו	be./rag.La/v	with/ feet/ his	H9003/{H7272}/H9023	HR/Ncfdc/Sp3ms	K= be./rag.La/v (בְּ/רַגְל/וֹ) "with/ foot/ his" (H9003/H7272/H9023=HR/Ncbsc/Sp3ms)	L= בְּ/רַגְלָ֑/ו ¦ ;	H7272			H9003=ב=in/{H7272=רֶ֫גֶל=foot}/H9023=Ps3m=his					
Pro.6.14#07=Q(K)	מִדְיָנִ֥ים	me.da.nim	contentions	{H4079}	HNcmpa	K= me.da.nim (מְדָנִים) "contentions" (H4090=HNcmpa)	L= מִדֳנִ֥ים ¦ ;	H4079	H4090, H4066		{H4079=מִדְיָן=contention}					
Pro.6.16#06=Q(K)	תּוֹעֲבַ֥ת	to.'a.Vot	[the] disgusting thing of	{H8441}	HNcfsc	K= to.'a.Vot (תּוֹעֲבוֹת) "[the] disgusting things of" (H8441=HNcfpc)	L= תּוֹעֲבַ֥ות ¦ ;	H8441			{H8441=תּוֹעֵבַה=abomination}					
Pro.8.17#02=Q(K)	אֹהֲבַ֣/י	'o.ha.vei./i	[those who] love/ me	{H0157G}/H9030	HVqrmpc/Sp1bs	K= 'o.ha.vei./ha (אֹהֲבֶי/הָ) "[those who] love/ her" (H0157G/H9034=HVqrmpc/Sp3fs)	L= אֹהֲבַ֣י/ה ¦ ;	H0157G_A			{H0157G=אָהֵב=: lover»to love:1_lover}/H9030=Os1c=me					
Pro.8.35#03=Q(K)	מָצָ֣א	mo.tze.'ei'	he finds	{H4672}	HVqp3ms	K= mo.tze.'ei (מֹצְאֵי) "[are] finders of" (H4672=HVqrmsc)	L= מָצָ֣אי ¦ ;	H4672_B			{H4672=מָצָא=to find}					
Pro.11.3#06=Q(K)	יְשָׁדֵּֽ/ם\׃	ye.sha.de/m	it destroys/ them	{H7703}/H9038\H9016	HVqi3ms/Sp3mp	K= ve./sha.da/m (וְ/שַׁדָּ/ם\׃) "<and>/ [is] destruction/ their" (H9002/H7703/H9028\H9016=HC/Ncmsc/Sp3mp)	L= וְ/שָׁדֵּֽ/ם\׃ ¦ ;	H7703			{H7703=שָׁדַד=to ruin}/H9038=Op3m=them\H9016=׃=verseEnd					
Pro.12.14#09=Q(K)	יָשִׁ֥יב	ya.shuv	he will repay	{H7725G}	HVhi3ms	K= ya.shuv (יָשׁוּב) "it will return" (H7725G=HVqi3ms)	L= יָשִׁ֥וב ¦ ;	H7725G			{H7725G=שׁוּב=: return»to return:1_return}					
Pro.13.20#01=Q(K)	הוֹלֵ֣ךְ	ha.lokh	[one who] walks	{H1980I}	HVqrmsa	K= ha.lokh (הָלוֹךְ) "walking" (H1980I=HVqaa)	L= הֹלֵ֣וךְ ¦ ;	H1980I	, H3212		{H1980I=הָלַךְ=: walk»to go:1_walk;_move}					
Pro.13.20#04=Q(K)	יֶחְכָּ֑ם	va.cha.kham	he will become wise	{H2449}	HVqi3ms	K= va./cha.kham (וַ/חֲכָם) "and/ become wise" (H9002/H2449=HC/Vqv2ms)	L= וֶ/חְכָּ֑ם ¦ ;	H2449			{H2449=חָכַם=be wise}					
Pro.14.21#05=Q(K)	עֲנָוִ֣ים	a.na.yim	humble [people]	{H6035}	HAampa	K= a.na.yim (עֲנָיִים) "poor [people]" (H6041=HAampa)	L= עֲנָיִ֣ים ¦ ;	H6035	H6041		{H6035=עָנָו=poor}					
Pro.15.14#05=Q(K)	וּ/פִ֥י	u./fe.nei	and/ [the] mouth of	H9002/{H6310G}	HC/Ncmsc	K= u./fe.nei (וּ/פְנֵי) "and/ [the] face of" (H9002/H6440H=HC/Ncmpc)	L= וּ/פִ֥ני ¦ ;	H6310G	H6440H		H9002=ו=and/{H6310G=פֶּה=: lip»lip:1_lip;_mouth}					
Pro.16.19#05=Q(K)	עֲנָוִ֑ים	a.ni.yim	humble [people]	{H6035}	HAampa	K= a.ni.yim (עֲנִיִּים) "afflicted [people]" (H6041=HAampa)	L= עֲנָיִ֑ים ¦ ;	H6035	H6041		{H6035=עָנָו=poor}					
Pro.16.27#06=Q(K)	שְׂ֝פָת֗/וֹ	se.fa.ta/v	lip/ his	{H8193H}/H9023	HNcfsc/Sp3ms	K= se.fa.ta/v (שְׂפָתָי/ו) "lips/ his" (H8193H/H9023=HNcfpc/Sp3ms)	L= שְׂ֝פָתֹ֗י/ו ¦ ;	H8193H			{H8193H=שָׂפָה=: words»lip:2_words;_language}/H9023=Ps3m=his					
Pro.17.27#05=Q(K)	יְקַר	ve.kar-	[a person] noble of	{H3368}	HAamsc	K= ve./kar- (וְ/קַר) "and/ [a person] cool" (H9002/H7119=HC/Aabsa)	L= וְ/קַר\־ ¦ ;	H3368	H7119		{H3368=יָקָר=precious}					
Pro.18.17#04=Q(K)	וּ/בָֽא	ya./vo'-	and/ he will come	H9001/{H0935G}	Hc/Vqq3ms	K= ya.vo'- (יָבֹא) "he will come" (H0935G=HVqi3ms)	L= יּבָֽא\־ ¦ ;	H0935G			H9001=ו=&/{H0935G=בּוֹא=: come»to come (in):1_come;_go_in}					
Pro.18.19#05=Q(K)	וּ֝/מִדְיָנִ֗ים	u./me.do.nim	and/ contentions	H9002/{H4079}	HC/Ncmpa	K= u./me.do.nim (וּ/מְדוֹנִים) "and/ contentions" (H9002/H4066=HC/Ncmpa)	L= וּ֝/מִדְוָנִ֗ים ¦ ;	H4079	H4066		H9002=ו=and/{H4079=מִדְיָן=contention}					
Pro.19.7#12=Q(K)	ל/וֹ	l/o-	to/ him	H9005/{H9033}	HR/Sp3ms	K= lo'- (לֹא) "not" (H3808=HTn)	L= לֹא\־ ¦ ;	H9033	H3808		H9005=ל=to/{H9033=Os3m=him}					
Pro.19.16#07=Q(K)	יָמֽוּת\׃	yu.mat	he will die	{H4191}\H9016	HVqi3ms	K= yu.mat (יוּמָת\׃) "he will be put to death" (H4191\H9016=HVHi3ms)	L= יָומֻֽת\׃ ¦ ;	H4191			{H4191=מוּת=to die}\H9016=׃=verseEnd					
Pro.19.19#01=Q(K)	גְּֽדָל	go.ral-	a [person] great of	{H1419A}	HAamsc	K= go.ral- (גֹּרַל) "a lot of" (H1632=HNcbsc)	L= גְּֽרָל\־ ¦ ;	H1419A	H1632		{H1419A=גַּל=: large»great:1_large}					
Pro.20.4#05=Q(K)	וְ/שָׁאַ֖ל	ve./yish.'al	and/ he asks	H9001/{H7592}	Hc/Vqq3ms	K= yish.'al (יִשְׁאַל) "he asks" (H7592=HVqi3ms)	L= יְשָׁאַ֖ל ¦ ;	H7592			H9001=ו=&/{H7592=שָׁאַל=to ask}					
Pro.20.16#07=Q(K)	נָכְרִיָּ֣ה	na.khe.rim	a foreign [woman]	{H5237}	HAafsa	K= na.khe.rim (נָכְרִים) "foreigners" (H5237=HAampa)	L= נָכְרִיָּ֣ם ¦ ;	H5237			{H5237=נׇכְרִי=foreign}					
Pro.20.20#06=Q(K)	בֶּ/אֱשׁ֥וּן	be./'i.shon	in/ a time of	H9003/{H0380}	HR/Ncmsc	K= be./'i.shon (בְּ/אִישׁוֹן) "in/ [the] middle of" (H9003/H0380=HR/Ncbsc)	L= בֶּ/אֱישׁ֥וּן ¦ ;	H0380			H9003=ב=in/{H0380=אִישׁוֹן=pupil}					
Pro.20.21#02=Q(K)	מְבֹהֶ֣לֶת	me.vu.che.let	hastily gained	{H0926}	HVPsfsa	K= me.vu.che.let (מְבֻחֶלֶת) "greedily gained" (H0973B=HVPsfsa)	L= מְבֹחֶ֣לֶת ¦ ;	H0926	H0973B		{H0926=בָּהַל=to dismay}					
Pro.20.30#03=Q(K)	תַּמְר֣וּק	tam.rik	[are] a cleansing	{H8562}	HNcmsa	K= tam.rik (תַּמְרִיק) "it cleanses away" (H4838=HVhi3fs)	L= תַּמְר֣יּק ¦ ;	H8562	H4838		{H8562=תַּמְרוּק=cosmetic}					
Pro.21.19#06=Q(K)	מִדְיָנִ֣ים	me.do.nim	contentions	{H4079}	HNcmpa	K= me.do.nim (מְדוֹנִים) "contentions" (H4066=HNcmpa)	L= מִדְוָנִ֣ים ¦ ;	H4079	H4066		{H4079=מִדְיָן=contention}					
Pro.21.29#07=Q(K)	יָבִ֬ין	ya.chin	he considers	{H0995}	HVqi3ms	K= ya.khin (יָכִין) "he directs" (H3559A=HVhi3ms)	L= יָכִ֬ין ¦ ;	H0995	H3559A		{H0995=בִּין=to understand}					
Pro.21.29#08=Q(K)	דַּרְכּֽ/וֹ\׃	de.ra.kha/v	way/ his	{H1870G}/H9023\H9016	HNcbsc/Sp3ms	K= de.ra.kha/v (דְּרָכָי/ו\׃) "ways/ his" (H1870G/H9023\H9016=HNcbpc/Sp3ms)	L= דַּרְכֹּֽי/ו\׃ ¦ ;	H1870G			{H1870G=דֶּ֫רֶךְ=: conduct»way:3_conduct;_lifestyle}/H9023=Ps3m=his\H9016=׃=verseEnd					
Pro.22.3#04=Q(K)	וְ/נִסְתָּ֑ר	ve./yi.sa.ter	and/ he hides himself	H9001/{H5641}	Hc/VNq3ms	K= ve./yi.sa.ter (וְ/יִסָּתֵר) "and/ he hides himself" (H9001/H5641=Hc/VNw3ms)	L= וְ/יִסְתָּ֑ר ¦ ;	H5641			H9001=ו=&/{H5641=סָתַר=to hide}					
Pro.22.11#02=Q(K)	טְהָר	te.hor-	pure of	{H2889}	HAamsc	K= te.hor- (טְהוֹר) "pure of" (H2889=HAabsc)	L= טְהָור\־ ¦ ;	H2889	, H2890		{H2889=טָהוֹר=clean}					
Pro.22.20#04=Q(K)	שָׁלִישִׁ֑ים	shil.shom	officers	{H7991C}	HNcmpa	K= shil.shom (שִׁלְשׁוֹם) "three days ago" (H8032=HNcbsa)	L= שָׁלִשִׁ֑ום ¦ ;	H7991C	H8032		{H7991C=שָׁלִישׁ=officer}					
Pro.22.25#03=Q(K)	אֹֽרְחֹתָ֑י/ו	'a.re.cha.to/v	ways/ his	{H0734}/H9023	HNcfpc/Sp3ms	K= 'a.re.cha.to/v (אָרְחָת/וֹ) "way/ his" (H0734/H9023=HNcfsc/Sp3ms)	L= אֹֽרְחֹתָ֑/ו ¦ ;	H0734			{H0734=אֹ֫רַח=way}/H9023=Ps3m=his					
Pro.23.3#02=Q(K)	תִּ֭תְאָיו	tit.'o	you crave	{H0183}	HVpj2mp	K= tit.'o (תְּתָאוּ) "you mark out" (H8376=HVpj2mp)	L= תִּ֭תְאָו ¦ ;	H0183	H8376		{H0183=אָוָה=to desire}					
Pro.23.5#01=Q(K)	הֲ/תָ֤עִיף	ha./ta.'uf	¿/ do you cause to fly	H9008/{H5774A}	HTi/Vhi2ms	K= ha./ta.'uf (הֲ/תָעוּף) "¿/ do you fly" (H9008/H5774A=HTi/Vqi2ms)	L= הֲ/תָ֤עִוף ¦ ;	H5774A_a	, H9009		H9008=ה=¿/{H5774A=עוּף=to fly}					
Pro.23.5#11=Q(K)	יָע֥וּף	ve.'a.yef	it flies away	{H5774A}	HVqi3ms	K= ve./'a.yef (וְ/עָיֵף) "and/ it flies away" (H9001/H5774A=Hc/Vqq3ms)	L= וָ/ע֥יּף ¦ ;	H5774A_B			{H5774A=עוּף=to fly}					
Pro.23.6#08=Q(K)	תִּ֝תְאָ֗יו	tit.'av	you crave	{H0183}	HVtj2ms	K= tit.'av (תְּתָאוּ) "you mark out" (H8376=HVtj2ms)	L= תִּ֝תְאָ֗ו ¦ ;	H0183	H8376		{H0183=אָוָה=to desire}					
Pro.23.24#05=Q(K)	וְ/יוֹלֵ֥ד	ve./yo.led	and/ [one who] begets	H9002/{H3205}	HC/Vqrmsa	K= yo.led (יוֹלֵד) "[one who] begets" (H3205=HVqrmsa)	L= ְיוֹלֵ֥ד ¦ ;	H3205			H9002=ו=and/{H3205=יָלַד=to beget}					
Pro.23.24#07=Q(K)	יִשְׂמַח	ve.yis.mach-	he rejoices	{H8055}	HVqi3ms	K= ve./yis.mach- (וְ/יִשְׂמַח) "and/ he rejoices" (H9002/H8055=HC/Vqu3ms)	L= ו/יִשְׂמַח\־ ¦ ;	H8055_A			{H8055=שָׂמַח=to rejoice}					
Pro.23.26#07=Q(K)	תִּצֹּֽרְנָה\׃	tir.tze.nah	let them observe	{H5341}\H9016	HVqi3fp	K= tir.tze.nah (תִּרְצֶנָה\׃) "let them delight in" (H7521\H9016=HVqi3fp)	L= תִּרֹֽצְנָה\׃ ¦ ;	H5341	H7521		{H5341=נָצַר=to watch}\H9016=׃=verseEnd					
Pro.23.29#06=Q(K)	מִדְיָנִ֨ים	mi.do.nim	contentions	{H4079}	HNcmpa	K= mi.do.nim (מְדוֹנִים) "contentions" (H4066=HNcmpa)	L= מִדְוָנִ֨ים\׀ ¦ ;	H4079	H4066		{H4079=מִדְיָן=contention}					
Pro.23.31#08=Q(K)	בַּ/כּ֣וֹס	ba./kis	in the/ cup	H9003/{H3563A}	HRd/Ncfsa	K= ba./kis (בַּ/כִּיס) "in the/ bag" (H9003/H3599=HRd/Ncbsa)	L= בַּ/כֹּ֣יס ¦ ;	H3563A	H3599		H9003=ב=in/{H3563A=כּוֹס=cup}					
Pro.24.17#02=Q(K)	אֽ֭וֹיִבְ/ךָ	'oy.vei./kha	enemy/ your	{H0341}/H9021	HVqrmsc/Sp2ms	K= 'oy.vei./kha (אוֹיְבֶי/ךָ) "enemies/ your" (H0341/H9021=HVqrmpc/Sp2ms)	L= אֽ֭וֹיִבְי/ךָ ¦ ;	H0341			{H0341=אֹיֵב=enemy}/H9021=Ps2m=your					
Pro.25.24#07=Q(K)	מִ֝דְיָנִ֗ים	mi.do.nim	contentions	{H4079}	HNcmpa	K= mi.do.nim (מְדוֹנִים) "contentions" (H4066=HNcmpa)	L= מִ֝דְוָנִ֗ים ¦ ;	H4079	H4066		{H4079=מִדְיָן=contention}					
Pro.26.2#08=Q(K)	ל֣/וֹ	l/o	to/ him	H9005/{H9033}	HR/Sp3ms	K= lo' (לֹא) "not" (H3808=HTn)	L= לֹ֣א ¦ ;	H9033	H3808		H9005=ל=to/{H9033=Os3m=him}					
Pro.26.21#06=Q(K)	מִ֝דְיָנִ֗ים	mi.do.nim	contentions	{H4079}	HNcmpa	K= mi.do.nim (מְדוֹנִים) "contentions" (H4066=HNcmpa)	L= מִ֝דְוָנִ֗ים ¦ ;	H4079	H4066		{H4079=מִדְיָן=contention}					
Pro.26.24#01=Q(K)	בִּ֭/שְׂפָתָי/ו	bi/s.fa.to/v	with/ lips/ his	H9003/{H8193G}/H9023	HR/Ncfdc/Sp3ms	K= bi/s.fa.to/v (בִּ/שְׂפָת/וֹ) "with/ lip/ his" (H9003/H8193G/H9023=HR/Ncfsc/Sp3ms)	L= בִּ֭/שְׂפָתָ/ו ¦ ;	H8193G			H9003=ב=in/{H8193G=שָׂפָה=: lips»lip:1_lips;_mouth}/H9023=Ps3m=his					
Pro.27.10#02=Q(K)	וְ/רֵ֪עַ	ve./re.'eh	and/ [the] neighbor of	H9002/{H7453}	HC/Ncmsc	K= ve./re.'eh (וְ/רֵעֶה) "and/ [the] friend of" (H9002/H7463=HC/Ncbsc)	L= וְ/רֵ֪עַה ¦ ;	H7453_b	H7463		H9002=ו=and/{H7453=רֵעַ=neighbor}					
Pro.27.15#06=Q(K)	מִ֝דְיָנִ֗ים	mi.do.nim	contentions	{H4079}	HNcmpa	K= mi.do.nim (מְדוֹנִים) "contentions" (H4066=HNcmpa)	L= מִ֝דְוָנִ֗ים ¦ ;	H4079	H4066		{H4079=מִדְיָן=contention}					
Pro.27.20#02=Q(K)	וַ֭/אֲבַדּ/וֹ	va./'a.va.d/oh	and/ destruction/ its	H9002/{H0010}/H9023	HC/Ncfsc/Sp3ms	K= va./'a.va.doh (וַ/אֲבַדֹּה) "and/ Abaddon" (H9002/H0011=HC/Ntmsc)	L= וַ֭/אֲבַדֹּה ¦ ;	H0010	H0011		H9002=ו=and/{H0010=אֲבַדּוֹן=destruction}/H9023=Ps3m=his					
Pro.27.24#08=Q(K)	וָ/דֽוֹר\׃	ve./dor	and/ a generation	H9002/{H1755}\H9016	HC/Ncmsa	K= dor (דּוֹר\׃) "a generation" (H1755\H9016=HNcbsa)	L= ָדֽוֹר\׃ ¦ ;	H1755_B			H9002=ו=and/{H1755=דּוֹר=generation}\H9016=׃=verseEnd					
Pro.28.8#04=Q(K)	וְ/תַרְבִּ֑ית	u./ve.tar.bit	and/ usury	H9002/{H8636}	HC/Ncfsa	K= u./ve./tar.bit (וּ/בְ/תַרְבִּית) "and/ by/ usury" (H9002/H9003/H8636=HC/R/Ncfsa)	L= וְ/ב/תַרְבִּ֑ית ¦ ;	H8636			H9002=ו=and/{H8636=תַּרְבִּית=increment}					
Pro.28.16#06=Q(K)	שֹׂ֥נֵא	so.ne.'ei'	[one who] hates	{H8130}	HVqrmsa	K= so.ne.'ei (שֹׂנְאֵי) "[those who] hate" (H8130=HVqrmpc)	L= שֹׂ֥נֵאי ¦ ;	H8130			{H8130=שָׂנֵא=to hate}					
Pro.30.10#05=Q(K)	אֲדֹנָ֑י/ו	'a.do.no/v	master<s>/ his	{H0113}/H9023	HNcmpc/Sp3ms	K= 'a.do.no/v (אֲדֹנ/וֹ) "master/ his" (H0113/H9023=HNcbsc/Sp3ms)	L= אֲדֹנָ֑/ו ¦ ;	H0113			{H0113=אָדוֹן=lord}/H9023=Ps3m=his					
Pro.31.4#09=Q(K)	אֵ֣י	'ov	where?	{H0335}	HTi	K= 'ov (אוֹ) "or" (H0176A=HC)	L= אֵ֣ו ¦ ;	H0335	H0176A, H0176B		{H0335=אַי=where?}					
Pro.31.16#06=Q(K)	נָ֣טְעָה	ne.ta'	she plants	{H5193}	HVqp3fs	K= ne.ta' (נְטַע) "he plants" (H5193=HVqp3ms)	L= נָ֣טְעָ ¦ ;	H5193			{H5193=נָטַע=to plant}					
Pro.31.18#07=Q(K)	בַ/לַּ֣יְלָה	va./la.yil	in the/ night	H9003/{H3915}	HRd/Ncmsa	K= va./la.yil (בַ/לַּיִל) "in the/ night" (H9003/H3915=HRd/Ncbsa)	L= בַ/לַּ֣יְלָ ¦ ;	H3915			H9003=ב=in/{H3915=לַ֫יְלָה=night}					
Ecc.4.8#15=Q(K)	עֵינ֖/וֹ	ei.na/v	eye/ his	{H5869A}/H9023	HNcfsc/Sp3ms	K= ei.na/v (עֵינָי/ו) "eyes/ his" (H5869A/H9023=HNcbdc/Sp3ms)	L= עֵינ֖י/וֹ ¦ ;	H5869A			{H5869A=עַ֫יִן=: eye»eye:1_eye}/H9023=Ps3m=his					
Ecc.5.1(4.17)#02=Q(K)	רַגְלְ/ךָ֗	rag.lei./kha	foot/ your	{H7272}/H9021	HNcfsc/Sp2ms	K= rag.lei./kha (רַגְלֶי/ךָ) "feet/ your" (H7272/H9021=HNcbdc/Sp2ms)	L= רַגְלְי/ךָ֗ ¦ ;	H7272			{H7272=רֶ֫גֶל=foot}/H9021=Ps2m=your					
Ecc.5.9(5.8)#04=Q(K)	ה֑וּא	hi'	it	{H1931}	HPp3ms	K= hi' (הִיא) "it" (H1931=HPp3fs)	L= ה֑יּא ¦ ;	H1931			{H1931=הוּא=he;_she;_it}					
Ecc.5.11(5.10)#10=Q(K)	רְא֥וּת	re.'i.yat	[the] sight of	{H7212}	HNcfsc	K= re.'i.yat (רְאִיַּת) "[the] appearance of" (H7207=HNcbsc)	L= רְא֥יּת ¦ ;	H7212	H7207		{H7212=רְאוּת=sight}					
Ecc.6.10#14=Q(K)	שֶׁ/תַּקִּ֖יף	she./hat.kif	[one] who/ [is] mighty	H9007/{H8623}	HTr/Aamsa	K= she./hat.kif (שֶׁ/הַתְקִיף) "[one] who/ to make mighty" (H9007/H8630=HTr/Vhaa)	L= שֶׁ/התַּקִּ֖יף ¦ ;	H8623	H8630		H9007=ש=which/{H8623=תַּקִּיף=mighty}					
Ecc.7.22#09=Q(K)	אַתָּ֖ה	'at	you	{H0859A}	HPp2ms	K= 'at (אַתְּ) "you" (H0859C=HPp2fs)	L= אַתָּ֖ ¦ ;	H0859A	H0859C		{H0859A=אַתָּ֫ה=you(m.s.)}					
Ecc.9.4#04=Q(K)	יְחֻבַּ֔ר	yi.ba.cher	he is united	{H2266}	HVPi3ms	K= yi.ba.cher (יִבָּחֵר) "he is chosen" (H0977=HVPi3ms)	L= יְבֻחַ֔ר ¦ ;	H2266	H0977		{H2266=חָבַר=to unite}					
Ecc.10.3#03=Q(K)	כְּ/שֶׁ/סָּכָ֥ל	ke./she./sa.khal	like/ when/ a fool	H9004/H9007/{H5530}	HR/Tr/Aamsa	K= ke./she./ha./sa.khal (כְּ/שֶׁ/הַ/סָּכָל) "like/ when/ the/ fool" (H9004/H9007/H9009/H5530=HR/Tr/Td/Ncbsa)	L= כְּ/שֶׁ/ה/סָּכָ֥ל ¦ ;	H5530_A			H9004=כ=like/H9007=ש=which/{H5530=סָכָל=fool}					
Ecc.10.20#18=Q(K)	כְּנָפַ֖יִם	ke.na.fa.yim	of wings	{H3671}	HNcfda	K= ha./ke.na.fa.yim (הַ/כְּנָפַיִם) "of the/ wings" (H9009/H3671=HTd/Ncbda)	L= ה/כְּנָפַ֖יִם ¦ ;	H3671			{H3671=כָּנָף=wing}					
Ecc.12.6#04=Q(K)	יֵרָתֵק֙	yi.r.chak	it will be snapped	{H7576}	HVNi3ms	K= yi.r.chak (יִרְחַק) "it will be distant" (H7368=HVqi3ms)	L= יֵרָחֵק֙ ¦ ;	H7576	H7368		{H7576=רָתַק=to bind}					
Sng.1.17#04=Q(K)	רַהִיטֵ֖/נוּ	ra.chi.te./nu	rafters/ our	{H7351}/H9025	HNcmsc/Sp1bp	K= ra.chi.te./nu (רַחִיטֵ/נוּ) "rafters/ our" (H7351/H9025=HNcbsc/Sp1bp)	L= רַחִיטֵ֖/נוּ ¦ ;	H7351			{H7351=רָהִיט=rafter}/H9025=Pp1c=our					
Sng.2.11#03=Q(K)	הַ/סְּתָ֖יו	ha./se.tav	the/ winter	H9009/{H5638}	HTd/Ncmsa	K= ha./se.tav (הַ/סְּתָו) "the/ winter" (H9009/H5638=HTd/Ncbsa)	L= הַ/סְּתָ֖ו ¦ ;	H5638			H9009=ה=the/{H5638=סְתָיו=winter}					
Sng.2.13#09=Q(K)	לָ֛/ךְ	le./khi	<for>/ yourself	H9005/{H9032}	HR/Sp2fs	K= le.khi (לְכִי) "come" (H1980G=HVqv2fs)	L= לָ֛כְי ¦ ;	H9032_a	H1980G_a, H3212_a		H9005=ל=to/{H9032=Os2f=you}					
Sng.4.9#05=Q(K)	בְּ/אַחַ֣ת	be./'a.chad	with/ one	H9003/{H0259}	HR/Acfsa	K= be./'a.chad (בְּ/אַחַד) "with/ one" (H9003/H0259=HR/Ncbsc)	L= בְּ/אַחַ֣ד ¦ ;	H0259_A			H9003=ב=in/{H0259=אֶחָד=one}					
