Jos.2.13#09=Q(K)	אַחְיוֹתַ֔/י	'a.cho.ta/i	sisters/ my	{H0269}/H9020	HNcfpc/Sp1bs	K= 'a.cho.ta/i (אַחוֹתַ/י) "sister/ my" (H0269/H9020=HNcfsc/Sp1bs)	L= אַחְוֹתַ֔/י ¦ ;	H0269			{H0269=אָחוֹת=sister}/H9020=Ps1c=my					
Jos.3.16#10=Q(K)	מֵֽ/אָדָ֤ם	me./'a.dam	from/ Adam	H9006/{H0121H}	HR/Npl	K= va./'a.dam (בָ/אָדָם) "at/ <the> Adam" (H9003/H0121H=HRd/Npl)	L= בֵֽ/אָדָ֤ם ¦ ;	H0121H			H9006=מ=from/{H0121H=אָדָם=Adam»Adam@Jos.3.16}					
Jos.4.18#02=Q(K)	כַּ/עֲל֨וֹת	ka./'a.lot	just as/ came up	H9004/{H5927G}	HR/Vqcc	K= ba./'a.lot (בַּ/עֲלוֹת) "when/ came up" (H9003/H5927G=HR/Vqcc)	L= בַּ/עֲל֨וֹת ¦ ;	H5927G			H9004=כ=like/{H5927G=עָלָה=: rise»to ascend:1_rise;_go}					
Jos.5.1#27=Q(K)	עָבְרָ֑/ם	a.ve.ra./m	passing over/ they	{H5674A}/H9048	HVqcc/Sp3mp	K= a.ve.ra./nu (עָבְרָ/נוּ) "passing over/ we" (H5674A/H9045=HVqcc/Sp1bp)	L= עָבְרָ֑/נו ¦ ;	H5674A			{H5674A=עָבַר=: pass»to pass:1_pass}/H9048=Sp3m=they					
Jos.6.5#05=Q(K)	כְּ/שָׁמְעֲ/כֶם֙	ke./sha.me.'a./khem	just as/ hear/ you	H9004/{H8085G}/H9046	HR/Vqcc/Sp2mp	K= be./sha.me.'a./khem (בְּ/שָׁמְעֲ/כֶם) "when/ hear/ you" (H9003/H8085G/H9046=HR/Vqcc/Sp2mp)	L= בְּ/שָׁמְעֲ/כֶם֙ ¦ ;	H8085G			H9004=כ=like/{H8085G=שָׁמַע=: hear»to hear:1_hear}/H9046=Sp2m=you					
Jos.6.7#01=Q(K)	וַ/יֹּ֙אמֶר֙	va/i.yo.me.ru	and/ he said	H9001/{H0559}	Hc/Vqw3ms	K= va/i.yo.me.ru (וַ/יֹּאמְרוּ) "and/ they said" (H9001/H0559=Hc/Vqw3mp)	L= וַ/יֹּ֙אמֶר֙ו ¦ ;	H0559			H9001=ו=&/{H0559=אָמַר=to say}					
Jos.6.9#05=Q(K)	תֹּקְעֵ֖י	ta.ke.'u	[who] give a blast on	{H8628}	HVqrmpc	K= ta.ke.'u (תָּקְעוּ) "they gave a blast on" (H8628=HVqp3cp)	L= תֹּקְעֵ֖ו ¦ ;	H8628_A			{H8628=תָּקַע=to blow}					
Jos.6.13#22=Q(K)	הָל֖וֹךְ	ho.lekh	walking	{H1980L}	HVqaa	K= ho.lekh (הוֹלֵךְ) "walking" (H1980L=HVqrmsa)	L= הָולֹ֖ךְ ¦ ;	H1980L_e	, H3212_e		{H1980L=הָלַךְ=: continue»to go:6_continue;_will_be[future]}					
Jos.8.16#05=Q(K)	בָּ/עַ֔י	ba./'ir	[was] in <the>/ Ai	H9003/{H5857G}	HRd/Npl	K= ba./'ir (בָּ/עִיר) "[was] in the/ city" (H9003/H5892B=HRd/Ncfsa)	L= בָּ/עַ֔יר ¦ ;	H5857G	H5892B_a		H9003=ב=in/{H5857G=עַי=Ai»Ai@Gen.12.8-Isa}					
Jos.9.7#01=Q(K)	וַ/יֹּ֥אמֶר	va/i.yo.me.ru	and/ he said	H9001/{H0559}	Hc/Vqw3ms	K= va/i.yo.me.ru (וַ/יֹּאמְרוּ) "and/ they said" (H9001/H0559=Hc/Vqw3mp)	L= וַ/יֹּ֥אמֶרו ¦ ;	H0559			H9001=ו=&/{H0559=אָמַר=to say}					
Jos.15.4#06=Q(K)	וְ/הָי֛וּ	ve./ha.yah	and/ they are	H9001/{H1961}	Hc/Vqq3cp	K= ve./ha.yah (וְ/הָיָה) "and/ it is" (H9001/H1961=Hc/Vqq3ms)	L= וְ/הָיֻ֛ה ¦ ;	H1961_A			H9001=ו=&/{H1961=הָיָה=to be}					
Jos.15.47#11=Q(K)	הַ/גָּד֖וֹל	ha./ga.Vol	<the>/ great	H9009/{H1419J}	HTd/Aamsa	K= ha./ga.Vol (הַ/גְּבוּל) "the/ border" (H9009/H1366G=HTd/Ncbsa)	L= הַ/גָּב֖וֹל ¦ ;	H1419J	H1366G_a		H9009=ה=the/{H1419J=גָּדוֹל=Great( Sea) (KJV: the great sea; NIV: Mediterranean Sea)»Great_Sea@Num.34.6-Ezk}					
Jos.15.53#01=Q(K)	וְ/יָנ֥וּם	ve./ya.nim	and/ Janum	H9002/{H3241}	HC/Npl	K= ve./ya.nim (וְ/יָנִים) "and/ Janim" (H9002/H3241=HC/Npl)	L= וְ/יָנ֥יּם ¦ ;	H3241			H9002=ו=and/{H3241=יָנוּם=Janim»Janim@Jos.15.53}					
Jos.15.63#06=Q(K)	יָכְל֥וּ	yu.khe.lu	they were able	{H3201}	HVqp3cp	K= yu.khe.lu (יוּכְלוּ) "they are able" (H3201=HVqi3mp)	L= יָוכְל֥וּ ¦ ;	H3201			{H3201=יָכֹל=be able}					
Jos.16.3#14=Q(K)	תֹצְאֹתָ֖י/ו	to.tze.'o.to/v	extremities/ its	{H8444}/H9023	HNcfpc/Sp3ms	K= to.tze.'o.to/v (תֹצְאֹת/וֹ) "extremity/ its" (H8444/H9023=HNcfsc/Sp3ms)	L= תֹצְאֹתָ֖/ו ¦ ;	H8444			{H8444=תּוֹצָאָה=outgoing}/H9023=Ps3m=his					
Jos.18.12#17=Q(K)	וְ/הָיוּ֙	ve./ha.yah	and/ they are	H9001/{H1961}	Hc/Vqq3cp	K= ve./ha.yah (וְ/הָיָה) "and/ it is" (H9001/H1961=Hc/Vqq3ms)	L= וְ/הָיֻה֙ ¦ ;	H1961_B			H9001=ו=&/{H1961=הָיָה=to be}					
Jos.18.14#15=Q(K)	וְ/הָי֣וּ	ve./ha.yah	and/ they are	H9001/{H1961}	Hc/Vqq3cp	K= ve./ha.yah (וְ/הָיָה) "and/ it is" (H9001/H1961=Hc/Vqq3ms)	L= וְ/הָיֻ֣ה ¦ ;	H1961			H9001=ו=&/{H1961=הָיָה=to be}					
Jos.18.19#08=Q(K)	וְ/הָי֣וּ	ve./ha.yah	and/ they are	H9001/{H1961}	Hc/Vqq3cp	K= ve./ha.yah (וְ/הָיָה) "and/ it is" (H9001/H1961=Hc/Vqq3ms)	L= וְ/הָיֻ֣ה\׀ ¦ ;	H1961			H9001=ו=&/{H1961=הָיָה=to be}					
Jos.18.19#09=Q(K)	תֹּצְא֣וֹת	to.tze.'o.tav	[the] extremities of	{H8444}	HNcfpc	K= to.tze.'o.ta/v (תֹּצְאוֹתָי/ו) "extremities of/ its" (H8444/H9023=HNcfpc/Sp3ms)	L= תֹּצְא֣וֹתי/ו ¦ ;	H8444			{H8444=תּוֹצָאָה=outgoing}					
Jos.18.24#02=Q(K)	הָֽ/עַמֹּנָ֛ה	ha./'a.mo.ni	<the>/ Ammonah	H9009/{H3726}	HTd/Npl	K= ha./'a.mo.ni (הָ/עַמֹּנִי) "<the>/ Ammoni" (H9009/H3726=HTd/Npl)	L= הָֽ/עַמֹּנָ֛י ¦ ;	H3726			H9009=ה=the/{H3726= הָעַמּוֹנִי=-ammoni»Chephar-ammoni@Jos.18.24}					
Jos.19.22#04=Q(K)	וְ/שַׁחֲצִ֙ימָה֙	ve./sha.cha.tzu.mah	and/ to Shahazayim	H9002/{H7831}	HC/Npl	K= ve./sha.cha.tzu.mah (וְ/שַׁחֲצוּמָה) "and/ to Shahzum" (H9002/H7831=HC/Npl)	L= וְ/שַׁחֲצִ֙ומָה֙ ¦ ;	H7831			H9002=ו=and/{H7831=שַׁחֲצִ֫ימָה=Shahazumah»Shahazumah@Jos.19.22}					
Jos.19.29#11=Q(K)	וְ/הָי֧וּ	ve./yih.yu	and/ they are	H9001/{H1961}	Hc/Vqq3cp	K= ve./yih.yu (וְ/יִהְיוּ) "and/ they are" (H9002/H1961=HC/Vqu3mp)	L= וְ/יהָי֧וּ ¦ ;	H1961			H9001=ו=&/{H1961=הָיָה=to be}					
Jos.20.8#18=Q(K)	גּוֹלָ֥ן	ga.lon	Golan	{H1474}	HNpl	K= ga.lon (גָּלוֹן) "Galon" (H1474=HNpl)	L= גֹּלָ֥ון ¦ ;	H1474			{H1474=גּוֹלָן=Golan»Golan@Deu.4.43-1Ch}					
Jos.21.27#13=Q(K)	גּוֹלָ֤ן	ga.lon	Golan	{H1474}	HNpl	K= ga.lon (גָּלוֹן) "Galon" (H1474=HNpl)	L= גֹּלָ֤ון ¦ ;	H1474			{H1474=גּוֹלָן=Golan»Golan@Deu.4.43-1Ch}					
Jos.22.7#12=Q(K)	בְּ/עֵ֥בֶר	be./'e.ver	on/ [the] other side of	H9003/{H5676G}	HR/Ncmsc	K= me./'e.ver (מֵ/עֵבֶר) "from/ [the] other side of" (H9006/H5676G=HR/Ncbsc)	L= מְ/עֵ֥בֶר ¦ ;	H5676G			H9003=ב=in/{H5676G=עֵ֫בֶר=: side»side:2_beside}					
Jos.24.8#01=Q(K)	וָ/אָבִ֣יא	va./'a.vi.'a'	and/ I brought	H9001/{H0935P}	Hc/Vhw1cs	K= va./'a.vi.'a/h (וָ/אָבִאָ/ה) "and/ I brought/ !" (H9001/H0935P/H9012=Hc/Vhw1cs/Sh)	L= וָ/אָבִ֣א/ה ¦ ;	H0935P			H9001=ו=&/{H0935P=בּוֹא=: bring»to come (in):2_bring;_take_in}					
Jos.24.15#20=Q(K)	מֵ/עֵ֣בֶר	me./'e.ver	[were] from/ [the] other side of	H9006/{H5676H}	HR/Ncmsc	K= be./'e.ver (בְּ/עֵבֶר) "[were] on/ [the] other side of" (H9003/H5676H=HR/Ncbsc)	L= בֵּ/עֵ֣בֶר ¦ ;	H5676H			H9006=מ=from/{H5676H=עֵ֫בֶר=: ahead»side:2_ahead}					
Jdg.1.27#14=Q(K)	יֹשְׁבֵ֨י	yo.shev	[the] inhabitants of	{H3427}	HVqrmpc	K= yo.shev (יֹשֵׁב) "[the] inhabitant[s] of" (H3427=HVqrmsc)	L= יֹשְׁבֵ֨ ¦ ;	H3427_A			{H3427=יָשַׁב=to dwell}					
Jdg.4.11#13=Q(K)	בְּ/צַעֲנַנִּ֖ים	ba/tz.'a.nim	in/ Zaanannim	H9003/{H6815}	HR/Npl	K= ba/tz.'a.nim (בַּ/צְעַנִּים) "in/ Zaanim" (H9003/H6815=HR/Npl)	L= בְּ/צַעֲנַּיִ֖ם ¦ ;	H6815			H9003=ב=in/{H6815=צַעֲנַנִּים=Zaanannim»Zaanannim@Jos.19.33-Jdg}					
Jdg.6.5#06=Q(K)	וּ/בָ֤אוּ	vu./ba'u	and/ they came	H9001/{H0935G}	Hc/Vqq3cp	K= ya.vo.'u (יָבֹאוּ) "they came" (H0935G=HVqi3mp)	L= יּבָ֤אוּ ¦ ;	H0935G_A			H9001=ו=&/{H0935G=בּוֹא=: come»to come (in):1_come;_go_in}					
Jdg.7.13#13=Q(K)	צְלִ֜יל	tze.lol	a round loaf of	{H6742}	HNcmsc	K= tze.lol (צְלוֹל) "a round loaf of" (H6742=HNcbsc)	L= צְלִ֜ול ¦ ;	H6742			{H6742=צְלִיל=bun}					
Jdg.7.21#10=Q(K)	וַ/יָּנֽוּסוּ\׃	va/i.ya.ni.su	and/ they fled	H9001/{H5127}\H9016	Hc/Vhw3mp	K= va/i.ya.ni.su (וַ/יָּנִיסוּ\׃) "and/ they put [them] to flight" (H9001/H5127\H9016=Hc/Vqw3mp)	L= וַ/יָּנֽיּסוּ\׃ ¦ ;	H5127			H9001=ו=&/{H5127=נוּס=to flee}\H9016=׃=verseEnd					
Jdg.11.37#20=Q(K)	וְ/רֵעוֹתָֽ/י\׃	ve./ra.'i.t/i	and/ companions/ my	H9002/{H7464}/H9020\H9016	HC/Ncfpc/Sp1bs	K= ve./ra.'i.t/i (וְ/רֵעְיֹתָ/י\׃) "and/ companions/ my" (H9002/H7474/H9020\H9016=HC/Ncfpc/Sp1bs)	L= וְ/רֵעֹיתָֽ/י\׃ ¦ ;	H7464	H7474		H9002=ו=and/{H7464=רֵעָה=companion}/H9020=Ps1c=my\H9016=׃=verseEnd					
Jdg.13.17#10=Q(K)	דְבָרְ/ךָ֖	div.rei./kha	word/ your	{H1697G}/H9021	HNcmsc/Sp2ms	K= div.rei./kha (דִבְרֶי/ךָ) "words/ your" (H1697G/H9021=HNcmpc/Sp2ms)	L= דְבָרְי/ךָ֖ ¦ ;	H1697G			{H1697G=דָּבָר=: word»word:1_word;_speech;_command}/H9021=Ps2m=your					
Jdg.16.18#18=Q(K)	לִ֖/י	la/i	to <the>/ me	H9005/{H9030}	HRd/Sp1bs	K= la/h (לָ/הּ) "to/ her" (H9005/H9034=HRd/Sp3fs)	L= לִ֖/ה ¦ ;	H9030	H9034_b		H9005=ל=to/{H9030=Os1c=me}					
Jdg.16.21#14=Q(K)	הָ/אֲסוּרִֽים\׃	ha./'a.si.rim	those/ imprisoned	H9009/{H0631}\H9016	HTd/Vqsmpa	K= ha./'a.si.rim (הָ/אֲסִירִים\׃) "the/ prisoners" (H9009/H0615\H9016=HTd/Ncmpa)	L= הָ/אֲסיּרִֽים\׃ ¦ ;	H0631_b	H0615		H9009=ה=the/{H0631=אָסַר=to bind}\H9016=׃=verseEnd					
Jdg.16.25#02=Q(K)		[ ]	[ ]			K= ki (כִּי) "for" (H3588A=HR)	L= כְּי ¦ ;		H3588A							
Jdg.16.25#03=Q(K)	כְּ/ט֣וֹב	ke./tov	like/ good	H9004/{H2895}	HR/Vqcc	K= tov (טוֹב) "it was good" (H2895=HVhi3ms)	L= ט֣וֹב ¦ ;	H2895	, H2896A		H9004=כ=like/{H2895=טוֹב=be pleasing}					
Jdg.16.25#13=Q(K)	הָ/אֲסוּרִ֗ים	ha./'a.si.rim	those/ imprisoned	H9009/{H0631}	HTd/Vqsmpa	K= ha./'a.si.rim (הָ/אֲסיּרִ֗ים) "the/ prisoners" (H9009/H0615=HTd/Ncmpa)	L= הָ/אֲסיּרִ֗ים ¦ ;	H0631	H0615		H9009=ה=the/{H0631=אָסַר=to bind}					
Jdg.16.26#09=Q(K)	וַ/הֲמִשֵׁ֙/נִי֙	va./hei.mi.she./ni	and/ let feel/ me	H9002/{H4184}/H9030	HC/Vhv2ms/Sp1bs	K= va./hei.mi.she./ni (וְ/הֵימִשֵׁ/נִי) "and/ let touch/ me" (H9002/H3237/H9030=HC/Vhv2ms/Sp1bs)	L= וַ/הֲימִשֵׁ֙/נִי֙ ¦ ;	H4184	H3237		H9002=ו=and/{H4184=מוּשׁ=to feel}/H9030=Os1c=me					
Jdg.17.2#09=Q(K)	וְ/אַ֤תְּ	ve./'a.ti	and/ you	H9002/{H0859C}	HC/Pp2fs	K= ve./'a.ti (וְ/אַתִּי) "and/ you" (H9002/H0859B=HC/Pp2fs)	L= וְ/אַ֤תְּי ¦ ;	H0859C	H0859B		H9002=ו=and/{H0859C=אַתְּ=you(f.s.)}					
Jdg.19.3#08=Q(K)	לַ/הֲשִׁיבָ֔/הּ	la./ha.shi.vo/h	to/ bring back/ her	H9005/{H7725H}/H9034	HR/Vhcc/Sp3fs	K= la./ha.shi.vo/v (לַ/הֲשִׁיב/וֹ) "to/ bring back/ it" (H9005/H7725H/H9033=HR/Vhcc/Sp3ms)	L= לַ/הֲשִׁיבָ֔/וּ ¦ ;	H7725H			H9005=ל=to/{H7725H=שׁוּב=: rescue»to return:2_rescue;_restore}/H9034=Os3f=her					
Jdg.19.13#03=Q(K)	לְכָ֥/ה	le.Kha/h	come/ !	{H1980N}/H9012	HVqv2ms/Sh	K= le.Kha (לֵךְ) "come" (H1980N=HVqv2ms)	L= לְךָ֥ ¦ ;	H1980N	, H3212		{H1980N=הָלַךְ=: follow»to go:8_follow;_behind;_go[after]}/H9012=ה=emph.					
Jdg.19.25#21=Q(K)	כַּ/עֲל֥וֹת	ka./'a.lot	just as/ came up	H9004/{H5927L}	HR/Vqcc	K= ba./'a.lot (בַּ/עֲלוֹת) "when/ came up" (H9003/H5927L=HR/Vqcc)	L= בַּ/עֲל֥וֹת ¦ ;	H5927L			H9004=כ=like/{H5927L=עָלָה=: dawn»to ascend:6_dawn;_(sun)rise}					
Jdg.20.13#14=Q(K)	אָבוּ֙//בְּנֵ֣י	'a.Vu//be.nei	they were willing// [the] descendants	{H0014}//{H1121G}	HVqp3cp//Ncmpc	K= 'a.Vu (אָבוּ֙) "they were willing" (H0014=HVqp3cp)	L= אָבוְֵּ֣֙ ¦ ;	H0014, H1121G_b			{H0014=אָבָה=be willing}//{H1121G=בֵּן=: descendant»son:2_descendant;_people}					
Jdg.21.20#01=Q(K)	וַ/יְצַוּ֕וּ	va/y.tzav	and/ they commanded	H9001/{H6680}	Hc/Vpw3mp	K= va/y.tzav (וַ/יְצַו) "and/ he commanded" (H9001/H6680=Hc/Vpw3ms)	L= וַ/יְצַוֻּ֕ ¦ ;	H6680			H9001=ו=&/{H6680=צָוָה=to command}					
Rut.1.8#10=Q(K)	יַ֣עַשׂ	ya.'a.seh	may he deal	{H6213A}	HVqj3ms	K= ya.'a.seh (יַעֲשֶׂה) "he will deal" (H6213A=HVqi3ms)	L= יַ֣עַשׂה ¦ ;	H6213A_A			{H6213A=עָשָׂה=: do»to make:2_do;_perform}					
Rut.2.1#02=Q(K)	מוֹדַ֣ע	me.yu.da'	a relative	{H4129}	HNcmsa	K= me.yu.da' (מְיֻדָּע) "an acquaintance" (H3045=HVprmsa)	L= מֹידַ֣ע ¦ ;	H4129	H3045		{H4129=מוֹדַע=kinsman}					
Rut.3.3#04=Q(K)	שִׂמְלֹתַ֛יִ/ךְ	sim.lo.te/kh	garments/ your	{H8071}/H9022	HNcfpc/Sp2fs	K= sim.lo.te/kh (שִׂמְלֹתֵ/ךְ) "garment/ your" (H8071/H9022=HNcfsc/Sp2fs)	L= שִׂמְלֹתִַ֛/ךְ ¦ ;	H8071			{H8071=שִׂמְלָה=mantle}/H9022=Ps2f=your					
Rut.3.3#06=Q(K)	וְ/יָרַ֣דְתְּ	ve./ya.rad.ti	and/ you will go down	H9001/{H3381}	Hc/Vqq2fs	K= ve./ya.rad.ti (וְ/יָרַדְתִּי) "and/ I will go down" (H9001/H3381=Hc/Vqq1cs)	L= וְ/יָרַ֣דְתְּי ¦ ;	H3381			H9001=ו=&/{H3381=יָרַד=to go down}					
Rut.3.5#05=Q(K)	תֹּאמְרִ֥י/ /אֵלַ֖/י	tom.Ri/ /e.La/i	you are saying/ /to/ me	{H0559}/ /{H0413}/H9030	HVqi2fs//Rd/Sp1bs	K= tom.Ri (תֹּאמְרִ֥י) "you are saying" (H0559=HVqi2fs)	L= תֹּאמְרִ֥יֵַ֖ ¦ ;	H0559_b, H0413_b			{H0559=אָמַר=to say}/ /{H0413=אֶל=to(wards)}/H9030=Os1c=me					
Rut.3.12#05=Q(K)		[ ]	[ ]			K= 'im (אִם) "if" (H0518B=HTc)	L= אם ¦ ;		H0518B, H3588B_c							
Rut.3.14#02=Q(K)	מַרְגְּלוֹתָי/ו֙	mar.ge.la.ta/v	feet/ his	{H4772}/H9023	HNcfpc/Sp3ms	K= mar.ge.la.ta/v (מַרְגְּלֹת/וֹ) "foot/ his" (H4772/H9023=HNcfsc/Sp3ms)	L= מַרְגְּלוֹתָ/ו֙ ¦ ;	H4772			{H4772=מַרְגְּלוֹת=feet}/H9023=Ps3m=his					
Rut.3.14#06=Q(K)	בְּ/טֶ֛רֶם	bi/t.rom	<in>/ before	H9003/{H2962}	HR/Acbsa	K= bi/t.rom (בִּ/טְרוֹם) "<in>/ before" (H9003/H2958=HR/Ncbsa)	L= בְּ/טֶ֛רֶום ¦ ;	H2962	H2958		H9003=ב=in/{H2962=טֶ֫רֶם=before}					
Rut.3.17#08=Q(K)	אָמַ֣ר/ /אֵלַ֔/י	'a.Mar/ /'al./i	he said/ /to/ me	{H0559}/ /{H0413}/H9030	HVqp3ms//Rd/Sp1bs	K= 'a.Mar (אָמַ֣ר) "he said" (H0559=HVqp3ms)	L= אָמַ֣רֵַ֔ ¦ ;	H0559_B, H0413_A			{H0559=אָמַר=to say}/ /{H0413=אֶל=to(wards)}/H9030=Os1c=me					
Rut.4.4#20=Q(K)	וְ/אֵֽדְעָה֙	ve./'e.da'	so/ let me know	H9002/{H3045}	HC/Vqc1cs	K= ve./'e.da' (וְ/אֵדַע) "so/ I may know" (H9002/H3045=HC/Vqu1cs)	L= וְ/אֵֽדְעָ֙ ¦ ;	H3045			H9002=ו=and/{H3045=יָדַע=to know}					
Rut.4.5#13=Q(K)	קָנִ֔יתָה	ka.ni.ti	you have acquired	{H7069}	HVqp2ms	K= ka.ni.ti (קָנִיתִי) "I have acquired" (H7069=HVqp1cs)	L= קָנִ֔יתָי ¦ ;	H7069_B			{H7069=קָנָה=to buy}					
1Sa.2.3#13=Q(K)	וְ/ל֥/וֹ	ve./l/o	and/ by <the>/ him	H9002/{H9005}/H9033	HC/Rd/Sp3ms	K= ve./lo' (וְ/לֹא) "and/ not" (H9002/H3808=HC/Tn)	L= וְ/לֹ֥א ¦ ;	H9005	H3808		H9002=ו=and/{H9005=ל=to}/H9033=Os3m=him					
1Sa.2.9#02=Q(K)	חֲסִידָי/ו֙	cha.si.do/v	faithful [people]/ his	{H2623}/H9023	HAampc/Sp3ms	K= cha.si.do/v (חֲסִיד/וֹ) "faithful [person]/ his" (H2623/H9023=HAamsc/Sp3ms)	L= חֲסִידָ/ו֙ ¦ ;	H2623			{H2623=חָסִיד=pious}/H9023=Ps3m=his					
1Sa.2.10#03=Q(K)	מְרִיבָ֗י/ו	me.ri.vo/v	[those who] contend against/ him	{H7378}/H9033	HVhrmpc/Sp3ms	K= me.ri.vo/v (מְרִיב/וֹ) "[the one who] contends against/ him" (H7378/H9033=HVhrmsc/Sp3ms)	L= מְרִיבָ֗/ו ¦ ;	H7378			{H7378=רִיב=to contend}/H9033=Os3m=him					
1Sa.2.16#14=Q(K)	לֹא֙	lov'	no	{H3808}	HTn	K= lo/v (ל/וֹ) "to/ him" (H9005/H9033=HRd/Sp3ms)	L= ל/וֹ֙ ¦ ;	H3808_a	H9033		{H3808=לֹא=not}					
1Sa.3.2#07=Q(K)	וְ/עֵינָי/ו֙	ve./'ei.no/v	and/ eyes/ his	H9002/{H5869H}/H9023	HC/Ncfdc/Sp3ms	K= ve./'ei.no/v (וְ/עֵינ/וֹ) "and/ eye/ his" (H9002/H5869H/H9023=HC/Ncbsc/Sp3ms)	L= וְ/עֵינָ/ו֙ ¦ ;	H5869H			H9002=ו=and/{H5869H=עַ֫יִן=: seeing»eye:2_seeing}/H9023=Ps3m=his					
1Sa.3.18#14=Q(K)	בְּ/עֵינָ֖י/ו	be./'ei.Na/v	in/ eyes/ his	H9003/{H5869I}/H9023	HR/Ncfdc/Sp3ms	K= be./'ei.Na/v (בְּ/עֵינ/וֹ) "in/ eye/ his" (H9003/H5869I/H9023=HR/Ncbsc/Sp3ms)	L= בְּ/עֵינָ֖/ו ¦ ;	H5869I			H9003=ב=in/{H5869I=עַ֫יִן=: appearance»eye:3_appearance}/H9023=Ps3m=his					
1Sa.4.13#07=Q(K)	יַ֥ד	yach	[the] side of	{H3027J}	HNcbsc	K= yakh (יַךְ) "[the] side of" (H3197=HNcbsc)	L= יַ֥ך ¦ ;	H3027J	H3197, H5221		{H3027J=יָד=: by»hand:4_by;_though[hand_of](AGENT)}					
1Sa.5.6#09=Q(K)	בַּ/טְּחֹרִ֔ים	ba/t.cho.Rim	with <the>/ tumors	H9003/{H2914}	HRd/Ncmpa	K= bo./'o.fa.Lim (בָּ/עֳפָלִים) "with/ <the> tumors" (H9003/H6076B=HRd/Ncmpa)	L= בַּ/עְפֹלִ֔ים ¦ ;	H2914	H6076B		H9003=ב=in/{H2914=טְחֹר=tumor}					
1Sa.5.9#21=Q(K)	טְחֹרִֽים\׃	o.fa.lim	tumors	{H2914}\H9016	HNcmpa	K= o.fa.lim (עֳפָלִים\׃) "tumors" (H6076B\H9016=HNcmpa)	L= עְפֹלִֽים\׃ ¦ ;	H2914	H6076B		{H2914=טְחֹר=tumor}\H9016=׃=verseEnd					
1Sa.5.12#06=Q(K)	בַּ/טְּחֹרִ֑ים	ba/t.cho.Rim	with the/ tumors	H9003/{H2914}	HRd/Ncmpa	K= bo./'o.fa.Lim (בָּ/עֳפָלִים) "with the/ tumors" (H9003/H6076B=HRd/Ncmpa)	L= בַּ/עְפֹלִ֑ים ¦ ;	H2914	H6076B		H9003=ב=in/{H2914=טְחֹר=tumor}					
1Sa.6.4#12=Q(K)	טְחֹרֵ֣י	te.cho.Ri	tumors of	{H2914}	HNcmpc	K= a.fe.Lei (עָפְלֵי) "tumors of" (H6076B=HNcmpc)	L= עְפֹלֵ֣י ¦ ;	H2914	H6076B		{H2914=טְחֹר=tumor}					
1Sa.6.5#03=Q(K)	טְחֹרֵי/כֶ֜ם	te.cho.rei./Khem	tumors/ your	{H2914}/H9026	HNcmpc/Sp2mp	K= a.fe.lei./Khem (עָפְלֵי/כֶם) "tumors/ your" (H6076B/H9026=HNcmpc/Sp2mp)	L= עְפֹלֵי/כֶ֜ם ¦ ;	H2914	H6076B		{H2914=טְחֹר=tumor}/H9026=Pp2m=your					
1Sa.7.9#06=Q(K)	וַ/יַּעֲלֵ֧/הוּ	va/i.ya.'a.le./hu	and/ he offered up/ it	H9001/{H5927I}/H9033	Hc/Vhw3ms/Sp3ms	K= va/i.ya.'a.leh (וַ/יַּעֲלֶה) "and/ he offered up" (H9001/H5927I=Hc/Vqw3ms)	L= וַ/יַּעֲלֵ֧הֻ ¦ ;	H5927I			H9001=ו=&/{H5927I=עָלָה=: offer_up»to ascend:3_offer_up}/H9033=Os3m=him					
1Sa.8.3#04=Q(K)	בִּ/דְרָכָ֔י/ו	be./dar.kho/v	in/ ways/ his	H9003/{H1870G}/H9023	HR/Ncbpc/Sp3ms	K= be./dar.kho/v (בְּ/דַרְכּ/וֹ) "in/ way/ his" (H9003/H1870G/H9023=HR/Ncbsc/Sp3bs)	L= בִּ/דְרָכָ֔/ו ¦ ;	H1870G			H9003=ב=in/{H1870G=דֶּ֫רֶךְ=: conduct»way:3_conduct;_lifestyle}/H9023=Ps3m=his					
1Sa.9.1#03=Q(K)	מִ/בִּנְיָמִ֗ין	mi./bin.ya.Min	from/ Benjamin	H9006/{H1144G}	HR/Npm	K= mi./bin- (מִ/בִּן\־) "from/ Ben-" (H9006/H1121A\H9014=HR/Npm)	L= מִ/בִּן\־ ¦ ;	H1144G	H1121A_a		H9006=מ=from/{H1144G=בִּנְיָמִין=Benjamin»Benjamin@Gen.35.18-Rev}					
1Sa.9.1#04=Q(K)		[ ]	[ ]			K= ya.Min (יָמִין) "-jamin" (H3225I=HNpm)	L= יָמִ֗ין ¦ ;		H3225I							
1Sa.9.26#09=Q(K)	הַ/גָּ֣גָ/ה	ha./gag./h	the/ roof/ towards	H9009/{H1406}/H9011	HTd/Ncmsa/Sd	K= ha./gag (הַ/גָּג) "the/ roof" (H9009/H1406=HTd/Ncbsa)	L= הַ/גָּ֣גָ ¦ ;	H1406			H9009=ה=the/{H1406=גָּג=roof}/H9011=ה=to					
1Sa.10.21#05=Q(K)	לְ/מִשְׁפְּחֹתָ֔י/ו	le./mish.pe.cho.to/v	to/ families/ its	H9005/{H4940}/H9023	HR/Ncfpc/Sp3ms	K= le./mish.pe.cho.to/v (לְ/מִשְׁפַּחְתּ/וֹ) "to/ family/ its" (H9005/H4940/H9023=HR/Ncfsc/Sp3ms)	L= לְ/מִשְׁפְּחֹתָ֔/ו ¦ ;	H4940_A			H9005=ל=to/{H4940=מִשְׁפָּחָה=family}/H9023=Ps3m=his					
1Sa.11.6#06=Q(K)	כְּ/שָׁמְע֖/וֹ	ke./sha.me.'/ov	just as/ heard/ he	H9004/{H8085G}/H9043	HR/Vqcc/Sp3ms	K= be./sha.me.'/ov (בְּ/שָׁמְע/וֹ) "when/ heard/ he" (H9003/H8085G/H9043=HR/Vqcc/Sp3ms)	L= בְּ/שָׁמְע֖/וֹ ¦ ;	H8085G			H9004=כ=like/{H8085G=שָׁמַע=: hear»to hear:1_hear}/H9043=Ss3m=he					
1Sa.11.9#13=Q(K)	כְּ/חֹ֣ם	ke./chom	like/ [the] heat of	H9004/{H2527}	HR/Vqcc	K= be./chom (בְּ/חֹם) "at/ [the] heat of" (H9003/H2527=HR/Vqcc)	L= בְּ/חֹ֣ם ¦ ;	H2527			H9004=כ=like/{H2527=חֹם=heat}					
1Sa.12.10#04=Q(K)	וַ/יֹּאמְר֣וּ	va/i.yo.mer	and/ they said	H9001/{H0559}	Hc/Vqw3mp	K= va/i.yo.mer (וַ/יֹּאמֶר) "and/ he said" (H9001/H0559=Hc/Vqw3ms)	L= וַ/יֹּאמְרֻ֣ ¦ ;	H0559			H9001=ו=&/{H0559=אָמַר=to say}					
1Sa.13.8#01=Q(K)	וַ/יּ֣וֹחֶל	va/i.yi.chel	and/ he waited	H9001/{H3176G}	Hc/Vhw3ms	K= va/i.yi.chel (וַ/יִּיחֶל) "and/ he waited" (H9001/H3176G=Hc/VNw3ms)	L= וַ/יֹּ֣יחֶל\׀ ¦ ;	H3176G			H9001=ו=&/{H3176G=יָחַל=: wait[for_time]»to wait:1_wait[for_time]}					
1Sa.13.19#08=Q(K)	אָמְר֣וּ	'a.mar	they said	{H0559}	HVqp3cp	K= 'a.mar (אָמַר) "he said" (H0559=HVqp3ms)	L= אָמְרֻ֣ ¦ ;	H0559			{H0559=אָמַר=to say}					
1Sa.14.27#22=Q(K)	וַ/תָּאֹ֖רְנָה	va./ta.ro.nah	and/ they brightened	H9001/{H0215}	Hc/Vqw2fp	K= va./ta.ro.nah (וַ/תָּרֹאנָה) "and/ they saw" (H9001/H7200G=Hc/Vqw2fp)	L= וַ/תָּרֹ֖אְנָה ¦ ;	H0215	H7200G, H7200		H9001=ו=&/{H0215=אוֹר=to light}					
1Sa.14.32#01=Q(K)	וַ/יַּ֤עַט	va/i.ya.'as	and/ it rushed	H9001/{H5860B}	Hc/Vqw3ms	K= va/i.ya.'as (וַ/יַּעַשׂ) "and/ it did" (H9001/H6213A=Hc/Vqw3ms)	L= וַ/יַּ֤עַשׂ ¦ ;	H5860B	H6213A		H9001=ו=&/{H5860B=עִיט=to pounce}					
1Sa.14.32#04=Q(K)	הַ/שָּׁלָ֔ל	ha./sha.lal	the/ plunder	H9009/{H7998}	HTd/Ncmsa	K= sha.lal (שָׁלָל) "plunder" (H7998=HNcbsa)	L= ַשָּׁלָ֔ל ¦ ;	H7998			H9009=ה=the/{H7998=שָׁלָל=spoil}					
1Sa.15.16#14=Q(K)	וַ/יֹּ֥אמֶר	va/i.yo.me.ru	and/ he said	H9001/{H0559}	Hc/Vqw3ms	K= va/i.yo.me.ru (וַ/יֹּאמְרוּ) "and/ they said" (H9001/H0559=Hc/Vqw3mp)	L= וַ/יֹּ֥אמֶרו ¦ ;	H0559_B			H9001=ו=&/{H0559=אָמַר=to say}					
1Sa.17.7#01=Q(K)	וְ/עֵ֣ץ	ve./chatz	and/ [the] wood of	H9002/{H6086G}	HC/Ncmsc	K= ve./chatz (וְ/חָץ) "and/ [the] arrow of" (H9002/H2671=HC/Ncbsc)	L= וְ/חֵ֣ץ ¦ ;	H6086G	H2671		H9002=ו=and/{H6086G=עֵץ=: wood»tree:1_wood}					
1Sa.17.23#12=Q(K)	מִ/מַּעַרְכ֣וֹת	mi./ma.'ar.khot	from/ [the] battle lines of	H9006/{H4634}	HR/Ncfpc	K= mi./ma.'a.rot (מִ/מַּעֲרוֹת) "from/ [the] army of" (H9006/H4630=HR/Ncfpc)	L= מִ/מַּעֲרְוֹ֣ת ¦ ;	H4634	H4630		H9006=מ=from/{H4634=מַעֲרָכָה=rank}					
1Sa.18.7#07=Q(K)	בַּ/אֲלָפָ֔י/ו	ba./'el.fo/v	<on>/ thousands/ his	H9003/{H0505G}/H9023	HR/Ncbpc/Sp3ms	K= ba./'el.fo/v (בְּ/אַלְפּ/וֹ) "<on>/ thousand/ his" (H9003/H0505G/H9023=HR/Ncbsc/Sp3bs)	L= בַּ/אֲלָפָ֔/ו ¦ ;	H0505G			H9003=ב=in/{H0505G=אֶ֫לֶף=: thousand»thousand:1_thousand}/H9023=Ps3m=his					
1Sa.18.9#03=Q(K)	עוֹיֵ֣ן	a.von	looking at	{H5770}	HVqrmsa	K= a.von (עֲוֹן) "iniquity" (H5771H=HNcbsc)	L= עוֵֹ֣ן ¦ ;	H5770	H5771H		{H5770=עִין=to watch}					
1Sa.18.14#04=Q(K)	דְּרָכָ֖י/ו	da.re.Kha/v	ways/ his	{H1870G}/H9023	HNcbpc/Sp3ms	K= da.re.Kha/v (דַּרְכּ/וֹ) "way/ his" (H1870G/H9023=HNcbsc/Sp3bs)	L= דְּרָכָ֖/ו ¦ ;	H1870G			{H1870G=דֶּ֫רֶךְ=: conduct»way:3_conduct;_lifestyle}/H9023=Ps3m=his					
1Sa.18.22#04=Q(K)	עֲבָדָ֗י/ו	'a.va.Da/v	servants/ his	{H5650}/H9023	HNcmpc/Sp3ms	K= 'a.va.Da/v (עַבְדּ/וֹ) "servant/ his" (H5650/H9023=HNcmsc/Sp3ms)	L= עֲבָדָ֗/ו ¦ ;	H5650_A			{H5650=עֶ֫בֶד=servant;_slave}/H9023=Ps3m=his					
1Sa.20.2#07=Q(K)	לֹֽא\־	lo'-	not	{H3808}\H9014	HTn	K= lo/v- (ל/וֹ\־) "to/ him" (H9005/H9033\H9014=HRd/Sp3ms)	L= לֽ/וֹ\־ ¦ ;	H3808_b	H9033_b		{H3808=לֹא=not}\H9014=־=link					
1Sa.20.2#08=Q(K)	יַעֲשֶׂ֨ה	ya'a.sah	he does	{H6213A}	HVqi3ms	K= 'a.sah (עָשָׂה) "he has done" (H6213A=HVqp3ms)	L= ַעֲשֶׂ֨ה ¦ ;	H6213A			{H6213A=עָשָׂה=: do»to make:2_do;_perform}					
1Sa.20.24#08=Q(K)	אֶל	'al-	to	{H0413}	HR	K= al- (עַל) "at" (H5921A=HR)	L= עֶל\־ ¦ ;	H0413	H5921A		{H0413=אֶל=to(wards)}					
1Sa.20.38#13=Q(K)	הַ֣/חִצִּ֔ים	ha./che.tzi	the/ arrows	H9009/{H2671}	HTd/Ncmpa	K= ha./che.tzi (הַ/חֵצִי) "the/ arrow" (H9009/H2678=HTd/Ncmsa)	L= הַ֣/חִצִּ֔י ¦ ;	H2671	H2678		H9009=ה=the/{H2671=חֵץ=arrow}					
1Sa.21.11(21.12)#17=Q(K)	בַּ/אֲלָפָ֔י/ו	ba./'a.la.fo/v	<on>/ thousands/ his	H9003/{H0505G}/H9023	HR/Ncbpc/Sp3ms	K= ba./'a.la.fo/v (בְּ/אַלְפּ/וֹ) "<on>/ thousand/ his" (H9003/H0505G/H9023=HR/Ncbsc/Sp3bs)	L= בַּ/אֲלָפָ֔/ו ¦ ;	H0505G			H9003=ב=in/{H0505G=אֶ֫לֶף=: thousand»thousand:1_thousand}/H9023=Ps3m=his					
1Sa.21.11(21.12)#19=Q(K)	בְּ/רִבְבֹתָֽי/ו\׃	be./ri.vo.Ta/v	<on>/ ten thousands/ his	H9003/{H7233}/H9023\H9016	HR/Ncfpc/Sp3ms	K= be./ri.vo.Ta/v (בְּ/רִבְבֹת/וֹ\׃) "<on>/ ten thousand/ his" (H9003/H7233/H9023\H9016=HR/Ncfsc/Sp3ms)	L= בְּ/רִבְבֹתָֽ/ו\׃ ¦ ;	H7233			H9003=ב=in/{H7233=רְבָבָה=myriad}/H9023=Ps3m=his\H9016=׃=verseEnd					
1Sa.22.17#23=Q(K)	אָזְנִ֑/י	'a.ze.n/i	ear/ my	{H0241I}/H9020	HNcfsc/Sp1bs	K= 'a.ze.no/v (אָזְנ/וֹ) "ear/ his" (H0241I/H9023=HNcbsc/Sp3ms)	L= אָזְנִ֑/ו ¦ ;	H0241I			{H0241I=אֹ֫זֶן=: to[ears_of](PERSON)»ear:3_to[ears_of](PERSON)}/H9020=Ps1c=my					
1Sa.23.5#03=Q(K)	וַ/אֲנָשָׁ֨י/ו	va./'in.sho/v	and/ men/ his	H9002/{H0582}/H9023	HC/Ncmpc/Sp3ms	K= va./'in.sho/v (וְ/אֲנָשׁ/וֹ) "and/ man/ his" (H9002/H0582/H9023=HC/Ncmsc/Sp3ms)	L= וַ/אֲנָשָׁ֨/ו ¦ ;	H0582	, H0376		H9002=ו=and/{H0582=אֱנוֹשׁ=human}/H9023=Ps3m=his					
1Sa.24.4(24.5)#15=Q(K)	אֹֽיִבְ/ךָ֙	'o.ye.vei./kha	enemy/ your	{H0341}/H9021	HVqrmsc/Sp2ms	K= 'o.ye.vei./kha (אֹיְבֶי/ךָ) "enemies/ your" (H0341/H9021=HVqrmpc/Sp2ms)	L= אֹֽיִבְי/ךָ֙ ¦ ;	H0341			{H0341=אֹיֵב=enemy}/H9021=Ps2m=your					
1Sa.24.8(24.9)#06=Q(K)		[ ]	[ ]			K= min- (מִן\־) "from" (H4480A\H9014=HR)	L= מֵֽן\־ ¦ ;		H4480A							
1Sa.24.8(24.9)#07=Q(K)	מֵֽ/הַ/מְּעָרָ֔ה	me./ha./me.'a.rah	from/ the/ cave	H9006/H9009/{H4631}	HR/Td/Ncfsa	K= ha./me.'a.rah (הַ/מְּעָרָה) "the/ cave" (H9009/H4631=HTd/Ncfsa)	L= הַ/מְּעָרָ֔ה ¦ ;	H4631			H9006=מ=from/H9009=ה=the/{H4631=מְעָרָה=cave}					
1Sa.24.18(24.19)#01=Q(K)	וְ/אַתָּה֙	ve./'at	and/ you	H9002/{H0859A}	HC/Pp2ms	K= ve./'at (וְ/אַתְּ) "and/ you" (H9002/H0859C=HC/Pp2fs)	L= וְ/אַתָּ֙ ¦ ;	H0859A	H0859C		H9002=ו=and/{H0859A=אַתָּ֫ה=you(m.s.)}					
1Sa.25.3#17=Q(K)	כָלִבִּֽי\׃	khal.vov	[was] a Calebite	{H3614}\H9016	HNgmsa	K= kha/l.vo/v (כְ/לִבּ/וֹ\׃) "[was] like/ heart/ his" (H9004/H3820A/H9023\H9016=HR/Ncbsc/Sp3ms)	L= כָ/לִבִּֽ/ו\׃ ¦ ;	H3614	H3820A		{H3614=כָּלִבִּי=Calebite»Caleb@Num.13.6-1Ch}\H9016=׃=verseEnd					
1Sa.26.5#28=Q(K)	סְבִיבֹתָֽי/ו\׃	se.vi.vo.to/v	around/ him	{H5439G}/H9033\H9016	HNcbpc/Sp3ms	K= se.vi.vo.to/v (סְבִיבֹת/וֹ\׃) "around/ him" (H5439G/H9033\H9016=HNcbsc/Sp3bs)	L= סְבִיבֹתָֽ/ו\׃ ¦ ;	H5439G			{H5439G=סָבִיב=: around»around:1_around;_border}/H9033=Os3m=him\H9016=׃=verseEnd					
1Sa.26.7#15=Q(K)	מְרַאֲשֹׁתָ֑י/ו	me.ra.'a.sho.to/v	[the] place of head/ his	{H4763}/H9023	HNcfpc/Sp3ms	K= me.ra.'a.sho.to/v (מְרַאֲשֹׁת/וֹ) "[the] place of head/ his" (H4763/H9023=HNcfsc/Sp3ms)	L= מְרַאֲשֹׁתָ֑/ו ¦ ;	H4763			{H4763=מְרַאֲשָׁוֹת=head}/H9023=Ps3m=his					
1Sa.26.7#19=Q(K)	סְבִיבֹתָֽי/ו\׃\ \ס	se.vi.vo.to/v	around/ him	{H5439G}/H9033\H9016\ \H9018	HNcbpc/Sp3ms	K= se.vi.vo.to/v (סְבִיבֹת/וֹ\׃\ \ס) "around/ him" (H5439G/H9033\H9016\ \H9018=HNcbsc/Sp3bs)	L= סְבִיבֹתָֽ/ו\׃\ \ס ¦ ;	H5439G			{H5439G=סָבִיב=: around»around:1_around;_border}/H9033=Os3m=him\H9016=׃=verseEnd\ \H9018=ס=section					
1Sa.26.11#14=Q(K)	מְרַאֲשֹׁתָ֛י/ו	me.ra.'a.sho.to/v	[is the] place of head/ his	{H4763}/H9023	HNcfpc/Sp3ms	K= me.ra.'a.sho.to/v (מְרַאֲשֹׁת/וֹ) "[is the] place of head/ his" (H4763/H9023=HNcfsc/Sp3ms)	L= מְרַאֲשֹׁתָ֛/ו ¦ ;	H4763			{H4763=מְרַאֲשָׁוֹת=head}/H9023=Ps3m=his					
1Sa.26.16#30=Q(K)	מְרַאֲשֹׁתָֽי/ו\׃	me.ra.'a.sho.to/v	[was the] place of head/ his	{H4763}/H9023\H9016	HNcfpc/Sp3ms	K= me.ra.'a.sho.to/v (מְרַאֲשֹׁת/וֹ\׃) "[was the] place of head/ his" (H4763/H9023\H9016=HNcfsc/Sp3ms)	L= מְרַאֲשֹׁתָֽ/ו\׃ ¦ ;	H4763			{H4763=מְרַאֲשָׁוֹת=head}/H9023=Ps3m=his\H9016=׃=verseEnd					
1Sa.26.22#05=Q(K)	חֲנִ֣ית	ha.cha.nit	[the] spear of	{H2595}	HNcfsc	K= ha./cha.nit (הַ/חֲנִית) "the/ spear of" (H9009/H2595=HTd/Ncbsc)	L= ה/חֲנִ֣ית ¦ ;	H2595			{H2595=חֲנִית=spear}					
1Sa.27.4#08=Q(K)	יָסַ֥ף	yo.saf	he repeated	{H3254G}	HVqp3ms	K= yo.saf (יוֹסַף) "repeating" (H3254G=HVqrmsa)	L= יָוסַ֥ף ¦ ;	H3254G			{H3254G=יָסַף=: again»to add:2_again;_continue;_more[instances]}					
1Sa.27.8#07=Q(K)	וְ/הַ/גִּזְרִ֖י	ve./ha./gir.zi	and/ the/ Gizrite[s]	H9002/H9009/{H1511}	HC/Td/Ngmsa	K= ve./ha./gir.zi (וְ/הַ/גִּרְזִי) "and/ the/ Girzite[s]" (H9002/H9009/H1511=HC/Td/Ngbsa)	L= וְ/הַ/גִּרְזִ֖י ¦ ;	H1511			H9002=ו=and/H9009=ה=the/{H1511=גִּזְרִי=Girzite»Girzites@1Sa.27.8}					
1Sa.29.5#13=Q(K)	בְּ/רִבְבֹתָֽי/ו\׃\ \ס	be./ri.vo.to/v	<on>/ ten thousands/ his	H9003/{H7233}/H9023\H9016\ \H9018	HR/Ncfpc/Sp3ms	K= be./ri.vo.to/v (בְּ/רִבְבֹת/וֹ\׃\ \ס) "<on>/ ten thousand/ his" (H9003/H7233/H9023\H9016\ \H9018=HR/Ncfsc/Sp3ms)	L= בְּ/רִבְבֹתָֽ/ו\׃\ \ס ¦ ;	H7233			H9003=ב=in/{H7233=רְבָבָה=myriad}/H9023=Ps3m=his\H9016=׃=verseEnd\ \H9018=ס=section					
1Sa.30.6#15=Q(K)	בָּנָ֣י/ו	be.no/v	sons/ his	{H1121A}/H9023	HNcmpc/Sp3ms	K= be.no/v (בְּנ/וֹ) "son/ his" (H1121A/H9023=HNcmsc/Sp3ms)	L= בָּנָ֣/ו ¦ ;	H1121A			{H1121A=בֵּן=: child»son:1_child;_son}/H9023=Ps3m=his					
2Sa.1.8#05=Q(K)	וָ/אֹמַ֣ר	va/i.yo.mer	and/ I said	H9001/{H0559}	Hc/Vqw1cs	K= va/i.yo.mer (וַ/יֹּאמֶר) "and/ he said" (H9001/H0559=Hc/Vqw3ms)	L= וָ/יאֹמַ֣ר ¦ ;	H0559_B			H9001=ו=&/{H0559=אָמַר=to say}					
2Sa.1.11#03=Q(K)	בִּ/בְגָדָ֖י/ו	bi/v.ga.do/v	on/ garments/ his	H9003/{H0899B}/H9023	HR/Ncmpc/Sp3ms	K= bi/v.ga.do/v (בִּ/בְגָד/וֹ) "on/ garment/ his" (H9003/H0899B/H9023=HR/Ncmsc/Sp3ms)	L= בִּ/בְגָדָ֖/ו ¦ ;	H0899B			H9003=ב=in/{H0899B=בֶּ֫גֶד=garment}/H9023=Ps3m=his					
2Sa.1.16#04=Q(K)	דָּמְ/ךָ֖	da.mei./kha	blood/ your	{H1818}/H9021	HNcmsc/Sp2ms	K= da.mei./kha (דָּמֶי/ךָ) "blood<s>/ your" (H1818/H9021=HNcmpc/Sp2ms)	L= דָּמְי/ךָ֖ ¦ ;	H1818			{H1818=דָּם=blood}/H9021=Ps2m=your					
2Sa.2.23#15=Q(K)	תַּחְתָּ֑י/ו	ta.cha.to/v	in place/ his	{H8478I}/H9033	HNcmpc/Sp3ms	K= ta.cha.to/v (תַּחַת/וֹ) "in place/ his" (H8478I/H9033=HNcmsc/Sp3ms)	L= תַּחְתָּ֑/ו ¦ ;	H8478I			{H8478I=תַּחַת=: stand»underneath:3_stand;_position}/H9033=Os3m=him					
2Sa.3.2#01=Q(K)	וַ/יִּוָּלְד֧וּ	va/i.ye.le.du	and/ they were born	H9001/{H3205}	Hc/VNw3mp	K= va/i.ye.le.du (וַ/יֵּלְדוּ) "and/ they gave birth to" (H9001/H3205=Hc/Vqw3mp)	L= וַ/יִָּלְד֧וּ ¦ ;	H3205			H9001=ו=&/{H3205=יָלַד=to beget}					
2Sa.3.12#06=Q(K)	תַּחְתָּ֥י/ו	ta.cha.to/v	in place of/ himself	{H8478I}/H9033	HNcmsc/Sp3ms	K= ta.cha.to/v (תַּחַת/וֹ) "in place of/ himself" (H8478I/H9033=HNcmpc/Sp3ms)	L= תַּחְתָּ֥/ו ¦ ;	H8478I			{H8478I=תַּחַת=: stand»underneath:3_stand;_position}/H9033=Os3m=him					
2Sa.3.15#10=Q(K)	לָֽיִשׁ\׃	lush	Laish	{H3919B}\H9016	HNpm	K= lush (לוּשׁ\׃) "Lush" (H3889\H9016=HNpm)	L= לָֽוִשׁ\׃ ¦ ;	H3919B	H3889		{H3919B=לַ֫יִשׁ=Laish»Laish@1Sa.25.44-2Sa}\H9016=׃=verseEnd					
2Sa.3.25#13=Q(K)	מ֣וֹבָאֶ֔/ךָ	mi.vo.'e./kha	entrance/ your	{H4126}/H9021	HNcmsc/Sp2ms	K= mi.vo.'e./kha (מְבוֹאֶ/ךָ) "comings in/ your" (H3996/H9021=HNcbsc/Sp2ms)	L= מֹ֣בָואֶ֔/ךָ ¦ ;	H4126	H3996		{H4126=מוֹבָא=entrance}/H9021=Ps2m=your					
2Sa.5.2#11=Q(K)	הַ/מּוֹצִ֥יא	ha./mo.tzi'	the/ [one who] led out	H9009/{H3318H}	HTd/Vhrmsa	K= mo.tzi' (מוֹצִיא) "leading out" (H3318H=HVhrmsa)	L= מּוֹצִ֥יא ¦ ;	H3318H			H9009=ה=the/{H3318H=יָצָא=: send»to come out:2_send;_take_out;_release}					
2Sa.5.8#14=Q(K)	שְׂנֻאֵ֖י	se.nov	[who are] hated	{H8130}	HVqsmpc	K= se.nov (שָׂנְאוּ) "[who] they hate" (H8130=HVqp3cp)	L= שְׂנֻאֵ֖ו ¦ ;	H8130			{H8130=שָׂנֵא=to hate}					
2Sa.5.24#02=Q(K)	כְּֽ/שָׁמְעֲ/ךָ֞	ke./sha.me.'a./kha	just as/ hearing/ you	H9004/{H8085G}/H9041	HR/Vqcc/Sp2ms	K= be./sha.me.'a./kha (בְּ/שָׁמְעֲ/ךָ) "when/ hearing/ you" (H9003/H8085G/H9041=HR/Vqcc/Sp2ms)	L= בְּֽ/שָׁמְעֲ/ךָ֞ ¦ ;	H8085G			H9004=כ=like/{H8085G=שָׁמַע=: hear»to hear:1_hear}/H9041=Ss2m=you					
2Sa.8.3#12=Q(K)	בִּֽ/נְהַר/־/פְּרָֽת\׃	bi/n.har/-/pe.Rat	at/ [the] river/-/Euphrates	H9003/{H5104G}/H9014/{H6578}\H9016	HR/Ncmsc//Npl	K= bi/n.har- (בִּֽ/נְהַר\׃) "at/ [the] river" (H9003/H5104G\H9016=HR/Npl)	L= בִּֽ/נְהַר\־\׃ ¦ ;	H5104G, H6578			H9003=ב=in/{H5104G=נָהָר=River»Euphrates@Gen.2.14-Rev}/H9014=־=link/{H6578=פְּרָת=Euphrates}\H9016=׃=verseEnd					
2Sa.10.9#13=Q(K)	יִשְׂרָאֵ֔ל	be.yis.ra.'el	of Israel	{H3478}	HNpl	K= be./yis.ra.'el (בְּ/יִשְׂרָאֵל) "in/ Israel" (H9003/H3478=HR/Npl)	L= ב/יִשְׂרָאֵ֔ל ¦ ;	H3478			{H3478=יִשְׂרָאֵל=Israel»Israel@Gen.25.26-Rev}					
2Sa.11.24#01=Q(K)	וַ/יֹּר֨וּ	va/i.yo.re.'u	and/ they shot arrows	H9001/{H3384A}	Hc/Vhw3mp	K= va/i.yo.re.'u (וַ/יֹּרְאוּ) "and/ they feared" (H9001/H3372G=Hc/Vhw3mp)	L= וַ/יֹּרא֨וּ ¦ ;	H3384A_a	H3372G		H9001=ו=&/{H3384A=יָרָא=to shoot}					
2Sa.12.9#08=Q(K)	בְּ/עֵינַ/י֒	be./'ei.n/o	in/ eyes/ my	H9003/{H5869H}/H9020	HR/Ncfdc/Sp1bs	K= be./'ei.n/o (בְּ/עֵינ/וֹ) "in/ eyes/ his" (H9003/H5869H/H9023=HR/Ncbsc/Sp3ms)	L= בְּ/עֵינַ/ו֒ ¦ ;	H5869H			H9003=ב=in/{H5869H=עַ֫יִן=: seeing»eye:2_seeing}/H9020=Ps1c=my					
2Sa.12.20#07=Q(K)	שִׂמְלֹתָ֔י/ו	sim.lo.t/o	garments/ his	{H8071}/H9023	HNcfpc/Sp3ms	K= sim.lo.t/o (שִׂמְלָת/וֹ) "garment/ his" (H8071/H9023=HNcfsc/Sp3ms)	L= שִׂמְלֹתָ֔/ו ¦ ;	H8071			{H8071=שִׂמְלָה=mantle}/H9023=Ps3m=his					
2Sa.12.22#11=Q(K)	וְ/חַנַּ֥/נִי	ye./cha.na./ni	and/ he will show favor to/ me	H9001/{H2603A}/H9030	Hc/Vqq3ms/Sp1bs	K= ye.cha.na./ni (יְחָנַּ/נִי) "he will show favor to/ me" (H2603A/H9030=HVqi3ms/Sp1bs)	L= יְחַנַּ֥/נִי ¦ ;	H2603A			H9001=ו=&/{H2603A=חָנַן=be gracious}/H9030=Os1c=me					
2Sa.12.24#13=Q(K)	וַ/תִּקְרָ֤א	va/i.yik.ra'	and/ she called	H9001/{H7121H}	Hc/Vqw3fs	K= va/i.yik.ra' (וַ/יִּקְרָא) "and/ he called" (H9001/H7121H=Hc/Vqw3ms)	L= וַ/יִּקְרָ֤א ¦ ;	H7121H			H9001=ו=&/{H7121H=קָרָא=: call_by»to call:2_call_by;_name}					
2Sa.12.31#14=Q(K)	בַּ/מַּלְבֵּ֔ן	ba./mal.ken	in the/ brick mold[s]	H9003/{H4404}	HRd/Ncmsa	K= ba./mal.ken (בַּ/מַּלְכֶּן) "in the/ brick mold[s]" (H9003/H4404=HRd/Ncbsa)	L= בַּ/מַּלְכֵּ֔ן ¦ ;	H4404			H9003=ב=in/{H4404=מַלְבֵּן=brick}					
2Sa.13.33#15=Q(K)		[ ]	[ ]			K= 'im- (אִם\־) "except" (H0518B\H9014=HTc)	L= אִם\־ ¦ ;		H0518B, H3588B							
2Sa.13.34#07=Q(K)	עֵינָ֔י/ו	ei.n/o	eyes/ his	{H5869A}/H9023	HNcfdc/Sp3ms	K= ei.n/o (עֵינ/וֹ) "eye/ his" (H5869A/H9023=HNcbsc/Sp3ms)	L= עֵינָ֔/ו ¦ ;	H5869A			{H5869A=עַ֫יִן=: eye»eye:1_eye}/H9023=Ps3m=his					
2Sa.13.37#07=Q(K)	עַמִּיה֖וּד	a.mi.chur	Ammihud	{H5989J}	HNpm	K= a.mi.chur (עַמִּיחוּר) "Ammihur" (H5991=HNpm)	L= עַמִּיח֖וּר ¦ ;	H5989J	H5991		{H5989J=עַמִּיהוּד=Ammihud»Ammihud@2Sa.13.37}					
2Sa.14.7#27=Q(K)	שִׂים	som-	to establish	{H7760H}	HVqcc	K= som- (שׂוּם\־) "to establish" (H7760H\H9014=HVqcc)	L= שִׂום\־ ¦ ;	H7760H			{H7760H=שׂוּם=: put»to set:2_put;_give}					
2Sa.14.22#26=Q(K)	עַבְדֶּֽ/ךָ\׃	av.de/kh	servant/ your	{H5650}/H9021\H9016	HNcmsc/Sp2ms	K= av.d/o (עַבְדּ/וֹ\׃) "servant/ his" (H5650/H9023\H9016=HNcbsc/Sp3ms)	L= עַבְדֶּֽ/וָ\׃ ¦ ;	H5650_B			{H5650=עֶ֫בֶד=servant;_slave}/H9021=Ps2m=your\H9016=׃=verseEnd					
2Sa.14.30#13=Q(K)	וְ/הַצִּית֣וּ/הָ	ve./ho.tzi.tei./ha	and/ set on fire/ it	H9002/{H3341}/H9034	HC/Vhv2mp/Sp3fs	K= ve./ho.tzi.tei./ha (וְ/הוֹצִתִּי/הָ) "and/ I will set on fire/ it" (H9001/H3341/H9034=Hc/Vhq1cs/Sp3fs)	L= וְ/הַוצִּת֣יּ/הָ ¦ ;	H3341_A			H9002=ו=and/{H3341=יָצַת=to kindle}/H9034=Os3f=her					
2Sa.15.8#10=Q(K)	יָשׁ֨וֹב	ye.shov	certainly <to dwell>	{H3427}	HVqaa	K= ye.shiv (יָשִׁיב) "he will bring back" (H7725H=HVhi3ms)	L= יָשֹׁ֨יב ¦ ;	H3427_b	H7725H_a		{H3427=יָשַׁב=to dwell}					
2Sa.15.20#04=Q(K)	אֲנִֽיעֲ/ךָ֤	'a.no.'a./kha	will I make wander?/ you	{H5128}/H9031	HVhi1cs/Sp2ms	K= 'a.no.'a./kha (אֲנוֹעֲ/ךָ) "will I wander?/ you" (H5128/H9031=HVqi1cs/Sp2ms)	L= אֲנִֽועֲ/ךָ֤ ¦ ;	H5128			{H5128=נוּעַ=to shake}/H9031=Os2m=you					
2Sa.15.28#04=Q(K)	בְּ/עַֽרְב֖וֹת	be./'av.rot	in/ [the] desert plains of	H9003/{H6160L}	HR/Ncfpc	K= be./'av.rot (בְּ/עַבְרוֹת) "at/ [the] fords of" (H9003/H5679=HR/Ncfpc)	L= בְּ/עַֽבְר֖וֹת ¦ ;	H6160L	H5679		H9003=ב=in/{H6160L=עֲרָבָה=plain}					
2Sa.16.2#14=Q(K)	וְ/הַ/לֶּ֤חֶם	u./ha./le.chem	and/ the/ bread	H9002/H9009/{H3899H}	HC/Td/Ncmsa	K= u./le./ha./le.chem (וּ/לְ/הַ/לֶּחֶם) "and/ to/ the/ bread" (H9002/H9005/H9009/H3899H=HC/R/Td/Ncmsa)	L= וְ/ל/הַ/לֶּ֤חֶם ¦ ;	H3899H			H9002=ו=and/H9009=ה=the/{H3899H=לֶ֫חֶם=: bread»food:2_bread;_loaf}					
2Sa.16.8#10=Q(K)	תַּחְתָּ֔י/ו	tach.t/o	in place of/ him	{H8478H}/H9033	HNcmpc/Sp3ms	K= tach.t/o (תַּחְתּ/וֹ) "in place of/ him" (H8478H/H9033=HNcmsc/Sp3ms)	L= תַּחְתָּ֔/ו ¦ ;	H8478H			{H8478H=תַּחַת=: instead»underneath:2_instead;_in_place;_exchange}/H9033=Os3m=him					
2Sa.16.10#08=Q(K)	כֹּ֣ה	ki	thus	{H3541}	HD	K= ki (כִּי) "that" (H3588A=HTc)	L= כֹּ֣י ¦ ;	H3541	H3588A_a		{H3541=כֹּה=thus}					
2Sa.16.10#10=Q(K)	כִּ֤י	ve.khi	for	{H3588A}	HTc	K= ve./khi (וְ/כִי) "and/ for" (H9002/H3588A=HC/Tc)	L= ו/כִּ֤י ¦ ;	H3588A_B			{H3588A=כִּי=for}					
2Sa.16.12#04=Q(K)	בְּ/עֵינִ֑/י	be./'o.n/i	on/ sin/ my	H9003/{H5869K}/H9020	HR/Ncfsc/Sp1bs	K= be./'o.n/i (בְּ/עֲוֹנִ/י) "on/ iniquity/ my" (H9003/H5771G/H9020=HR/Ncbsc/Sp1bs)	L= בְּ/עֵונִ֑/י ¦ ;	H5869K	H5771G, H6040		H9003=ב=in/{H5869K=עַ֫יִן=: sin»eye:5_sin}/H9020=Ps1c=my					
2Sa.16.18#15=Q(K)	ל֥/וֹ	l/o	to <the>/ him	H9005/{H9033}	HRd/Sp3ms	K= lo' (לֹא) "not" (H3808=HTn)	L= לֹ֥א ¦ ;	H9033	H3808_b		H9005=ל=to/{H9033=Os3m=him}					
2Sa.16.23#08=Q(K)	יִשְׁאַל/־/אִ֖ישׁ	yish.'al/-/Ish-	he enquires/-/anyone	{H7592}/H9014/{H0376G}	HVqi3ms//Ncmsa	K= yish.'al-Ish (יִשְׁאַל) "he enquires" (H7592=HVqi3ms)	L= יִשְׁאַלִ֖\־ ¦ ;	H7592, H0376G			{H7592=שָׁאַל=to ask}/H9014=־=link/{H0376G=אִישׁ=: man»man:1_man}					
2Sa.18.3#31=Q(K)	לַ/עְזֽוֹר\׃\ \ס	la/'.zir	to/ help	H9005/{H5826}\H9016\ \H9018	HR/Vqcc	K= la/'.zir (לַ/עְזִיר\׃\ \ס) "to/ help" (H9005/H5826\H9016\ \H9018=HR/Vhcc)	L= לַ/עְזֹֽיר\׃\ \ס ¦ ;	H5826			H9005=ל=to/{H5826=עָזַר=to help}\H9016=׃=verseEnd\ \H9018=ס=section					
2Sa.18.8#04=Q(K)	נָפֹ֖צֶת	na.fo.tzeit	scattered	{H6327A}	HVNrfsa	K= na.fo.tzeit (נָפֹצֵית) "scattered" (H6327A=HVNrfpa)	L= נָפֹ֖צֶית ¦ ;	H6327A			{H6327A=פּוּץ=to scatter}					
2Sa.18.13#03=Q(K)	בְ/נַפְשִׁ/י֙	ve./naf.sh/i	on/ life/ my	H9003/{H5315H}/H9020	HR/Ncfsc/Sp1bs	K= ve./naf.sh/o (בְ/נַפְשׁ/וֹ) "on/ life/ his" (H9003/H5315H/H9023=HR/Ncbsc/Sp3ms)	L= בְ/נַפְשִׁ/ו֙ ¦ ;	H5315H			H9003=ב=in/{H5315H=נֶ֫פֶשׁ=: life»soul:2_life;_breath}/H9020=Ps1c=my					
2Sa.18.17#20=Q(K)	לְ/אֹהָלָֽי/ו\׃\ \ס	le./'o.he.l/o	to/ tents/ his	H9005/{H0168H}/H9023\H9016\ \H9018	HR/Ncmpc/Sp3ms	K= le./'o.he.l/o (לְ/אָהֳל/וֹ\׃\ \ס) "to/ tent/ his" (H9005/H0168H/H9023\H9016\ \H9018=HR/Ncmsc/Sp3ms)	L= לְ/אֹהָלָֽ/ו\׃\ \ס ¦ ;	H0168H			H9005=ל=to/{H0168H=אֹ֫הֶל=: home»tent:2_home}/H9023=Ps3m=his\H9016=׃=verseEnd\ \H9018=ס=section					
2Sa.18.18#05=Q(K)	בְ/חַיָּי/ו֙	ve./cha.ya/v	in/ life/ his	H9003/{H2416E}/H9023	HR/Ncmpc/Sp3ms	K= ve./cha.ya/v (בְ/חַיָּ/ו) "in/ life/ his" (H9003/H2416E/H9023=HR/Ncmsc/Sp3ms)	L= בְ/חַיָּ/ו֙ ¦ ;	H2416E			H9003=ב=in/{H2416E=חַיִּים=life}/H9023=Ps3m=his					
2Sa.18.20#18=Q(K)	עַל/־/כֵּ֥ן	al/-/ken	since/-/<thus>	{H5921B}/H9014/{H3651B}	HR//D	K= al- (עַל) "<on>" (H5921B\H9014=HR)	L= עַלֵ֥ ¦ ;	H5921B, H3651B	, H5921A		{H5921B=[כִּי] עַל [כֵּן]=for since}/H9014=־=link/{H3651B=[כִּי עַל] כֵּן=for since}					
2Sa.19.6(19.7)#19=Q(K)	ל֣וּ	lo	if	{H3863}	HC	K= lo' (לֹא) "not" (H3808=HTn)	L= לֻ֣א ¦ ;	H3863	H3808		{H3863=לוּ=if}					
2Sa.19.18(19.19)#09=Q(K)	בְּ/עֵינָ֑י/ו	be./'ay.n/o	in/ eyes/ his	H9003/{H5869I}/H9023	HR/Ncfdc/Sp3ms	K= be./'ay.n/o (בְּ/עֵינ/וֹ) "in/ eye/ his" (H9003/H5869I/H9023=HR/Ncbsc/Sp3ms)	L= בְּ/עֵינָ֑/ו ¦ ;	H5869I			H9003=ב=in/{H5869I=עַ֫יִן=: appearance»eye:3_appearance}/H9023=Ps3m=his					
2Sa.19.31(19.32)#11=Q(K)	הַ/יַּרְדֵּֽן\׃	ha./vai.yar.den	the/ Jordan	H9009/{H3383}\H9016	HTd/Npl	K= va/i.yar.den (בַּ/יַּרְדֵּן\׃) "at the/ Jordan" (H9003/H3383\H9016=HRd/Npl)	L= בַ/יַּרְדֵּֽן\׃ ¦ ;	H3383_B			H9009=ה=the/{H3383=יַרְדֵּן=Jordan»Jordan@Gen.13.10-Jhn}\H9016=׃=verseEnd					
2Sa.19.40(19.41)#10=Q(K)	הֶעֱבִ֣ירוּ	vay.'e.vi.ru	they brought over	{H5674C}	HVhp3cp	K= va/y.'e.vi.ru (וַ/יַּעֲבִרוּ) "and/ they brought over" (H9001/H5674C=Hc/Vhw3mp)	L= וֶ/יעֱבִ֣רוּ ¦ ;	H5674C_C			{H5674C=עָבַר=: bring»to pass:3_bring}					
2Sa.20.5#06=Q(K)	וַ/יּ֕וֹחֶר	va/i.yi.cher	and/ he was delayed	H9001/{H0309}	Hc/Vhw3ms	K= va/i.yi.cher (וַ/יֵּיחַר) "and/ he delayed" (H9001/H3186=Hc/Vqw3ms)	L= וַ/יֹּ֕יחֶר ¦ ;	H0309	H3186		H9001=ו=&/{H0309=אָחַר=to delay}					
2Sa.20.14#10=Q(K)	וַ/יִּקָּ֣הֲל֔וּ	va/i.yik.le.hu	and/ they assembled	H9001/{H6950}	Hc/VNw3mp	K= va/i.yik.le.hu (וַ/יִּקָּלְהוּ) "and/ they were lightly esteemed" (H9001/H7034=Hc/VNw3mp)	L= וַ/יִּקָּ֣לֲה֔וּ ¦ ;	H6950	H7034, H7035		H9001=ו=&/{H6950=קָהַל=to gather}					
2Sa.20.23#10=Q(K)	הַ/כְּרֵתִ֖י	ha./ke.ri	the/ Kerethite[s]	H9009/{H3774H}	HTd/Ngmsa	K= ha./ke.ri (הַ/כְּרִי) "the/ Carian[s]" (H9009/H3746=HTd/Ngbsa)	L= הַ/כְּרִֵי֖ ¦ ;	H3774H	H3746		H9009=ה=the/{H3774H=כְּרֵתִי=Cherethite»Cherethite@2Sa.8.18-1Ch}					
2Sa.20.25#01=Q(K)	וּ/שְׁוָ֖א	u./she.ya'	and/ Sheva	H9002/{H7724H}	HC/Npm	K= u./she.ya' (וְ/שֵׁיָא) "and/ Sheya" (H9002/H7864=HC/Npm)	L= וּ/שְׁיָ֖א ¦ ;	H7724H	H7864		H9002=ו=and/{H7724H=שְׁוָא=Sheva(Qere. Ketiv: Sheya)»Seraiah@2Sa.8.17-1Ch}					
2Sa.21.4#05=Q(K)	לָ֜/נוּ	l/nu	to <the>/ us	H9005/{H9035}	HRd/Sp1bp	K= l/i (לִ/י) "to/ me" (H9005/H9030=HRd/Sp1bs)	L= לָ֜/יּ ¦ ;	H9035_a	H9030		H9005=ל=to/{H9035=Op1c=us}					
2Sa.21.6#01=Q(K)	יֻתַּן	ye.na.ton-	let it be given	{H5414G}	HVHi3ms	K= ye.na.ton- (יְנָתָן) "let it be given" (H5414G=HVNi3ms)	L= יֻנתַּן\־ ¦ ;	H5414G_A			{H5414G=נָתַן=: give»to give:1_give;_deliver;_send;_produce}					
2Sa.21.9#09=Q(K)	שְׁבַעְתָּ֖/ם	shi.va'.ta.yi/m	[the] seven of/ them	{H7651}/H9028	HNcfsc/Sp3mp	K= shi.va'.ta.yim (שִׁבְעָתַיִם) "sevenfold" (H7659=HAcfda)	L= שְׁבַעְתָּ֖ים ¦ ;	H7651	H7659		{H7651=שֶׁ֫בַע=seven}/H9028=Pp3m=their					
2Sa.21.9#16=Q(K)	בִּ/תְחִלַּ֖ת	bi./te.chi.lat	at/ [the] beginning of	H9003/{H8462}	HR/Ncfsc	K= te.chi.lat (תְּחִלַּת) "[the] beginning of" (H8462=HNcfsc)	L= ִתְחִלַּ֖ת ¦ ;	H8462			H9003=ב=in/{H8462=תְּחִלָּה=beginning}					
2Sa.21.12#22=Q(K)	תְּלָא֥וּ/ם	te.lu/m	they had hung up/ them	{H8511}/H9038	HVqp3cp/Sp3mp	K= te.lu/m (תָּלוּ/ם) "they had hung up/ them" (H8518/H9038=HVqp3cp/Sp3mp)	L= תְּלָוּ֥/ם ¦ ;	H8511	H8518		{H8511=תָּלָא=to hang}/H9038=Op3m=them					
2Sa.21.12#23=Q(K)	שָׁ֙מָּ/ה֙	sham./h	there/ <towards>	{H8033G}/H9011	HD/Sd	K= sham (שָׁם) "there" (H8033G=HD)	L= שָׁ֙םָּ֙ ¦ ;	H8033G			{H8033G=שָׁם=there}/H9011=ה=to					
2Sa.21.12#24=Q(K)	פְּלִשְׁתִּ֔ים	ha.pe.lish.tim	[the] Philistines	{H6430G}	HNgmpa	K= ha./pe.lish.tim (הַ/פְּלִשְׁתִּים) "the/ Philistines" (H9009/H6430G=HTd/Ngmpa)	L= ה/פְּלִשְׁתִּ֔ים ¦ ;	H6430G_A			{H6430G=פְּלִשְׁתִּי=Philistine»Philistine@Gen.21.32-Zec}					
2Sa.21.16#01=Q(K)	וְ/יִשְׁבִּ֨י	ve./yish.bo	and/ Ishbi-	H9002/{H3430}+	HC/Npm	K= ve./yish.bo (וְ/יִשְׁבּוֹ) "and/ Ishbo-" (H9002/H3430+=HC/Npm)	L= וְ/יִשְׁבִּ֨ו ¦ ;	H3430_A			H9002=ו=and/{H3430=יִשְׁבּוֹ בְּנֹב=Ishbi-benob»Ishbi-benob@2Sa.21.16}+					
2Sa.21.20#07=Q(K)	מָד֗וֹן	ma.din	stature	{H4067}	HNtmsa	K= ma.din (מָדִין) "measure" (H4060G=HNtmsa)	L= מָדֹ֗ין ¦ ;	H4067	H4060G, H4055		{H4067=מָדוֹן=stature»huge_man@2Sa.21.20-1Ch}					
2Sa.21.21#07=Q(K)	שִׁמְעָ֖ה	shim.'i	Shimeah	{H8093}	HNpm	K= shim.'i (שִׁמְעִי) "Shimei" (H8096Y=HNpm)	L= שִׁמְעָ֖י ¦ ;	H8093	H8096Y, H8092		{H8093=שִׁמְעָה=Shimeah»Shimeah@1Sa.16.9-1Ch}					
2Sa.22.8#01=Q(K)	וַ/יִּתְגָּעַ֤שׁ	va/t.ga.'ash	and/ it shook back and forth	H9001/{H1607}	Hc/Vtw3ms	K= va/t.ga.'ash (וַ/תִּגְעַשׁ) "and/ it shook" (H9001/H1607=Hc/Vqw3fs)	L= וִַ/תְגָּעַ֤שׁ ¦ ;	H1607_A			H9001=ו=&/{H1607=גָּעַשׁ=to shake}					
2Sa.22.15#05=Q(K)	וַ/יָּהֹֽם\׃	va/i.ye.hu.mem	and/ he routed [them]	H9001/{H2000}\H9016	Hc/Vqw3ms	K= va/i.ye.hu.me/m (וַ/יְהֻמֵּ/ם\׃) "and/ he routed/ them" (H9001/H2000/H9038\H9016=Hc/Vqw3ms/Sp3mp)	L= וַ/יָּהֹֽמ/ם\׃ ¦ ;	H2000			H9001=ו=&/{H2000=הָמַם=to confuse}\H9016=׃=verseEnd					
2Sa.22.23#03=Q(K)	מִשְׁפָּטָ֖י/ו	mish.po.t/o	judgments/ his	{H4941G}/H9023	HNcmpc/Sp3ms	K= mish.po.t/o (מִשְׁפָּט/וֹ) "judgment/ his" (H4941G/H9023=HNcmsc/Sp3ms)	L= מִשְׁפָּטָ֖/ו ¦ ;	H4941G			{H4941G=מִשְׁפָּט=: judgement»justice:1_judgement;_punishment}/H9023=Ps3m=his					
2Sa.22.33#06=Q(K)	דַּרְכִּֽ/י\׃	dar.k/i	way/ my	{H1870G}/H9020\H9016	HNcbsc/Sp1bs	K= dar.k/o (דַּרְכּ/וֹ\׃) "way/ his" (H1870G/H9023\H9016=HNcbsc/Sp3ms)	L= דַּרְכִּֽ/ו\׃ ¦ ;	H1870G			{H1870G=דֶּ֫רֶךְ=: conduct»way:3_conduct;_lifestyle}/H9020=Ps1c=my\H9016=׃=verseEnd					
2Sa.22.34#02=Q(K)	רַגְלַ֖/י	rag.l/i	feet/ my	{H7272}/H9020	HNcfdc/Sp1bs	K= rag.la/v (רַגְלָי/ו) "feet/ his" (H7272/H9023=HNcbdc/Sp3ms)	L= רַגְלַ֖י/ו ¦ ;	H7272			{H7272=רֶ֫גֶל=foot}/H9020=Ps1c=my					
2Sa.22.51#01=Q(K)	מִגְדּ֖וֹל	mig.dil	[the] tower	{H4024A}	HNcmsc	K= mig.dil (מַגְדִּיל) "[one who] makes great" (H1431=HVhrmsa)	L= מִגְדֹּ֖יל ¦ ;	H4024A	H1431		{H4024A=מִגְדּוֹל=tower}					
2Sa.23.8#13=Q(K)	הָֽ/עֶצְנִ֔י	ha./'etz.ni	the/ Eznite	H9009/{H6112G}	HTd/Ncmsa	K= ha./'etz.n/o (הָ/עֶצְנ/וֹ) "<the>/ spear/ his" (H9009/H6112H/H9023=HTd/Ncbsc/Sp3ms)	L= הָֽ/עֶצְנִ֔/ו ¦ ;	H6112G	H6112H, H3434		H9009=ה=the/{H6112G=עֵצֶן="spear"»Eznites@2Sa.23.8}					
2Sa.23.8#19=Q(K)	אֶחָֽת\׃\ \ס	'e.chad	one	{H0259}\H9016\ \H9018	HNcfsa	K= 'e.chad (אֶחָד\׃\ \ס) "one" (H0259\H9016\ \H9018=HNcbsa)	L= אֶחָֽד\׃\ \ס ¦ ;	H0259			{H0259=אֶחָד=one}\H9016=׃=verseEnd\ \H9018=ס=section					
2Sa.23.9#04=Q(K)	דֹּד֖וֹ	do.di	Dodo	{H1734H}	HNpm	K= do.di (דֹּדִי) "Dodi" (H1734H=HNpm)	L= דֹּדֹ֖י ¦ ;	H1734H			{H1734H=דּוֹדוֹ=Dodo»Dodo@2Sa.23.9-1Ch}					
2Sa.23.9#08=Q(K)	הַ/גִּבֹּרִ֜ים	ha./gi.bo.rim	the/ warriors	H9009/{H1368}	HTd/Ncmpa	K= gi.bo.rim (גִבֹּרִים) "warriors" (H1368=HNcmpa)	L= ַגִּבֹּרִ֜ים ¦ ;	H1368			H9009=ה=the/{H1368=גִּבּוֹר=mighty}					
2Sa.23.13#02=Q(K)	שְׁלֹשָׁ֜ה	she.lo.shim	three	{H7969}	HNcbsa	K= she.lo.shim (שְׁלֹשִׁים) "thirty" (H7970=HNcfpa)	L= שְׁלֹשָׁ֜ים ¦ ;	H7969	H7970_a		{H7969=שָׁלֹשׁ=three}					
2Sa.23.18#08=Q(K)	הַ/שְּׁלֹשָׁ֔ה	ha./she.lo.shi	of the/ three	H9009/{H7969}	HTd/Ncbsa	K= ha./she.lo.shi (הַ/שְּׁלֹשִׁי) "the/ third" (H9009/H7992=HTd/Aobsa)	L= הַ/שְּׁלֹשָׁ֔י ¦ ;	H7969_a	H7992, H7970		H9009=ה=the/{H7969=שָׁלֹשׁ=three}					
2Sa.23.20#06=Q(K)	חַ֛יִל	chai	of strength	{H2428G}	HNcmsa	K= chai (חַי) "living" (H2416A=HAabsa)	L= חַ֛יִ ¦ ;	H2428G	H2416A, H0381		{H2428G=חַ֫יִל=: strong»strength:1_strong}					
2Sa.23.20#20=Q(K)	הָ/אֲרִ֛י	ha./'a.ri.yah	the/ lion	H9009/{H0738A}	HTd/Ncmsa	K= ha./'a.ri.yah (הָ/אֲרִיַּה) "the/ lion" (H9009/H0738B=HTd/Ncbsa)	L= הָ/אֲרִ֛יה ¦ ;	H0738A	H0738B		H9009=ה=the/{H0738A=אֲרִי=lion}					
2Sa.23.21#06=Q(K)	אִ֣ישׁ	'a.Sher	a man of	{H0376G}	HNcmsc	K= 'a.Sher (אֲשֶׁר) "who" (H0834A=HTr)	L= אִ֣שׁר ¦ ;	H0376G_b	H0834A		{H0376G=אִישׁ=: man»man:1_man}					
2Sa.23.35#01=Q(K)	חֶצְרַי֙	chetz.ro	Hezrai	{H2695}	HNpm	K= chetz.ro (חֶצְרוֹ) "Hezro" (H2695=HNpm)	L= חֶצְרַו֙ ¦ ;	H2695			{H2695=חֶצְרוֹ=Hezro»Hezro@2Sa.23.35-1Ch}					
2Sa.23.37#05=Q(K)	נֹשֵׂ֕א	no.se.'ei'	[the] bearer of	{H5375W}	HVqrmsc	K= no.se.'ei (נֹשְׂאֵי) "[the] bearers of" (H5375W=HVqrmpc)	L= נֹשֵׂ֕אי ¦ ;	H5375W			{H5375W=נָשָׂא=: bearing(armour)»to lift:17_bearing(armour)}					
2Sa.24.14#14=Q(K)	רַֽחֲמָ֔י/ו	ra.cha.m/o	compassion<s>/ his	{H7356B}/H9023	HNcmpc/Sp3ms	K= ra.cha.m/o (רַחֲמ/וֹ) "compassion/ his" (H7356B/H9023=HNcmsc/Sp3ms)	L= רַֽחֲמָ֔/ו ¦ ;	H7356B			{H7356B=רַחֲמִים=compassion}/H9023=Ps3m=his					
2Sa.24.16#23=Q(K)	הָ/אֲרַ֥וְנָה	ha./'Or.nah	<the>/ Araunah	H9009/{H0728}	HTd/Npm	K= ha./'Or.nah (הָ/אוֹרְנָה) "<the>/ Ornah" (H9009/H0728=HTd/Npm)	L= הָ/אֲוַ֥רְנָה ¦ ;	H0728			H9009=ה=the/{H0728=אֲרַוְנָה=Araunah»Ornan@2Sa.24.16-2Ch}					
2Sa.24.18#14=Q(K)	אֲרַ֥וְנָה	'a.ra.ne.yah	Araunah	{H0728}	HNpm	K= 'a.ra.ne.yah (אָרָנְיָה) "Arania" (H0728=HNpm)	L= אֲרַ֥נְיָה ¦ ;	H0728			{H0728=אֲרַוְנָה=Araunah»Ornan@2Sa.24.16-2Ch}					
2Sa.24.22#10=Q(K)	בְּ/עֵינָ֑י/ו	be./'ay.n/o	in/ eyes/ his	H9003/{H5869I}/H9023	HR/Ncfdc/Sp3ms	K= be./'ay.n/o (בְּ/עֵינ/וֹ) "in/ eye/ his" (H9003/H5869I/H9023=HR/Ncbsc/Sp3ms)	L= בְּ/עֵינָ֑/ו ¦ ;	H5869I			H9003=ב=in/{H5869I=עַ֫יִן=: appearance»eye:3_appearance}/H9023=Ps3m=his					
1Ki.1.27#11=Q(K)	עַבְדְּ/ךָ֔	av.dei./kha	servant/ your	{H5650}/H9021	HNcmsc/Sp2ms	K= av.dei./kha (עַבְדֶּי/ךָ) "servants/ your" (H5650/H9021=HNcmpc/Sp2ms)	L= עַבְדְּי/ךָ֔ ¦ ;	H5650			{H5650=עֶ֫בֶד=servant;_slave}/H9021=Ps2m=your					
1Ki.1.37#08=Q(K)	יִֽהְיֶ֣ה	ye.hi	he will be	{H1961}	HVqi3ms	K= ye.hi (יְהִי) "may he be" (H1961=HVqj3ms)	L= יִֽהְיֶ֣ ¦ ;	H1961_B			{H1961=הָיָה=to be}					
1Ki.1.47#12=Q(K)	אֱלֹהִ֜ים	'e.lo.hei.cha	God	{H0430G}	HNcmpa	K= 'e.lo.hei./kha (אֱלֹהֶי/ךָ) "God/ your" (H0430G/H9021=HNcmpc/Sp2ms)	L= אֱלֹהִ֜י/ך ¦ ;	H0430G			{H0430G=אֱלֹהִים=God»LORD@Gen.1.1-Heb}					
1Ki.4.7#17=Q(K)	הָ/אֶחָ֖ד	ha./e.chad	the/ one	H9009/{H0259}	HTd/Ncfsa	K= 'e.chad (אֶחָד) "one" (H0259=HNcfsa)	L= ָאֶחָ֖ד ¦ ;	H0259			H9009=ה=the/{H0259=אֶחָד=one}					
1Ki.5.3(5.17)#24=Q(K)	רַגְלָֽ/י\׃	rag.l/i	feet/ my	{H7272}/H9020\H9016	HNcfdc/Sp1bs	K= rag.lo/v (רַגְל/וֹ\׃) "foot/ his" (H7272/H9023\H9016=HNcbsc/Sp3ms)	L= רַגְלָֽ/ו\׃ ¦ ;	H7272			{H7272=רֶ֫גֶל=foot}/H9020=Ps1c=my\H9016=׃=verseEnd					
1Ki.6.5#05=Q(K)	יָצִ֙יעַ֙	ya.tzo.a'	an extension	{H3326B}	HNcmsa	K= ya.tzo.a' (יָצוֹעַ) "a bed" (H3326B=HNcbsa)	L= יָצִ֙ועַ֙ ¦ ;	H3326B			{H3326B=יָצִיעַ=floor}					
1Ki.6.6#01=Q(K)	הַ/יָּצִ֨יעַ	hai./ya.tzo.a'	the/ extension	H9009/{H3326B}	HTd/Ncmsa	K= hai./ya.tzo.a' (הַ/יָּצוֹעַ) "the/ bed" (H9009/H3326B=HTd/Ncbsa)	L= הַ/יָּצִ֨ועַ ¦ ;	H3326B			H9009=ה=the/{H3326B=יָצִיעַ=floor}					
1Ki.6.10#03=Q(K)	הַ/יָּצִ֙יעַ֙	hai./ya.tzo.a'	the/ extension	H9009/{H3326B}	HTd/Ncmsa	K= hai./ya.tzo.a' (הַ/יָּצוֹעַ) "the/ bed" (H9009/H3326B=HTd/Ncbsa)	L= הַ/יָּצִ֙ועַ֙ ¦ ;	H3326B			H9009=ה=the/{H3326B=יָצִיעַ=floor}					
1Ki.6.21#09=Q(K)	בְּ/רַתּוּק֤וֹת	be./ra.ti.kot	with/ chains of	H9003/{H7569}	HR/Ncfpc	K= be./ra.ti.kot (בְּ/רַתִּיקוֹת) "with/ chains of" (H9003/H7572=HR/Ncfpc)	L= בְּ/רַתּיּק֤וֹת ¦ ;	H7569	H7572		H9003=ב=in/{H7569=רַתּוֹק=chain}					
1Ki.6.38#14=Q(K)	מִשְׁפָּטָ֑י/ו	mish.pa.to/v	plans/ its	{H4941J}/H9023	HNcmpc/Sp3ms	K= mish.pa.to/v (מִשְׁפָּט/וֹ) "plan/ its" (H4941J/H9023=HNcmsc/Sp3ms)	L= מִשְׁפָּטָ֑/ו ¦ ;	H4941J			{H4941J=מִשְׁפָּט=: custom»justice:4_custom;_manner}/H9023=Ps3m=his					
1Ki.7.20#11=Q(K)	הַ/שְּׂבָכָ֑ה	ha./se.va.khah	the/ network	H9009/{H7639}	HTd/Ncfsa	K= se.va.khah (שְׂבָכָה) "a network" (H7639=HNcfsa)	L= ַשְּׂבָכָ֑ה ¦ ;	H7639			H9009=ה=the/{H7639=שְׂבָכָה=latticework}					
1Ki.7.23#15=Q(K)	וְ/קָו֙	u./ke.veh	and/ a measuring-line	H9002/{H6957B}	HC/Ncmsa	K= u./ke.veh (וּ/קְוֵה) "and/ a measuring-line" (H9002/H6961=HC/Ncbsa)	L= וְ/קָו֙ה ¦ ;	H6957B	H6961		H9002=ו=and/{H6957B=קַו=line}					
1Ki.7.36#06=Q(K)	מִסְגְּרֹתֶ֔י/הָ	mis.ge.ro.tei./ha	rims/ its	{H4526}/H9024	HNcfpc/Sp3fs	K= va./mis.ge.ro.tei./ha (וּ/מִסְגְּרֹתֶי/הָ) "<and>/ rims/ its" (H9002/H4526/H9024=HC/Ncfpc/Sp3fs)	L= ו/מִסְגְּרֹתֶ֔י/הָ ¦ ;	H4526			{H4526=מִסְגֶּ֫רֶת=perimeter}/H9024=Ps3f=her					
1Ki.7.45#10=Q(K)	הָ/אֵ֔לֶּה	ha./'o.hel	the/ these	H9009/{H0428}	HTd/Tm	K= ha./'o.hel (הָ/אֹהֶל) "the/ tent" (H9009/H0168G=HTd/Ncbsa)	L= הָ/אֵ֔הֶל ¦ ;	H0428	H0168G		H9009=ה=the/{H0428=אֵ֫לֶּה=these}					
1Ki.8.26#06=Q(K)	דְּבָ֣רְ/ךָ֔	de.va.rei./kha	word/ your	{H1697G}/H9021	HNcmsc/Sp2ms	K= de.va.rei./kha (דְּבָרֶי/ךָ) "words/ your" (H1697G/H9021=HNcmpc/Sp2ms)	L= דְּבָ֣רְי/ךָ֔ ¦ ;	H1697G			{H1697G=דָּבָר=: word»word:1_word;_speech;_command}/H9021=Ps2m=your					
1Ki.8.48#24=Q(K)	בָּנִ֥יתִי	ba.ni.ta	I have built	{H1129}	HVqp1cs	K= ba.ni.ta (בָּנִיתָ) "you have built" (H1129=HVqp2ms)	L= בָּנִ֥יתִ ¦ ;	H1129			{H1129=בָּנָה=to build}					
1Ki.9.9#17=Q(K)	וַ/יִּשְׁתַּחֲו֥וּ	va/i.yish.ta.chu	and/ they bowed down	H9001/{H7812}	Hc/Vvw3mp	K= va/i.yish.ta.chu (וַ/יִּשְׁתַּחוּ) "and/ he bowed down" (H9001/H7812=Hc/Vvw3ms)	L= וַ/יִּשְׁתַּחֲוּ֥ ¦ ;	H7812			H9001=ו=&/{H7812=שָׁחָה=to bow}					
1Ki.9.18#04=Q(K)	תַּדְמֹ֥ר	ta.mar	Tadmor	{H8412}	HNpl	K= ta.mar (תָּמָר) "Tamar" (H8559K=HNpl)	L= תְַּמֹ֥ר ¦ ;	H8412	H8559K		{H8412=תַּדְמֹר=Tadmor»Tadmor@1Ki.9.18-2Ch}					
1Ki.10.5#06=Q(K)	מְשָׁרְתָ֜י/ו	me.sha.re.to/v	servants/ his	{H8334}/H9033	HVprmpc/Sp3ms	K= me.sha.re.to/v (מְשָׁרְת/וֹ) "servant/ his" (H8334/H9033=HVprmsc/Sp3ms)	L= מְשָׁרְתָ֜/ו ¦ ;	H8334			{H8334=שָׁרַת=to minister}/H9033=Os3m=him					
1Ki.12.3#04=Q(K)	וַ/יָּבֹ֥א	va/i.ya.vo.'u'	and/ he came	H9001/{H0935G}	Hc/Vqw3ms	K= va/i.ya.vo.'u (וַ/יָּבֹאוּ) "and/ they came" (H9001/H0935G=Hc/Vqw3mp)	L= וַ/יָּבֹ֥או ¦ ;	H0935G			H9001=ו=&/{H0935G=בּוֹא=: come»to come (in):1_come;_go_in}					
1Ki.12.7#01=Q(K)	וַ/יְדַבְּר֨וּ	va/y.da.ber	and/ they spoke	H9001/{H1696G}	Hc/Vpw3mp	K= va/y.da.ber (וַ/יְדַבֵּר) "and/ he spoke" (H9001/H1696G=Hc/Vpw3ms)	L= וַ/יְדַבְּרֻ֙ ¦ ;	H1696G_A			H9001=ו=&/{H1696G=דָבַר=: speak»to speak:1_speak;_tell;_command}					
1Ki.12.21#01=Q(K)	וַ/יָּבֹ֣א	va/i.ya.vo.'u'	and/ he came	H9001/{H0935G}	Hc/Vqw3ms	K= va/i.ya.vo.'u (וַ/יָּבֹאוּ) "and/ they came" (H9001/H0935G=Hc/Vqw3mp)	L= וַ/יָּבֹ֣או ¦ ;	H0935G			H9001=ו=&/{H0935G=בּוֹא=: come»to come (in):1_come;_go_in}					
1Ki.12.33#16=Q(K)	מִ/לִּבּ֑/וֹ	mi./lib./o	from/ own heart/ his	H9006/{H3820A}/H9023	HR/Ncmsc/Sp3ms	K= mi./li./bad (מִ/לְּ/בַד) "<from>/ <to>/ alone" (H9006/H9005/H0905J=HR/R/Ncbsa)	L= מִ/לִּ/בֹּ֑ד ¦ ;	H3820A	H0905J		H9006=מ=from/{H3820A=לֵב=heart}/H9023=Ps3m=his					
1Ki.14.2#10=Q(K)	אַ֖תְּ	'a.ti	you	{H0859C}	HPp2fs	K= 'a.ti (אַתִּי) "you" (H0859B=HPp2fs)	L= אַ֖תְּי ¦ ;	H0859C	H0859B		{H0859C=אַתְּ=you(f.s.)}					
1Ki.14.25#07=Q(K)	שִׁישַׁ֥ק	shu.shak	Shishak	{H7895}	HNpm	K= shu.shak (שׁוּשַׁק) "Shushak" (H7895=HNpm)	L= שִׁושַׁ֥ק ¦ ;	H7895			{H7895=שִׁישַׁק=Shishak»Shishak@1Ki.11.40-2Ch}					
1Ki.15.15#05=Q(K)	וְ/קָדְשֵׁ֖י	ve./ka.de.shei	and/ [the] holy things	H9002/{H6944G}	HC/Ncmpc	K= ve./ka.de.sho/v (וְ/קָדְשׁ/וֹ) "and/ own holy thing/ his" (H9002/H6944G/H9023=HC/Ncbsc/Sp3ms)	L= וְ/קָדְשֵׁ֖/ו ¦ ;	H6944G_B			H9002=ו=and/{H6944G=קֹ֫דֶשׁ=holiness}					
1Ki.15.18#14=Q(K)	הַ/מֶּ֔לֶךְ	ha./Me.lekh	the/ king	H9009/{H4428G}	HTd/Ncmsa	K= Me.lekh (מֶלֶךְ) "a king" (H4428G=HNcbsa)	L= ַמֶּ֔לֶךְ ¦ ;	H4428G_A			H9009=ה=the/{H4428G=מֶ֫לֶךְ=king}					
1Ki.16.19#02=Q(K)	חַטֹּאתָי/ו֙	cha.ta.to/v	sins/ his	{H2403B}/H9023	HNcfpc/Sp3ms	K= cha.ta.to/v (חַטָּאת/וֹ) "sin/ his" (H2403B/H9023=HNcfsc/Sp3ms)	L= חַטֹּאתָ/ו֙ ¦ ;	H2403B_A			{H2403B=חַטָּאת=: sin»sin:1_sin}/H9023=Ps3m=his					
1Ki.16.26#07=Q(K)	וּ/בְ/חַטָּאת֔/וֹ	u./ve./cha.to.ta/v	and/ in/ sin/ his	H9002/H9003/{H2403B}/H9023	HC/R/Ncfsc/Sp3ms	K= u./ve./cha.to.ta/v (וּ/בְ/חַטֹּאתָי/ו) "and/ in/ sins/ his" (H9002/H9003/H2403B/H9023=HC/R/Ncfpc/Sp3ms)	L= וּ/בְ/חַטָּאת֔י/וֹ ¦ ;	H2403B			H9002=ו=and/H9003=ב=in/{H2403B=חַטָּאת=: sin»sin:1_sin}/H9023=Ps3m=his					
1Ki.16.34#11=Q(K)	וּ/בִ/שְׂג֤וּב	u./vi/s.giv	and/ by/ Segub	H9002/H9003/{H7687G}	HC/R/Npm	K= u./vi/s.giv (וּ/בִ/שְׂגִיב) "and/ by/ Segib" (H9002/H9003/H7687G=HC/R/Npm)	L= וּ/בִ/שְׂג֤יּב ¦ ;	H7687G			H9002=ו=and/H9003=ב=in/{H7687G=שְׂגוּב=Segub»Segub@1Ki.16.34}					
1Ki.17.15#06=Q(K)	הִֽיא\־	hi'-	she	{H1931}\H9014	HPp3fs	K= hu'- (הוּא\־) "he" (H1931\H9014=HPp3ms)	L= הִֽוא\־ ¦ ;	H1931_A			{H1931=הוּא=he;_she;_it}\H9014=־=link					
1Ki.17.15#07=Q(K)	וָ/ה֛וּא	va./hu'	and/ he	H9002/{H1931}	HC/Pp3ms	K= va./hi' (וָ/הִיא) "and/ she" (H9002/H1931=HC/Pp3ms)	L= וָ/ה֛יּא ¦ ;	H1931_B			H9002=ו=and/{H1931=הוּא=he;_she;_it}					
1Ki.18.36#21=Q(K)	וּ/בִ/דְבָרְ/ךָ֣	u./ve./div.rei./kha	and/ at/ word/ your	H9002/H9003/{H1697G}/H9021	HC/R/Ncmsc/Sp2ms	K= u./ve./div.rei./kha (וּ/בְ/דִבְרֶי/ךָ) "and/ at/ words/ your" (H9002/H9003/H1697G/H9021=HC/R/Ncmpc/Sp2ms)	L= וּ/בִ/דְבָרְי/ךָ֣ ¦ ;	H1697G_A			H9002=ו=and/H9003=ב=in/{H1697G=דָּבָר=: word»word:1_word;_speech;_command}/H9021=Ps2m=your					
1Ki.18.42#15=Q(K)	בִּרְכָּֽי/ו\׃	be.ra.kho/v	knees/ his	{H1290}/H9023\H9016	HNcfdc/Sp3ms	K= be.ra.kho/v (בְּרָכ/וֹ\׃) "knee/ his" (H1290/H9023\H9016=HNcbsc/Sp3ms)	L= בִּרְכָּֽ/ו\׃ ¦ ;	H1290			{H1290=בֶּ֫רֶךְ=knee}/H9023=Ps3m=his\H9016=׃=verseEnd					
1Ki.21.8#08=Q(K)	סְפָרִ֗ים	has.fa.rim	letters	{H5612A}	HNcmpa	K= ha/s.fa.rim (הַ/סְפָרִים) "the/ letters" (H9009/H5612A=HTd/Ncmpa)	L= ה/סְפָרִ֗ים ¦ ;	H5612A_B			{H5612A=סֵ֫פֶר=: document»scroll:1_document}					
1Ki.22.13#20=Q(K)	דְבָרְ/ךָ֗	div.rei./kha	word/ your	{H1697G}/H9021	HNcmsc/Sp2ms	K= div.rei./kha (דִבְרֶי/ךָ) "words/ your" (H1697G/H9021=HNcmpc/Sp2ms)	L= דְבָרְי/ךָ֗ ¦ ;	H1697G_B			{H1697G=דָּבָר=: word»word:1_word;_speech;_command}/H9021=Ps2m=your					
1Ki.22.48(22.49)#02=Q(K)	עָשָׂה֩	a.sar	he made	{H6213A}	HVqp3ms	K= a.sar (עָשָׂר) "he tithed" (H6237=HVqp3ms)	L= עָשָׂר֩ ¦ ;	H6213A	H6237, H6240_B		{H6213A=עָשָׂה=: do»to make:2_do;_perform}					
1Ki.22.48(22.49)#11=Q(K)	נִשְׁבְּר֥וּ	nish.be.rah	they were broken	{H7665}	HVNp3cp	K= nish.be.rah (נִשְׁבְּרָה) "it was broken" (H7665=HVNp3fs)	L= נִשְׁבְּרֻ֥ה ¦ ;	H7665			{H7665=שָׁבַר=to break}					
2Ki.3.24#12=Q(K)	וַ/יַּכּוּ	va./yako	and/ they struck down	H9001/{H5221}	Hc/Vhw3mp	K= va./ya.bo (וַ/יָּבוֹ) "and/ they went" (H9001/H0935G=Hc/Vqw3mp)	L= וַ/יַּבּוּ\־ ¦ ;	H5221_b	H0935G_b		H9001=ו=&/{H5221=נָכָה=to smite}					
2Ki.4.7#12=Q(K)	נִשְׁיֵ֑/ךְ	nish.ye./khe	debt/ your	{H5386}/H9022	HNcmsc/Sp2fs	K= nish.ye./khi (נִשְׁיֵ/כִי) "debt/ your" (H5386/H9022=HNcbsc/Sp2fs)	L= נִשְׁיֵ֑/כְי ¦ ;	H5386			{H5386=נְשִׁי=debt}/H9022=Ps2f=your					
2Ki.4.7#14=Q(K)	וּ/בָנַ֔יִ/ךְ	ve./ba.nei./khe	and/ children/ your	H9002/{H1121A}/H9022	HC/Ncmpc/Sp2fs	K= be.nei./khi (בְּנֵי/כִי) "children/ your" (H1121A/H9022=HNcmpc/Sp2fs)	L= ֻבָנַ֔יִ/כְי ¦ ;	H1121A			H9002=ו=and/{H1121A=בֵּן=: child»son:1_child;_son}/H9022=Ps2f=your					
2Ki.4.16#06=Q(K)	אַ֖תְּ	'a.ti	you	{H0859C}	HPp2fs	K= 'a.ti (אַתִּי) "you" (H0859B=HPp2fs)	L= אַ֖תְּי ¦ ;	H0859C	H0859B		{H0859C=אַתְּ=you(f.s.)}					
2Ki.4.23#03=Q(K)	אַ֣תְּ	'a.ti	[are] you	{H0859C}	HPp2fs	K= 'a.ti (אַתִּי) "[are] you" (H0859B=HPp2fs)	L= אַ֣תְּי ¦ ;	H0859C	H0859B		{H0859C=אַתְּ=you(f.s.)}					
2Ki.4.34#14=Q(K)	כַּפָּ֔י/ו	ka.po/v	palms/ his	{H3709G}/H9023	HNcfdc/Sp3ms	K= ka.po/v (כַּפּ/וֹ) "palm/ his" (H3709G/H9023=HNcbsc/Sp3ms)	L= כַּפָּ֔/ו ¦ ;	H3709G_B			{H3709G=כַּף=: palm»palm:1_palm;_hand}/H9023=Ps3m=his					
2Ki.5.9#03=Q(K)	בְּ/סוּסָ֣י/ו	be./su.so/v	with/ horses/ his	H9003/{H5483M}/H9023	HR/Ncmpc/Sp3ms	K= be./su.so/v (בְּ/סוּס/וֹ) "with/ horse/ his" (H9003/H5483M/H9023=HR/Ncmsc/Sp3ms)	L= בְּ/סוּסָ֣/ו ¦ ;	H5483M			H9003=ב=in/{H5483M=סוּס=horse}/H9023=Ps3m=his					
2Ki.5.12#03=Q(K)	אֲמָנָ֨ה	'a.va.nah	[are] Amana	{H0549H}	HNpl	K= 'a.va.nah (אֲבָנָה) "[are] Abana" (H0071=HNpl)	L= אֲבָנָ֨ה ¦ ;	H0549H	H0071		{H0549H=אֲמָנָה=Amana»Amana|Abana@2Ki.5.12}					
2Ki.5.18#23=Q(K)		[ ]	[ ]			K= na' (נָא) "please" (H4994=HTj)	L= נא ¦ ;		H4994							
2Ki.5.25#09=Q(K)	מֵ/אַ֖יִן	me./'an	from/ whence?	H9006/{H0370}	HR/Ti	K= me./'an (מֵ/אָן) "from/ where?" (H9006/H0575=HR/Ti)	L= מֵ/אִַ֖ן ¦ ;	H0370	H0575_a		H9006=מ=from/{H0370=אַ֫יִן=whence?}					
2Ki.6.10#11=Q(K)	וְ/הִזְהִיר֖/וֹ	ve./hiz.hi.r/o	and/ he warned/ him	H9001/{H2094B}/H9033	Hc/Vhq3ms/Sp3ms	K= ve./hiz.hi.ra/h (וְ/הִזְהִירָ/הּ) "and/ he warned/ her" (H9001/H2094B/H9034=Hc/Vhq3ms/Sp3fs)	L= וְ/הִזְהִירֹ֖/ה ¦ ;	H2094B			H9001=ו=&/{H2094B=זָהַר=to warn}/H9033=Os3m=him					
2Ki.6.25#16=Q(K)	דִּבְיוֹנִ֖ים	cha.rei.yo.nim	quano<s>	{H1686}	HNcmpa	K= cha.rei.//yo.nim (חֲרֵי//יוֹנִים) "dung of// doves" ({H2716}//H3123=HNcmpc//Ncmpa)	L= חִרְי//יוֹנִ֖ים ¦ ;	H1686	H2716, H3123, H2755		{H1686=דִּבְיוֹנִים=quano}					
2Ki.7.12#23=Q(K)	בַ/שָּׂדֶה֙	ve./ha.sa.deh	in/ open country	H9003/{H7704G}	HR/Ncmsa	K= ve./ha./sa.deh (בְ/הַ/שָּׂדֶה) "in/ the/ open country" (H9003/H9009/H7704G=HR/Td/Ncbsa)	L= בַ/ה/שָּׂדֶה֙ ¦ ;	H7704G			H9003=ב=in/{H7704G=שָׂדֶה=: country;_planet»land:2_country;_planet}					
2Ki.7.13#16=Q(K)	הֲמ֤וֹן	he.ha.mon	[the] multitude of	{H1995A}	HNcmsc	K= he./ha.mon (הֶ/הָמוֹן) "the/ multitude of" (H9009/H1995A=HTd/Ncbsc)	L= הֲ/המ֤וֹן ¦ ;	H1995A_A			{H1995A=הָמוֹן=crowd}					
2Ki.7.15#14=Q(K)	בְּ/חָפְזָ֑/ם	be./he.cha.fe.za/m	in/ hurrying/ of them	H9003/{H2648}/H9048	HR/Vqcc/Sp3mp	K= be./he./cha.fe.za/m (בְּ/הֵ/חָפְזָ/ם) "in/ <the>/ hurrying/ of them" (H9003/H9009/H2648/H9048=HR/Td/VNcc/Sp3mp)	L= בְּ/ה/חָפְזָ֑/ם ¦ ;	H2648			H9003=ב=in/{H2648=חָפַז=to hurry}/H9048=Sp3m=they					
2Ki.8.1#12=Q(K)	אַ֣תְּ	'a.ti	you	{H0859C}	HPp2fs	K= 'a.ti (אַתִּי) "you" (H0859B=HPp2fs)	L= אַ֣תְּי ¦ ;	H0859C	H0859B		{H0859C=אַתְּ=you(f.s.)}					
2Ki.8.10#06=Q(K)	ל֖/וֹ	l/o	to/ him	H9005/{H9033}	HR/Sp3ms	K= lo' (לֹא) "not" (H3808=HTn)	L= לֹ֖א ¦ ;	H9033	H3808		H9005=ל=to/{H9033=Os3m=him}					
2Ki.8.17#08=Q(K)	שָׁנִ֔ים	sha.nah	years	{H8141}	HNcmpa	K= sha.nah (שָׁנָה) "year[s]" (H8141=HNcfsa)	L= שָׁנִ֔ה ¦ ;	H8141_B			{H8141=שָׁנָה=year}					
2Ki.9.25#04=Q(K)	שָֽׁלִשׁ֔/וֹ	she.lo.sh/o	officer/ his	{H7991C}/H9023	HNcmsc/Sp3ms	K= she.lo.shah (שְׁלֹשָׁה) "three" (H7969=HNcfsa)	L= שָֽׁלִשֹׁ֔ה ¦ ;	H7991C	H7969		{H7991C=שָׁלִישׁ=officer}/H9023=Ps3m=his					
2Ki.9.33#02=Q(K)	שִׁמְט֖וּ/הָ	shim.tu./h	let fall/ her	{H8058}/H9034	HVqv2mp/Sp3fs	K= shim.tu./hu (שִׁמְטֻ/הוּ) "let fall/ him" (H8058/H9033=HVqv2mp/Sp3ms)	L= שִׁמְטֻ֖/הָו ¦ ;	H8058_A			{H8058=שָׁמַט=to release}/H9034=Os3f=her					
2Ki.10.27#10=Q(K)	לְ/מֽוֹצָא֖וֹת	le./ma.cha.ra.'ot	<into>/ outhouses	H9005/{H4163}	HR/Ncfpa	K= le./ma.cha.ra.'ot (לְ/מַחֲרָאוֹת) "<into>/ latrines" (H9005/H4280=HR/Ncfpa)	L= לְ/מֹֽחָרא֖וֹת ¦ ;	H4163	H4280		H9005=ל=to/{H4163=מוֹצָאָה=going forth}					
2Ki.11.1#04=Q(K)	רָאֲתָ֖ה	ra.'a.tah	she saw	{H7200G}	HVqp3fs	K= u./ra.'a.tah (וְ/רָאֲתָה) "and/ she saw" (H9002/H7200G=HC/Vqp3fs)	L= ו/רָאֲתָ֖ה ¦ ;	H7200G			{H7200G=רָאָה=: see»to see:1_see;_show}					
2Ki.11.2#17=Q(K)	הַ/מּ֣וּמָתִ֔ים	ha./ma.mo.tim	who/ were about to be put to death	H9009/{H4191}	HTd/VHsmpa	K= ha./ma.mo.tim (הַ/מָּמוֹתְתִים) "who/ were to be put to death" (H9009/H4191=HTd/VOrmpa)	L= הַ/מֻּ֣מָותִ֔תים ¦ ;	H4191_a	, H4463		H9009=ה=the/{H4191=מוּת=to die}					
2Ki.11.18#09=Q(K)	מִזְבְּחֹתָ֤י/ו	miz.be.cho.to/v	altars/ its	{H4196}/H9023	HNcfpc/Sp3ms	K= miz.be.cho.to/v (מִזְבְּחֹת/וֹ) "altar/ its" (H4196/H9023=HNcfsc/Sp3ms)	L= מִזְבְּחֹתָ֤/ו ¦ ;	H4196_A			{H4196=מִזְבֵּחַ=altar}/H9023=Ps3m=his					
2Ki.11.20#12=Q(K)	הַ/מֶּֽלֶךְ\׃\ \ס	ha./Me.lekh	the/ king	H9009/{H4428G}\H9016\ \H9018	HTd/Ncmsa	K= Me.lekh (מֶלֶךְ\׃\ \ס) "a king" (H4428G\H9016\ \H9018=HNcbsa)	L= ַמֶּֽלֶךְ\׃\ \ס ¦ ;	H4428G			H9009=ה=the/{H4428G=מֶ֫לֶךְ=king}\H9016=׃=verseEnd\ \H9018=ס=section					
2Ki.12.9(12.10)#13=Q(K)	מִ/יָּמִ֗ין	bai./ya.min	from/ [the] right [side]	H9006/{H3225G}	HR/Ncfsa	K= ba/i.ya.min (בַּ/יָּמִין) "at the/ right [side]" (H9003/H3225G=HRd/Ncbsa)	L= בִ/יָּמִ֗ין ¦ ;	H3225G			H9006=מ=from/{H3225G=יָמִין=: right»right:1_right}					
2Ki.12.11(12.12)#06=Q(K)	יְדֵי֙	yad	[the] hands of	{H3027G}	HNcbdc	K= yad (יַד) "[the] hand of" (H3027G=HNcbsc)	L= יְדֵ֙ ¦ ;	H3027G			{H3027G=יָד=: hand»hand:1_hand;_arm[anatomy]}					
2Ki.12.11(12.12)#09=Q(K)	הַ/מֻּפְקָדִ֖ים	ha./pe.ku.dim	who/ were appointed	H9009/{H6485J}	HTd/VHsmpa	K= ha./pe.ku.dim (הַ/פְּקֻדִים) "who/ were appointed" (H9009/H6485J=HTd/Vqsmpa)	L= הַֻ/פְּקָדִ֖ים ¦ ;	H6485J			H9009=ה=the/{H6485J=פָּקַד=: overseer»to reckon:4_overseer;_appoint}					
2Ki.14.2#14=Q(K)	יְהֽוֹעַדָּ֖ן	ye.ho.'a.din	[was] Jehoaddan	{H3086}	HNpf	K= ye.ho.'a.din (יְהוֹעַדִּין) "[was] Jehoaddin" (H3086=HNpf)	L= יְהֽוֹעַדָּ֖ין ¦ ;	H3086			{H3086=יְהוֹעַדָּן=Jehoaddan»Jehoaddan@2Ki.14.2-2Ch}					
2Ki.14.6#28=Q(K)	יוּמָֽת\׃	ya.mut	he will be put to death	{H4191}\H9016	HVHi3ms	K= ya.mut (יָמוּת\׃) "he will die" (H4191\H9016=HVqi3ms)	L= יֻמָֽות\׃ ¦ ;	H4191_D			{H4191=מוּת=to die}\H9016=׃=verseEnd					
2Ki.14.7#06=Q(K)	מֶ֙לַח֙	me.lach	Salt	{H4417H}	HNcmsa	K= ha./me.lach (הַ/מֶּלַח) "<the>/ Salt" (H9009/H4417H=HTd/Ncbsa)	L= ה/מֶ֙לַח֙ ¦ ;	H4417H			{H4417H=מֶ֫לַח= of Salt»Salt_Valley@2Sa.8.13-Psa}					
2Ki.14.12#07=Q(K)	לְ/אֹהָלָֽי/ו\׃	le./'o.ho.lo/v	to/ tents/ his	H9005/{H0168H}/H9023\H9016	HR/Ncmpc/Sp3ms	K= le./'o.ho.lo/v (לְ/אָהֳל/וֹ\׃) "to/ tent/ his" (H9005/H0168H/H9023\H9016=HR/Ncmsc/Sp3ms)	L= לְ/אֹהָלָֽ/ו\׃ ¦ ;	H0168H			H9005=ל=to/{H0168H=אֹ֫הֶל=: home»tent:2_home}/H9023=Ps3m=his\H9016=׃=verseEnd					
2Ki.14.13#15=Q(K)	וַ/יָּבֹא֙	va/i.ya.vo.'u'	and/ he came	H9001/{H0935G}	Hc/Vqw3ms	K= va/i.ya.vo.'u (וַ/יָּבֹאוּ) "and/ they came" (H9001/H0935G=Hc/Vqw3mp)	L= וַ/יָּבֹא֙ו ¦ ;	H0935G			H9001=ו=&/{H0935G=בּוֹא=: come»to come (in):1_come;_go_in}					
2Ki.15.25#11=Q(K)	הַ/מֶּ֙לֶךְ֙	ha./Me.lekh	the/ king	H9009/{H4428G}	HTd/Ncmsa	K= Me.lekh (מֶלֶךְ) "a king" (H4428G=HNcbsa)	L= ַמֶּ֙לֶךְ֙ ¦ ;	H4428G			H9009=ה=the/{H4428G=מֶ֫לֶךְ=king}					
2Ki.16.6#14=Q(K)	וַֽ/אֲדוֹמִים֙	va./'a.ra.mim	and/ Edomites	H9002/{H0130}	HC/Ngmpa	K= va./'a.ra.mim (וַ/אֲרַמִּים) "and/ Arameans" (H9002/H0761I=HC/Ngmpa)	L= וַֽ/אֲרֹמִים֙ ¦ ;	H0130	H0761I		H9002=ו=and/{H0130=אֲדֹמִי=Edomite»Edomite|Edom@Gen.36.40-Mal}					
2Ki.16.15#01=Q(K)	וַ/יְצַוֶּ֣ה	va/y.tza.vuh	and/ he commanded	H9001/{H6680}	Hc/Vpw3ms	K= va/y.tza.ve./hu (וַ/יְצַוֵּ/הוּ) "and/ he commanded/ him" (H9001/H6680/H9033=Hc/Vpw3ms/Sp3ms)	L= וַ/יְצַוֶּ֣/הו ¦ ;	H6680			H9001=ו=&/{H6680=צָוָה=to command}					
2Ki.16.17#09=Q(K)	אֶת	ve.'Et	<obj.>	{H0853}	HTo	K= ve./'Et (וְ/אֶת) "and/ <obj.>" (H9002/H0853=HC/To)	L= ו/אֶת\־ ¦ ;	H0853_B			{H0853=אֵת=[Obj.]}					
2Ki.16.18#02=Q(K)	מוּסַ֨ךְ	mi.sakh	[the] covered structure of	{H4329}	HNcmsc	K= mi.sakh (מִיסַךְ) "[the] covered structure of" (H4329=HNcbsc)	L= מיּסַ֨ךְ ¦ ;	H4329			{H4329=מוּסָךְ=portico}					
2Ki.17.13#07=Q(K)	נְבִיאֵ֨י	ne.vi.'ov	[the] prophets	{H5030}	HNcmpc	K= ne.vi.'o/v (נְבִיא/וֹ) "prophet/ his" (H5030/H9023=HNcbsc/Sp3ms)	L= נְבִיאֵ֨/ו ¦ ;	H5030_A			{H5030=נָבִיא=prophet}					
2Ki.17.16#10=Q(K)	שְׁנֵ֣י	she.neim	two	{H8147}	HNcbdc	K= she.neim (שְׁנֵים) "two" (H8147=HNcbda)	L= שְׁנֵ֣ים ¦ ;	H8147			{H8147=שְׁנַ֫יִם=two}					
2Ki.17.21#12=Q(K)	וַ/יַּדַּ֨ח	va/i.ya.de	and/ he enticed away	H9001/{H5080}	Hc/Vhw3ms	K= va/i.ya.de' (וַ/יַּדֵּא) "and/ he drove away" (H9001/H5077A=Hc/Vhw3ms)	L= וַ/יַּדַּ֨א ¦ ;	H5080	H5077A		H9001=ו=&/{H5080=נָדַח=to banish}					
2Ki.17.31#13=Q(K)	אֱלֹהֵ֥י	'e.lo.ah	[the] gods of	{H0430J}	HNcmpc	K= 'e.lo.ah (אֱלֹהַּ) "[the] god of" (H0433=HNcmsc)	L= אֱלֹהֵ֥ ¦ ;	H0430J	H0433		{H0430J=אֱלֹהִים=gods}					
2Ki.17.31#14=Q(K)	סְפַרְוָֽיִם\׃	se.fa.rim	Sepharvaim	{H5617}\H9016	HNpl	K= se.fa.rim (סְפָרִים\׃) "Sepharim" (H5617\H9016=HNpl)	L= סְפַרְיִָֽם\׃ ¦ ;	H5617			{H5617=סְפַרְוַ֫יִם=Sepharvaim»Sepharvaim@2Ki.17.24-Isa}\H9016=׃=verseEnd					
2Ki.18.27#22=Q(K)	צוֹאָתָ֗/ם	cha.rei./hem	own excrement/ their	{H6675}/H9028	HNcfsc/Sp3mp	K= cha.rei./hem (חֲרֵי/הֶם) "own dung<s>/ their" (H2716/H9028=HNcmpc/Sp3mp)	L= חֹרָי/הָ֗ם ¦ ;	H6675	H2716, H2755		{H6675=צֹאָה=filth}/H9028=Pp3m=their					
2Ki.18.27#25=Q(K)	מימֵ֥י/ /רַגְלֵי/הֶ֖ם	mimei/ /rag.lei./hem	[the] water of/ /feet/ their	{H4325G}/ /{H7272}/H9028	HNcmpc//Ncfdc/Sp3mp	K= shei.nei./hem (שֵׁינֵי/הֶם) "own urine<s>/ their" (H7890/H9028=HNcbdc/Sp3mp)	L= שֵֽׁיַנְיֵ/הֶ֖ם ¦ ;	H4325G, H7272	H7890		{H4325G=מַי=water}/ /{H7272=רֶ֫גֶל=foot}/H9028=Pp3m=their					
2Ki.19.23#06=Q(K)	בְּ/רֹ֥ב	be./re.chev	with/ [the] abundance of	H9003/{H7230}	HR/Ncmsc	K= be./re.khev (בְּ/רֶכֶב) "with/ [the] chariotry of" (H9003/H7393G=HR/Ncbsc)	L= בְּ/רֹ֥כב ¦ ;	H7230	H7393G_a		H9003=ב=in/{H7230=רֹב=abundance}					
2Ki.19.23#21=Q(K)	קִצּ֔/וֹ	ki.Tz/o	end/ its	{H7093}/H9023	HNcmsc/Sp3ms	K= ki.Tzo/h (קִצֹּ֔/ה) "end/ its" (H7093/H9023=HNcbsc/Sp3ms)	L= קִצֹּ֔/ה ¦ ;	H7093			{H7093=קֵץ=end}/H9023=Ps3m=his					
2Ki.19.31#09=Q(K)	יְהוָ֥ה/ /צְבָא֖וֹת	Yah.weh/ /tze.Va.'ot	Yahweh/ /of hosts	{H3068G}/ /{H6635B}	HNpt//Ncfpa	K= Yah.weh (יְהוָ֥ה) "Yahweh" (H3068G=HNpt)	L= יְהוָ֥הֳ֖ ¦ ;	H3068G, H6635B			{H3068G=יהוה=LORD»LORD@Gen.1.1-Heb}/ /{H6635B=צָבָא=Hosts»LORD@Gen.1.1-Heb}					
2Ki.19.37#08=Q(K)	וְ/שַׂרְאֶ֤צֶר/ /בָּנָי/ו֙	ve./sar.'E.tzer/ /ba.Na/v	and/ Sharezer/ /sons/ his	H9002/{H8272G}/ /{H1121A}/H9023	HC/Npm//Ncmpc/Sp3ms	K= ve./sar.'E.tzer (וְ/שַׂרְאֶ֤צֶר) "and/ Sharezer" (H9002/H8272G=HC/Npm)	L= וְ/שַׂרְאֶ֤צֶרָָ֙ ¦ ;	H8272G, H1121A_a			H9002=ו=and/{H8272G=שַׁרְאֶ֫צֶר=Sharezer»Sharezer@2Ki.19.37-Isa}/ /{H1121A=בֵּן=: child»son:1_child;_son}/H9023=Ps3m=his					
2Ki.20.4#05=Q(K)	חָצֵ֖ר	ha.'ir	[the] court	{H2691A}	HNcfsa	K= ha./'ir (הָ/עִיר) "the/ city" (H9009/H5892B=HTd/Ncfsa)	L= הָ/עֵ֖יר ¦ ;	H2691A	H5892B		{H2691A=חָצֵר=court}					
2Ki.20.13#08=Q(K)	נְכֹת֡/וֹ	ne.kho.T/o	treasure/ his	{H5238}/H9023	HNcfsc/Sp3ms	K= ne.kho.To/h (נְכֹתֹ/ה) "treasure/ his" (H5238/H9023=HNcbsc/Sp3ms)	L= נְכֹתֹ֡/ה ¦ ;	H5238			{H5238=נְכֹת=treasure}/H9023=Ps3m=his					
2Ki.20.18#07=Q(K)	יִקָּ֑חוּ	yi.kach	people will take away	{H3947G}	HVqi3mp	K= yi.kach (יִקָּח) "someone will take away" (H3947G=HVqi3ms)	L= יִקָּ֑חֻ ¦ ;	H3947G			{H3947G=לָקַח=: take»to take:1_take}					
2Ki.21.12#15=Q(K)	שֹׁ֣מְעָ֔/הּ	sho.me.'a/h	[one who] hears of/ it	{H8085G}/H9034	HVqrmsc/Sp3fs	K= sho.me.'a/v (שֹׁמְעָי/ו) "[those who] hear of/ it" (H8085G/H9033=HVqrmpc/Sp3ms)	L= שֹׁ֣מְעָ֔יּ/ו ¦ ;	H8085G			{H8085G=שָׁמַע=: hear»to hear:1_hear}/H9034=Os3f=her					
2Ki.22.5#07=Q(K)	בֵּ֣ית	veit	[the] house of	{H1004B}	HNcmsc	K= be./veit (בְּ/בֵית) "in/ [the] house of" (H9003/H1004B=HR/Ncbsc)	L= ב/בֵּ֣ית ¦ ;	H1004B_A			{H1004B=בַּ֫יִת=: home»house:1_home}					
2Ki.23.10#06=Q(K)	בֶן	ve.nei-	Ben	{H1121A}	HNcmsc	K= ve.nei- (בְנֵי) "[the] sons of" (H1121A=HNcmpc)	L= בֶני\־ ¦ ;	H1121A_A			{H1121A=בֵּן=: child»son:1_child;_son}					
2Ki.23.33#07=Q(K)	מִ/מְּלֹ֖ךְ	mi/m.lokh	from/ reigning	H9006/{H4427A}	HR/Vqcc	K= bi/m.lokh (בִּ/מְלֹךְ) "when/ reigned" (H9003/H4427A=HR/Vqcc)	L= בִּ/מְּלֹ֖ךְ ¦ ;	H4427A			H9006=מ=from/{H4427A=מָלַךְ=to reign}					
2Ki.23.36#14=Q(K)	זְבוּדָּ֥ה	ze.vi.dah	[was] Zebudah	{H2080}	HNpf	K= ze.vi.dah (זְבִידָה) "[was] Zebidah" (H2080=HNpf)	L= זְביּדָּ֥ה ¦ ;	H2080			{H2080=זְבוּדָה=Zebidah»Zebidah@2Ki.23.36}					
2Ki.24.10#03=Q(K)	עָל֗וּ	a.lah	they went up	{H5927G}	HVqp3cp	K= a.lah (עָלָה) "he went up" (H5927G=HVqp3ms)	L= עָלֻ֗ה ¦ ;	H5927G			{H5927G=עָלָה=: rise»to ascend:1_rise;_go}					
2Ki.24.14#12=Q(K)	עֲשֶׂ֤רֶת	a.sa.rah	ten	{H6235}	HNcfsc	K= a.sa.rah (עֲשָׂרָה) "ten" (H6235=HNcfsa)	L= עֲשֶׂ֤רֶה ¦ ;	H6235			{H6235=עֶשֶׂר=ten}					
2Ki.24.15#14=Q(K)	אֵילֵ֣י	'e.vi.lei	[the] leaders of	{H0352C}	HNcmpc	K= 'e.vi.lei (אֱוִלֵי) "[the] citizens of" (H0193B=HNcmpc)	L= אֵולֵ֣י ¦ ;	H0352C	H0193B		{H0352C=אַ֫יִל=leader}					
2Ki.24.18#14=Q(K)	חֲמוּטַ֥ל	cha.mi.tal	[was] Hamutal	{H2537}	HNpf	K= cha.mi.tal (חֲמִיטַל) "[was] Hamital" (H2537=HNpf)	L= חֲמיּטַ֥ל ¦ ;	H2537			{H2537=חֲמוּטַל=Hamutal»Hamutal@2Ki.23.31-Jer}					
2Ki.25.17#13=Q(K)	אַמּוֹת֒	'a.mah	cubits	{H0520A}	HNcfpa	K= 'a.mah (אַמָּה) "cubit[s]" (H0520A=HNcfsa)	L= אַמֹּה֒ ¦ ;	H0520A_B			{H0520A=אַמָּה=cubit}					
1Ch.1.11#04=Q(K)	לוּדִ֧ים	lu.di.yim	[the] Ludites	{H3866G}	HNpl	K= lu.di.yim (לוּדִיִּים) "[the] Ludiites" (H3866G=HNpl)	L= לוּדִ֧יים ¦ ;	H3866G			{H3866G=לוּדִי=Ludim»Ludim@Gen.10.13-1Ch}					
1Ch.1.46#15=Q(K)	עֲוִֽית\׃	a.yot	[was] Avith	{H5762}\H9016	HNpl	K= a.yot (עֲיוֹת\׃) "[was] Ayoth" (H5762\H9016=HNpl)	L= עֲיִֽות\׃ ¦ ;	H5762			{H5762=עֲוִית=Avith»Avith@Gen.36.35-1Ch}\H9016=׃=verseEnd					
1Ch.1.51#09=Q(K)	עַֽלְוָ֖ה	al.yah	Alvah	{H5933}	HNpm	K= al.yah (עַלְיָה) "Aliah" (H5933=HNpm)	L= עַֽלְיָ֖ה ¦ ;	H5933			{H5933=עַלְוָה=Alvah»Alvah@Gen.36.40-1Ch}					
1Ch.2.55#03=Q(K)	יֹשְׁבֵ֣י	yo.she.vu	[who were] dwelling	{H3427}	HVqrmpc	K= yo.she.vu (יָשְׁבוּ) "[who] they dwelt" (H3427=HVqp3cp)	L= יֹשְׁבֵ֣ו ¦ ;	H3427			{H3427=יָשַׁב=to dwell}					
1Ch.3.24#03=Q(K)	הוֹדַוְיָ֡הוּ	ho.day.va.hu	Hodaviah	{H1938G}	HNpm	K= ho.day.va.hu (הֹדַיְוָהוּ) "Hodaiah" (H1939=HNpm)	L= הֹדַיְ֡וָהוּ ¦ ;	H1938G	H1939		{H1938G=הוֹדַוְיָה=Hodaviah»Hodaviah@1Ch.3.24}					
1Ch.4.7#04=Q(K)	וְ/צֹ֖חַר	ve./yitz.char	and/ Zohar	H9002/{H6714G}	HC/Npm	K= yitz.char (יִצְחָר) "Izhar" (H3328=HNpm)	L= יְצֹ֖חַר ¦ ;	H6714G	H3328		H9002=ו=and/{H6714G=צֹ֫חַר=Zohar»Zohar@Gen.23.8-}					
1Ch.4.20#07=Q(K)	וְ/תִיל֑וֹן	ve./to.lon	and/ Tilon	H9002/{H8436}	HC/Npm	K= ve./to.lon (וְ/תוֹלוֹן) "and/ Tolon" (H9002/H8436=HC/Npm)	L= וְ/תִול֑וֹן ¦ ;	H8436			H9002=ו=and/{H8436=תִּילוֹן=Tilon»Tilon@1Ch.4.20}					
1Ch.4.41#13=Q(K)	הַ/מְּעוּנִ֨ים	ha./me.'i.nim	the/ Meunites	H9009/{H4586G}	HTd/Npl	K= ha./me.'i.nim (הַ/מְּעִינִים) "the/ Meinites" (H9009/H4586G=HTd/Npl)	L= הַ/מְּעיּנִ֨ים ¦ ;	H4586G	, H4583		H9009=ה=the/{H4586G=מְעוּנִים=Meunite»Meunites@1Ch.4.41-2Ch}					
1Ch.6.26(6.11)#02=Q(K)	בְּנֵי֙	be.nei	[the] sons	{H1121A}	HNcmpc	K= be.no/v (בְּנ/וֹ) "son/ his" (H1121A/H9023=HNcbsc/Sp3ms)	L= בְּנֵ/ו֙ ¦ ;	H1121A_A			{H1121A=בֵּן=: child»son:1_child;_son}					
1Ch.6.35(6.20)#02=Q(K)	צוּף֙	tzif	Zuph	{H6689G}	HNpm	K= tzif (צִיף) "Ziph" (H6689G=HNpm)	L= ציּף֙ ¦ ;	H6689G			{H6689G=צוּף=Zuph»Zuph@1Sa.1.1-1Ch}					
1Ch.7.1#05=Q(K)	יָשׁ֥וּב	ya.shiv	Jashub	{H3437H}	HNpm	K= ya.shiv (יָשִׁיב) "Jashib" (H3437H=HNpm)	L= יָשׁ֥יּב ¦ ;	H3437H			{H3437H=יָשׁוּב=Jashub»Jashub@Gen.46.13-1Ch}					
1Ch.7.10#06=Q(K)	יְע֡וּשׁ	ye.'ush	Jeush	{H3266H}	HNpm	K= ye.'ish (יְעִישׁ) "Jeish" (H3274=HNpm)	L= יְע֡יּשׁ ¦ ;	H3266H	H3274		{H3266H=יְעוּשׁ=Jeush»Jeush@1Ch.7.10}					
1Ch.7.31#07=Q(K)	בִרְזָֽיִת\׃	vir.zot	Birzaith	{H1269}\H9016	HNpm	K= vir.zot (בִרְזוֹת\׃) "Birzoth" (H1269\H9016=HNpm)	L= בִרְזָֽוִת\׃ ¦ ;	H1269			{H1269=ברזות=Birzaith»Birzaith@1Ch.7.31}\H9016=׃=verseEnd					
1Ch.7.34#04=Q(K)	וְ/רָהְגָּ֖ה	ve./ro.ha.gah	and/ Rohgah	H9002/{H7303}	HC/Npm	K= ve./ro.ha.gah (וְ/רוֹהֲגָה) "and/ Rohagah" (H9002/H7303=HC/Npm)	L= וְ/רָוהְגָּ֖ה ¦ ;	H7303			H9002=ו=and/{H7303=רָהְגָּה=Rohgah»Rohgah@1Ch.7.34}					
1Ch.7.34#05=Q(K)	וְ/חֻבָּ֥ה	ve./yach.bah	and/ Hubbah	H9002/{H3160}	HC/Npm	K= yach.bah (יַחְבָּה) "Jachbah" (H3160=HNpm)	L= יְחֻבָּ֥ה ¦ ;	H3160			H9002=ו=and/{H3160=חֻבָּה=Jehubbah»Jehubbah@1Ch.7.34}					
1Ch.8.25#02=Q(K)	וּ/פְנוּאֵ֖ל	u./fe.ni.'el	and/ Penuel	H9002/{H6439I}	HC/Npm	K= u./fe.ni.'el (וּ/פְנִיאֵל) "and/ Peniel" (H9002/H6439I=HC/Npm)	L= וּ/פְניּאֵ֖ל ¦ ;	H6439I			H9002=ו=and/{H6439I=פְּנוּאֵל=Penuel»Penuel@1Ch.8.25}					
1Ch.9.4#09=Q(K)	בָּנִ֔י/ /מִן	ba.ni/ /min	Bani/ /from	{H1137I}/ /{H4480A}	HNpm//R	K= ba.ni.min- (בִּנְיָמִן\־) "Benjamin" (H1144G\H9014=HNpm)	L= בִּנְיָמִן\־ ¦ ;	H1137I, H4480A	H1144G		{H1137I=בָּנִי=Bani»Bani@1Ch.9.4}/ /{H4480A=מִן־=from}					
1Ch.9.33#07=Q(K)	פְּטוּרִ֑ים	pe.ti.rim	set free	{H6362}	HVqsmpa	K= pe.ti.rim (פְּטִירִים) "set free" (H6359=HNcmpa)	L= פְּטיּרִ֑ים ¦ ;	H6362	H6359		{H6362=פָּטַר=to separate}					
1Ch.9.35#05=Q(K)	יְעִיאֵ֑ל	ye.'u.'el	Jeiel	{H3273P}	HNpm	K= ye.'u.'el (יְעוּאֵל) "Jeuel" (H3273P=HNpm)	L= יְעִואֵ֑ל ¦ ;	H3273P			{H3273P=יְעִיאֵל=Jeiel»Abiel@1Sa.9.1-1Ch}					
1Ch.11.11#10=Q(K)	הַ/שָּׁ֣לִישִׁ֔ים	ha./she.lo.shim	the/ officers	H9009/{H7991C}	HTd/Ncmpa	K= ha./she.lo.shim (הַ/שְּׁלוֹשִׁים) "the/ thirty" (H9009/H7970=HTd/Ncmpa)	L= הַ/שָּׁ֣לִושִׁ֔ים ¦ ;	H7991C	H7970		H9009=ה=the/{H7991C=שָׁלִישׁ=officer}					
1Ch.11.20#16=Q(K)	וְ/ל/וֹ	ve./l/o-	and/ [belonged] to/ him	H9002/{H9005}/H9033	HC/R/Sp3ms	K= ve./lo'- (וְ/לֹא) "and/ not" (H9002/H3808=HC/Tn)	L= וְ/לֹא\־ ¦ ;	H9005	H3808		H9002=ו=and/{H9005=ל=to}/H9033=Os3m=him					
1Ch.11.44#04=Q(K)	וִֽ/יעִיאֵ֔ל	vi./'u.'el	and/ Jeiel	H9002/{H3273H}	HC/Npm	K= vi./'u.'el (וִ/יעוּאֵל) "and/ Jeuel" (H9002/H3273H=HC/Npm)	L= וִֽ/יעִואֵ֔ל ¦ ;	H3273H			H9002=ו=and/{H3273H=יְעִיאֵל=Jeiel»Jeiel@1Ch.11.44}					
1Ch.12.3#07=Q(K)	וִ/יזִיאֵ֥ל	vi./zu.'el	and/ Jeziel	H9002/{H3149}	HC/Npm	K= vi./zu.'el (וִ/יזוּאֵל) "and/ Jezuel" (H9002/H3149=HC/Npm)	L= וִ/יזִואֵ֥ל ¦ ;	H3149			H9002=ו=and/{H3149=יְזִיאֵל=Jeziel»Jeziel@1Ch.12.3}					
1Ch.12.5(12.6)#06=Q(K)	הַ/חֲרוּפִֽי\׃	ha./cha.ri.fi	the/ Haruphite	H9009/{H2741}\H9016	HTd/Ngmsa	K= ha./cha.ri.fi (הַ/חֲרִיפִי\׃) "the/ Hariphite" (H9009/H2741\H9016=HTd/Ngbsa)	L= הַ/חֲריּפִֽי\׃ ¦ ;	H2741			H9009=ה=the/{H2741=חֲרִיפִי=Haruphite»Haruphites@1Ch.12.5}\H9016=׃=verseEnd					
1Ch.12.15(12.16)#13=Q(K)	גְּדוֹתָ֑י/ו	gi.d.yo.ta/v	banks/ its	{H1415}/H9023	HNcfpc/Sp3ms	K= gi.d.yo.ta/v (גִּדיֹתָי/ו) "banks/ its" (H1428/H9023=HNcfpc/Sp3ms)	L= גְּדֹיתָ֑י/ו ¦ ;	H1415	H1428		{H1415=גָּדָה=bank}/H9023=Ps3m=his					
1Ch.12.18(12.19)#06=Q(K)	הַ/שָּׁלִישִׁים֒	ha./she.lo.shim	the/ officers	H9009/{H7991C}	HTd/Ncmpa	K= ha./she.lo.shim (הַ/שְּׁלוֹשִׁים) "the/ thirty" (H9009/H7970=HTd/Ncmpa)	L= הַ/שָּׁלִושִׁים֒ ¦ ;	H7991C	H7970		H9009=ה=the/{H7991C=שָׁלִישׁ=officer}					
1Ch.14.1#02=Q(K)	חוּרָ֨ם	chi.ram	Huram	{H2361G}	HNpm	K= chi.ram (חִירָם) "Hiram" (H2438G=HNpm)	L= חיּרָ֨ם ¦ ;	H2361G	H2438G, H2438		{H2361G=חוּרָם=Hiram»Hiram@2Sa.5.11-2Ch}					
1Ch.20.5#09=Q(K)	יָעִ֗יר	ya.'ur	Jair	{H3265}	HNpm	K= ya.'ur (יָעוּר) "Jaur" (H3265=HNpm)	L= יָעִ֗ור ¦ ;	H3265			{H3265=יָעִיר=Jair»Jaare-oregim@2Sa.21.19-1Ch}					
1Ch.22.7#04=Q(K)	בְּנִ֕/י	be.n/i	O son/ my	{H1121A}/H9020	HNcmsc/Sp1bs	K= be.no/v (בְּנ/וֹ) "son/ his" (H1121A/H9023=HNcbsc/Sp3ms)	L= בְּנִ֕/ו ¦ ;	H1121A			{H1121A=בֵּן=: child»son:1_child;_son}/H9020=Ps1c=my					
1Ch.23.9#03=Q(K)	שְׁלוֹמִ֧ית	she.lo.mot	Shelomith	{H8019K}	HNpm	K= she.lo.mot (שְׁלֹמוֹת) "Shelomoth" (H8013G=HNpm)	L= שְׁלֹמִ֧ות ¦ ;	H8019K	H8013G, H8013		{H8019K=שְׁלֹמִית=Shelomith»Shelomith|Shelomoth@1Ch.23.9}					
1Ch.24.24#06=Q(K)	שָׁמִֽיר\׃	sha.mur	Shamir	{H8069I}\H9016	HNpm	K= sha.mur (שָׁמוּר\׃) "Shamur" (H8053\H9016=HNpm)	L= שָׁמִֽור\׃ ¦ ;	H8069I	H8053		{H8069I=שָׁמִיר=Shamir»Shamir@1Ch.24.24}\H9016=׃=verseEnd					
1Ch.25.1#10=Q(K)	הַֽ/נִּבְּאִ֛ים	ha./ne.bi.'im	who/ prophesied	H9009/{H5012}	HTd/VNrmpa	K= ha./ne.bi.'im (הַ/נְּבִיאִים) "the/ prophets" (H9009/H5030=HTd/Ncmpa)	L= הַֽ/נִּבְּיאִ֛ים ¦ ;	H5012	H5030		H9009=ה=the/{H5012=נָבָא=to prophesy}					
1Ch.26.25#11=Q(K)	וּ/שְׁלֹמִ֥ית	u./she.lo.mot	and/ Shelomith	H9002/{H8019J}	HC/Npm	K= u./she.lo.mot (וּ/שְׁלֹמוֹת) "and/ Shelomoth" (H9002/H8013H=HC/Npm)	L= וּ/שְׁלֹמִ֥ות ¦ ;	H8019J	H8013H, H8013		H9002=ו=and/{H8019J=שְׁלֹמִית=Shelomoth»Shelomoth@1Ch.26.25-28}					
1Ch.27.12#06=Q(K)	לַ/בֵּ֣ן\׀/ /יְמִינִ֑י	la./ben/ /ye.mi.ni	of the/ Ben/ /jaminite[s]	H9005/{H1121G}\H9015/ /{H3227B}	HRd/Ncmsa//Ngmsa	K= la./ben.ye.mi.ni (לַ/בֶּנְיְמִינִי) "of the/ Benjaminite[s]" (H9005/H1145=HRd/Ngmsa)	L= לַ/בֵּ֣נ\׀/יְמִינִ֑י ¦ ;	H1121G, H3227B	H1145, H3227		H9005=ל=to/{H1121G=בֵּן=: descendant»son:2_descendant;_people}\H9015=׀=separate/ /{H3227B=יְמִינִי=[Ben]jaminite»Benjamin@Gen.35.18-Rev}					
1Ch.27.29#05=Q(K)	שִׁרְטַ֖י	shit.rai	Shirtai	{H7861}	HNpm	K= shit.rai (שִׁטְרַי) "Shitrai" (H7861=HNpm)	L= שִׁטְרַ֖י ¦ ;	H7861			{H7861=שִׁטְרַי=Shitrai»Shitrai@1Ch.27.29}					
1Ch.29.16#14=Q(K)	ה֖וּא	hi'	it	{H1931}	HPp3ms	K= hi' (הִיא) "it" (H1931=HPp3fs)	L= ה֖יּא ¦ ;	H1931			{H1931=הוּא=he;_she;_it}					
2Ch.3.17#13=Q(K)	הַ/יְמָנִי֙	ha/y.mi.ni	the/ south [one]	H9009/{H3233H}	HTd/Aamsa	K= ha/y.mi.ni (הַ/יְמִינִי) "the/ south [one]" (H9009/H3227H=HTd/Ngbsa)	L= הַ/יְמָינִי֙ ¦ ;	H3233H	H3227H		H9009=ה=the/{H3233H=יְמָנִי=: south»right:2_south}					
2Ch.4.11#10=Q(K)	חוּרָ֗ם	ch.y.ram	Huram	{H2361J}	HNpm	K= ch.y.ram (חִירָם) "Hiram" (H2438H=HNpm)	L= חיּרָ֗ם ¦ ;	H2361J_b	H2438H, H2438		{H2361J=חוּרָם=Hiram»Hiram@1Ki.7.13-2Ch}					
2Ch.8.10#03=Q(K)	הַ/נִּצָּבִ֛ים	ha./ne.tzi.vim	the/ overseers	H9009/{H5324}	HTd/VNrmpa	K= ha./ne.tzi.vim (הַ/נְּצִיבִים) "the/ garrisons" (H9009/H5333=HTd/Ncmpa)	L= הַ/נִּצָּיבִ֛ים ¦ ;	H5324	H5333		H9009=ה=the/{H5324=נָצַב=to stand}					
2Ch.9.10#03=Q(K)	חוּרָם֙	chi.ram	Huram	{H2361G}	HNpm	K= chi.ram (חִירָם) "Hiram" (H2438G=HNpm)	L= חיּרָם֙ ¦ ;	H2361G	H2438G, H2438		{H2361G=חוּרָם=Hiram»Hiram@2Sa.5.11-2Ch}					
2Ch.9.29#18=Q(K)	יֶעְדּ֣וֹ	ye'.di	Iddo	{H3260}	HNpm	K= ye'.di (יֶעְדִּי) "Iddi" (H3260=HNpm)	L= יֶעְדֹּ֣י ¦ ;	H3260			{H3260=יֶעְדּוֹ=Iddo»Iddo@2Ch.9.29-}					
2Ch.11.18#07=Q(K)	בַּת	ben	[the] daughter of	{H1323G}	HNcfsc	K= ben (בֶּן) "[the] son of" (H1121A=HNcbsc)	L= בַּן\־ ¦ ;	H1323G_a	H1121A_a		{H1323G=בַּת=: daughter»daughter:1_daughter}					
2Ch.13.19#18=Q(K)	עֶפְרַ֖יִן	ef.ron	Ephrayin	{H6085I}	HNpl	K= ef.ron (עֶפְרוֹן) "Ephron" (H6085I=HNpl)	L= עֶפְרַ֖וִן ¦ ;	H6085I			{H6085I=עֶפְרוֹן=Ephron»Ephraim@Gen.41.52-1Ki}					
2Ch.17.8#07=Q(K)	וּ/שְׁמִֽירָמ֡וֹת	u./she.mi.ri.mot	and/ Shemiramoth	H9002/{H8070H}	HC/Npm	K= u./she.mi.ri.mot (וּ/שְׁמִרִימוֹת) "and/ Shemirimoth" (H9002/H8070H=HC/Npm)	L= וּ/שְׁמִֽרָימ֡וֹת ¦ ;	H8070H			H9002=ו=and/{H8070H=שְׁמִירָמוֹת=Shemiramoth»Shemiramoth@2Ch.17.8}					
2Ch.18.8#09=Q(K)	מִיכָ֥יְהוּ	mi.kha.hu	Micaiah	{H4321G}	HNpm	K= mi.kha.hu (מִיכָהוּ) "Micahu" (H4319=HNpm)	L= מִיכָ֥הְוּ ¦ ;	H4321G	H4319		{H4321G=מִיכָֽיְהוּ=Micaiah»Micaiah@1Ki.22.8-2Ch}					
2Ch.18.33#16=Q(K)	יָדְ/ךָ֛	ya.dei./kha	hand/ your	{H3027I}/H9021	HNcbsc/Sp2ms	K= ya.dei./kha (יָדֶי/ךָ) "hands/ your" (H3027I/H9021=HNcbdc/Sp2ms)	L= יָדְי/ךָ֛ ¦ ;	H3027I			{H3027I=יָד=: themselves»hand:3_themselves;_myself;_yourself;_[hand_of](SUBJECT)}/H9021=Ps2m=your					
2Ch.24.27#02=Q(K)	יִ֧רֶ֞ב	ye.Rev	it will be numerous of	{H7235A}	HVqj3ms	K= ve./rov (וְ/רֹב) "and/ [the] abundance of" (H9002/H7230=HC/Ncbsc)	L= וִ֧/רֶ֞ב ¦ ;	H7235A	H7230		{H7235A=רָבָה=to multiply}					
2Ch.25.17#15=Q(K)	לְכָ֖/ה	le.kha/h	come/ !	{H1980K}/H9012	HVqv2ms/Sh	K= le./kha (לְ/ךָ) "to/ you" (H9005/H9031=HR/Sp2ms)	L= לְ/ךָ֖ ¦ ;	H1980K	H9031, H3212		{H1980K=הָלַךְ=: come[hortative]»to go:5_come[hortative]}/H9012=ה=emph.					
2Ch.26.3#14=Q(K)	יְכָלְיָ֖ה	ye.khi.le.yah	[was] Jecholiah	{H3203}	HNpf	K= ye.khi.le.yah (יְכִילְיָה) "[was] Jechiliah" (H3203=HNpf)	L= יְכָילְיָ֖ה ¦ ;	H3203			{H3203=יְכָלְיָהוּ=Jecoliah»Jecoliah@2Ki.15.2-2Ch}					
2Ch.26.11#12=Q(K)	יְעִיאֵ֣ל	ye.'u.'el	Jeiel	{H3273K}	HNpm	K= ye.'u.'el (יְעוּאֵל) "Jeuel" (H3273K=HNpm)	L= יְעִואֵ֣ל ¦ ;	H3273K			{H3273K=יְעִיאֵל=Jeiel»Jeiel@2Ch.26.11}					
2Ch.29.8#08=Q(K)	לְ/זַֽעֲוָה֙	li/z.va.'ah	into/ a terror	H9005/{H2189}	HR/Ncfsa	K= li/z.va.'ah (לִ/זְוָעָה) "into/ a terror" (H9005/H2113=HR/Ncfsa)	L= לְ/זַֽועֲהָ֙ ¦ ;	H2189	H2113		H9005=ל=to/{H2189=זַעֲוָה=horror}					
2Ch.29.13#05=Q(K)	וִ/יעִיאֵ֑ל	vi./'u.'el	and/ Jeiel	H9002/{H3273L}	HC/Npm	K= vi./'u.'el (וִ/יעוּאֵל) "and/ Jeuel" (H9002/H3273L=HC/Npm)	L= וִ/יעִואֵ֑ל ¦ ;	H3273L			H9002=ו=and/{H3273L=יְעִיאֵל=Jeuel»Jeuel@2Ch.29.13}					
2Ch.29.14#04=Q(K)	יְחִיאֵ֣ל	ye.chu.'el	Jehiel	{H3171K}	HNpm	K= ye.chu.'el (יְחוּאֵל) "Jehuel" (H3171K=HNpm)	L= יְחִואֵ֣ל ¦ ;	H3171K			{H3171K=יְחִיאֵל=Jehuel»Jehuel@2Ch.29.14}					
2Ch.32.21#20=Q(K)	וּ/מִֽ/יצִיאֵ֣י	u./mi./tzi.'ov	and/ some of/ [the] offspring<s> of	H9002/H9006/{H3329}	HC/R/Ncmpc	K= u./mi./tzi.'o/v (וּ/מִ/יצִיא/וֹ) "and/ some of/ own offspring of/ his" (H9002/H9006/H3329/H9023=HC/R/Ncbsc/Sp3ms)	L= וּ/מִֽ/יצִיאֵ֣/ו ¦ ;	H3329			H9002=ו=and/H9006=מ=from/{H3329=יָצִיא=offspring}					
2Ch.33.16#01=Q(K)	וַ/יִּ֙בֶן֙	va/i.ya.chen	and/ he rebuilt	H9001/{H1129}	Hc/Vqw3ms	K= va/i.ya.khen (וַ/יָּכֶן) "and/ he prepared" (H9001/H3559I=Hc/Vhw3ms)	L= וַ/יִּ֙כֶן֙ ¦ ;	H1129	H3559I		H9001=ו=&/{H1129=בָּנָה=to build}					
2Ch.34.5#05=Q(K)	מִזְבְּחוֹתָ֑/ם	miz.be.cho.tai/m	altars/ their	{H4196}/H9028	HNcfpc/Sp3mp	K= miz.be.cho.taim (מִזְבְּחוֹתָים) "altars" (H4196=HNcfpc)	L= מִזְבְּחוֹתָ֑ים ¦ ;	H4196			{H4196=מִזְבֵּחַ=altar}/H9028=Pp3m=their					
2Ch.34.6#07=Q(K)		[ ]	[ ]			K= be./har (בְּ/הַר) "in/ [the] hill country of" (H9003/H2022G=HR/Ncbsc)	L= בְּ/הַרְ ¦ ;		H2022G							
2Ch.34.6#08=Q(K)	בְּ/חַרְבֹתֵי/הֶ֖ם	be./char.bo.tei./hem	with/ swords/ their	H9003/{H2719}/H9028	HR/Ncfpc/Sp3mp	K= ba.tei./hem (בָּתֵּי/הֶם) "houses/ their" (H1004B/H9028=HNcmpc/Sp3mp)	L= בֹתֵי/הֶ֖ם ¦ ;	H2719	H1004B, H2723, H7339		H9003=ב=in/{H2719=חֶ֫רֶב=sword}/H9028=Pp3m=their					
2Ch.34.9#26=Q(K)	וַ/יָּשֻׁ֖בוּ	ve./yo.she.vei	and/ they returned of	H9001/{H7725G}	Hc/Vqw3mp	K= ve./yo.she.vei (וְ/יֹשְׁבֵי) "and/ [the] inhabitants of" (H9002/H3427=HC/Vqrmpc)	L= וַ/יָּשֻׁ֖ביּ ¦ ;	H7725G	H3427		H9001=ו=&/{H7725G=שׁוּב=: return»to return:1_return}					
2Ch.34.22#11=Q(K)	תָּקְהַ֗ת	tok.hat	Tokhath	{H8616G}	HNpm	K= tok.hat (תּוֹקְהַת) "Tokahath" (H8445=HNpm)	L= תָּוקְהַ֗ת ¦ ;	H8616G	H8445		{H8616G=תִּקְוָה=Tikvah»Tikvah@2Ki.22.14-2Ch}					
2Ch.34.25#04=Q(K)	וַֽ/יְקַטְּרוּ֙	va/i.yak.ti.ru	and/ they have made smoke	H9001/{H6999H}	Hc/Vpw3mp	K= va/i.yak.ti.ru (וַ/יַּקְטִירוּ) "and/ they have made smoke" (H9001/H6999H=Hc/Vhw3mp)	L= וַֽ/יְקַטְּירוּ֙ ¦ ;	H6999H			H9001=ו=&/{H6999H=קָטַר=: offer»to offer:2_offer}					
2Ch.35.3#03=Q(K)	הַ/מְּבִינִ֨ים	ha./me.vu.nim	those/ teaching	H9009/{H0995}	HTd/Vhrmpa	K= ha./me.vu.nim (הַ/מְּבוּנִים) "the/ teachers" (H9009/H4000=HTd/Ncmpa)	L= הַ/מְּבִונִ֨ים ¦ ;	H0995	H4000		H9009=ה=the/{H0995=בִּין=to understand}					
2Ch.35.4#01=Q(K)	וְ/הָכִ֥ינוּ	ve./hi.ko.nu	and/ prepare	H9002/{H3559A}	HC/Vhv2mp	K= ve./hi.ko.nu (וְ/הִכּוֹנוּ) "and/ be prepared" (H9002/H3559A=HC/VNv2mp)	L= וְ/הָכִ֥ונוּ ¦ ;	H3559A			H9002=ו=and/{H3559A=כּוּן=: prepare»to establish:1_prepare;_direct}					
2Ch.36.14#07=Q(K)	לִ/מְעָל	li/m.'ol-	to/ act unfaithfully	H9005/{H4603}	HR/Vqcc	K= li/m.'ol- (לִ/מְעוֹל\־) "to/ act unfaithfully" (H9005/H4603\H9014=HR/Vqcc)	L= לִ/מְעָול\־ ¦ ;	H4603			H9005=ל=to/{H4603=מָעַל=be unfaithful}					
Ezr.2.1#09=Q(K)	נְבוּכַדְנֶצַּ֥ר	ne.vu.khad.ne.tzor	Nebuchadnezzar	{H5019}	HNpm	K= ne.vu.khad.ne.tzor (נְבוּכַדְנֶצּוֹר) "Nebuchadnezzar" (H5020=HNpm)	L= נְבוּכַדְנֶצַּ֥ור ¦ ;	H5019	H5020		{H5019=נְבוּכַדְרֶאצַּר, נְבוּכַדְנֶצַּר=Nebuchadnezzar»Nebuchadnezzar@2Ki.24.1-Dan}					
Ezr.2.46#04=Q(K)	שַׁלְמַ֖י	sham.lai	Shalmai	{H8014}	HNpm	K= sham.lai (שַׁמְלַי) "Shamlai" (H8073=HNpm)	L= שַׁמְלַ֖י ¦ ;	H8014	H8073		{H8014=שַׂלְמַי=Shalmai»Shalmai@Ezr.2.46-Neh}					
Ezr.2.50#04=Q(K)	מְעוּנִ֖ים	me.'i.nim	Meunim	{H4586H}	HNpl	K= me.'i.nim (מְעִינִים) "Meinim" (H4586H=HNpl)	L= מְעיּנִ֖ים ¦ ;	H4586H			{H4586H=מְעוּנִים=Meunim»Meunim@Ezr.2.50-Neh}					
Ezr.2.50#06=Q(K)	נְפוּסִֽים\׃	ne.fi.sim	Nephussim	{H5304}\H9016	HNpt	K= ne.fi.sim (נְפִיסִים\׃) "Nephissim" (H5304\H9016=HNpt)	L= נְפיּסִֽים\׃ ¦ ;	H5304	, H5300		{H5304=נְפִיסִים=Nephisim»Nephushesim@Ezr.2.50-Neh}\H9016=׃=verseEnd					
Ezr.3.3#10=Q(K)	וַ/יַּעֲל֨וּ	va/i.ya.'al	and/ they offered up	H9001/{H5927I}	Hc/Vhw3mp	K= va/i.ya.'al (וַ/יַּעַל) "and/ he offered up" (H9001/H5927I=Hc/Vhw3ms)	L= וַ/יַּעֲלֻ֨ ¦ ;	H5927I			H9001=ו=&/{H5927I=עָלָה=: offer_up»to ascend:3_offer_up}					
Ezr.4.2#15=Q(K)	וְ/ל֣/וֹ	ve./l/o	and/ to <the>/ him	H9002/{H9005}/H9033	HC/Rd/Sp3ms	K= ve./lo' (וְ/לֹא) "and/ not" (H9002/H3808=HC/Tn)	L= וְ/לֹ֣א\׀ ¦ ;	H9005	H3808		H9002=ו=and/{H9005=ל=to}/H9033=Os3m=him					
Ezr.4.4#08=Q(K)	וּֽ/מְבַהֲלִ֥ים	u./me.va.la.him	and/ [were] terrifying	H9002/{H0926}	HC/Vprmpa	K= u./me.va.la.him (וּ/מְבַלַהִים) "and/ [were] troubling" (H9002/H1089=HC/Vprmpa)	L= וּֽ/מְבַלֲהִ֥ים ¦ ;	H0926	H1089		H9002=ו=and/{H0926=בָּהַל=to dismay}					
Ezr.4.7#08=Q(K)	כְּנָוֹתָ֔י/ו	ke.na.vo.to/v	colleagues/ his	{H3674}/H9023	HNcfpc/Sp3ms	K= ke.na.vo.to/v (כְּנָוֹת/וֹ) "colleague/ his" (H3674/H9023=HNcfsc/Sp3ms)	L= כְּנָוֹתָ֔/ו ¦ ;	H3674			{H3674=כְּנָת=associate}/H9023=Ps3m=his					
Ezr.4.9#13=Q(K)	אַרְכְּוָיֵ֤/א	'ar.ke.vai/'	Erechites/ the	{H0756}/H9010	ANgmpd/Ta	K= 'ar.ke.vai (אַרְכְּוָי) "[the] Erechite[s]" (H0756=ANgmpa)	L= אַרְכְּוָיֵ֤ ¦ ;	H0756			{H0756=אַרְכְּוָיֵא=Erech»Erech@Gen.10.10-Ezr}/H9010=a=the					
Ezr.4.9#16=Q(K)	דֶּהָיֵ֖/א	di.hu/'	Dehavites/ the	{H1723}/H9010	ANgmpd/Ta	K= di./hu' (דִּ/הוּא) "that/ he [is]" (H1768/H9043=AC/Pp3ms)	L= דֶּ/הָוֵ֖א ¦ ;	H1723	H1768		{H1723=דֵּהָיֵא="that is"»Dehavite@Ezr.4.9}/H9010=a=the					
Ezr.4.11#10=Q(K)	עַבְדָ֛/ךְ	av.da.yi/kh	servant/ your	{H5649}/H9021	ANcmpc/Sp2ms	K= av.da.yi/kh (עֲבָדֶ֣י/ךָ) "servants/ your" (H5649/H9021=ANcbsc/Sp2ms)	L= עַבְדָ֛י/ךְ ¦ ;	H5649			{H5649=עֲבַד=servant;_slave}/H9021=Ps2m=your					
Ezr.4.12#17=Q(K)	וְ/שׁוּרַיָּ֣/א	ve./shu.rai.Ya/'	and/ walls/ the	H9002/{H7792}/H9010	AC/Ncmpd/Ta	K= ve./shu.rai.Ya (וְ/שׁוּרַיָּ) "and/ walls" (H9002/H7792=AC/Ncmpa)	L= וְ/שׁוּרַיָּ֣ ¦ ;	H7792			H9002=ו=and/{H7792=שׁוּר=wall}/H9010=a=the					
Ezr.4.12#18=Q(K)	שַׁכְלִ֔ילוּ	shakh.Li.lu	they have finished	{H3635A}	AVep3mp	K= shakh.Li.lu (אֲשַׁכְלְלוּ) "they have been finished" (H3635A=AVvp3mp)	L= אֶשְׁכְלִלוּ ¦ ;	H3635A			{H3635A=כְּלַל=to complete}					
Ezr.5.1#03=Q(K)	נְבִיָּ֗/א	ne.vi.'ah/'	prophet/ the	{H5029}/H9010	ANcbsd/Ta	K= ne.vi.'a/h (נְבִיאָ/ה) "prophet/ the" (H5029/H9024=ANcbsd/Ta)	L= נְבִיָּ֗א/ה ¦ ;	H5029_a	, H5013		{H5029=נְבִיא=prophet}/H9010=a=the					
Ezr.5.15#03=Q(K)	אֵ֚ל	'e.leh	these	{H0412}	ATm	K= 'e.leh (אֵלֶּה) "these" (H0429=ATm)	L= אֵ֚לה ¦ ;	H0412	H0429		{H0412=אֵל=these}					
Ezr.6.14#07=Q(K)	נְבִיָּ֔/א	ne.vi.'ah/'	prophet/ the	{H5029}/H9010	ANcbsd/Ta	K= ne.vi.'a/h (נְבִיאָ/ה) "prophet/ the" (H5029/H9024=ANcbsd/Ta)	L= נְבִיָּ֔א/ה ¦ ;	H5029			{H5029=נְבִיא=prophet}/H9010=a=the					
Ezr.6.17#15=Q(K)	לְ/חַטָּאָ֤ה	le./cha.ta.ya	for/ a sin offering	H9005/{H2402}	AR/Ncfsa	K= le./cha.ta.ya' (לְ/חַטָּיָא) "for/ a sin offering" (H9005/H2409=AR/Ncfsa)	L= לְ/חַטָּיאָ֤ ¦ ;	H2402	H2409		H9005=ל=to/{H2402=חַטָּאָה=sin offering}					
Ezr.8.14#04=Q(K)	וְ/זַכּ֑וּר	ve./zakh.vur	and/ Zaccur	H9002/{H2139K}	HC/Npm	K= ve./za.vud (וְ/זָבוּד) "and/ Zabud" (H9002/H2072=HC/Npm)	L= וְ/זַבּ֑וּד ¦ ;	H2139K	H2072		H9002=ו=and/{H2139K=זַכּוּר=Zaccur»Zaccur@Ezr.8.14}					
Ezr.8.17#01=Q(K)	וָ/אֲצַוֶּ֤ה	va./'o.tzi.'ah	and/ I commanded	H9001/{H6680}	Hc/Vpw1cs	K= va./'o.tzi.'a/h (וָ/אוֹצִאָ/ה) "and/ I sent out/ !" (H9001/H3318H/H9012=Hc/Vhw1cs/Sh)	L= וָ/אֲוַּצֶ֤א/ה ¦ ;	H6680	H3318H		H9001=ו=&/{H6680=צָוָה=to command}					
Ezr.8.17#15=Q(K)	הַ/נְּתִינִים֙	ha./ne.tu.nim	the/ temple servants	H9009/{H5411}	HTd/Ncmpa	K= ha./ne.tu.nim (הַ/נְּתוּנִים) "those/ appointed" (H9009/H5414H=HTd/Vqsmpa)	L= הַ/נְּתִונִים֙ ¦ ;	H5411	H5414H		H9009=ה=the/{H5411=נְתִינִים=temple servant}					
Ezr.10.2#06=Q(K)	עֵילָם֙	o.lam	Elam	{H5867B}	HNpm	K= o.lam (עוֹלָם) "Olam" (H5867B=HNpm)	L= עֵולָם֙ ¦ ;	H5867B			{H5867B=עֵילָם=Elam»Elam@Ezr.2.7-Neh}					
Ezr.10.12#08=Q(K)	כִּ/דְבָרְ/ךָ֥	ke./div.rei./kha	according to/ word/ your	H9004/{H1697G}/H9021	HR/Ncmsc/Sp2ms	K= ke./div.rei./kha (כְּ/דִבְרֶי/ךָ) "according to/ words/ your" (H9004/H1697G/H9021=HR/Ncmpc/Sp2ms)	L= כִּ/דְבָרְי/ךָ֥ ¦ ;	H1697G			H9004=כ=like/{H1697G=דָּבָר=: word»word:1_word;_speech;_command}/H9021=Ps2m=your					
Ezr.10.29#08=Q(K)	וְ/רָמֽוֹת\׃\ \ס	ve./ra.mot	and/ Ramoth	H9002/{H7418H}\H9016\ \H9018	HC/Npl	K= ye.re.mot (יְרֵמוֹת\׃\ \ס) "Jeremoth" (H3406R\H9016\ \H9018=HNpm)	L= יְרָמֽוֹת\׃\ \ס ¦ ;	H7418H	H3406R, H3406, H7433		H9002=ו=and/{H7418H=רָמוֹת=Ramoth»Baalath-beer@Jos.19.8-1Ch}\H9016=׃=verseEnd\ \H9018=ס=section					
Ezr.10.35#03=Q(K)	כְּלֽוּהוּ\׃	ke.la.hai	Keluhi	{H3622}\H9016	HNpm	K= ke.la.hai (כְּלָהַי\׃) "Kelahai" (H3622\H9016=HNpm)	L= כְּלֻֽהיּ\׃ ¦ ;	H3622			{H3622=כְּלוּהוּ=Cheluhi»Cheluhi@Ezr.10.35}\H9016=׃=verseEnd					
Ezr.10.37#03=Q(K)	וְ/יַעֲשָֽׂי\׃	ve./ya.'a.sov	and/ Jaasai	H9002/{H3299}\H9016	HC/Npm	K= ve./ya.'a.sov (וְ/יַעֲשׂוֹ\׃) "and/ Jaaso" (H9002/H3299\H9016=HC/Npm)	L= וְ/יַעֲשָֽׂו\׃ ¦ ;	H3299			H9002=ו=and/{H3299=וְיַעֲשׂוֹ=Jaasu»Jaasu@Ezr.10.37}\H9016=׃=verseEnd					
Ezr.10.43#07=Q(K)	יַדַּ֥י	ya.dov	Jaddai	{H3035H}	HNpm	K= ya.dov (יַדּוֹ) "Jaddo" (H3035H=HNpm)	L= יַדַּ֥ו ¦ ;	H3035H			{H3035H=יִדּוֹ=Jaddai»Jaddai@Ezr.10.43}					
Ezr.10.44#03=Q(K)	נָשְׂאוּ	na.se.'u	they had taken	{H5375U}	HVqp3cp	K= na.se.'u (נֹשְׂאֵי) "[the] takers" (H5375U=HVqrmpc)	L= נָשְׂא֖וּ ¦ ;	H5375U			{H5375U=נָשָׂא=: marry»to lift:15_marry;_take(wife)}					
Neh.2.13#17=Q(K)	הֵ֣ם\׀/ /פְּרוּצִ֔ים	hem/ /fe.ru.tzim	they/ /[were] broken down	{H1992}\H9015/ /{H6555}	HPp3mp//Vqsmpa	B= he/m.fe.ru.tzim (הֵ֣/מפְּרוּצִ֔ים) "<the>/ [had been] broken down" (H9009/{H6555}=HTd/Pp3mp) ¦ K= ha/me.for.va.tzim (הַ/מְפֹרוָצִים) "<the>/ [had been] broken down" (H9009/H6555=HTd/Pp3mp)	L= הֵ֣מ\׀//פְּרוּצִ֔ים	H1992, H6555			{H1992=הֵ֫מָּה=they(masc.)}\H9015=׀=separate/ /{H6555=פָּרַץ=to break through}					
Neh.3.15#15=Q(K)	וְ/יַעֲמִיד֙	ve./ya.'a.mi.du	so/ he may set up	H9002/{H5975G}	HC/Vhu3ms	K= ve./ya.'a.mi.du (וְ/יַעֲמִידוּ) "so/ they may set up" (H9002/H5975G=HC/Vhu3mp)	L= וְ/יַעֲמִיד֙ו ¦ ;	H5975G			H9002=ו=and/{H5975G=עָמַד=: stand»to stand:1_stand;_stop;_establish}					
Neh.3.20#06=Q(K)	זַכַּ֖י	za.kai	Zaccai	{H2140}	HNpm	K= za.bai (זַבַּי) "Zabbai" (H2079H=HNpm)	L= זַבַּ֖י ¦ ;	H2140	H2079H		{H2140=זַכַּי=Zaccai»Zaccai@Ezr.2.9-Neh}					
Neh.3.30#01=Q(K)	אַחֲרָ֨י/ו	'a.cha.rei/v	after/ him	{H0310A}/H9033	HAcmpc/Sp3ms	K= 'a.cha.re/i (אַחֲרַ/י) "after/ me" (H0310A/H9030=HAcmpc/Sp1bs)	L= אַחֲרָ֨/י ¦ ;	H0310A_A			{H0310A=אַחַר=after}/H9033=Os3m=him					
Neh.3.31#01=Q(K)	אַחֲרָ֣י/ו	'a.cha.rei/v	after/ him	{H0310A}/H9033	HAcmpc/Sp3ms	K= 'a.cha.re/i (אַחֲרֵ/י) "after/ me" (H0310A/H9030=HAcmpc/Sp1bs)	L= אַחֲרָ֣/י ¦ ;	H0310A			{H0310A=אַחַר=after}/H9033=Os3m=him					
Neh.4.13(4.7)#06=Q(K)	בַּ/צְּחִיחִ֑ים	ba./tze.chi.chi.yim	in the/ open places	H9003/{H6706}	HRd/Ncbpa	K= ba./tze.chi.chi.yim (בַּ/צְּחִחִיִּים) "in the/ open places" (H9003/H6708=HRd/Ncmpa)	L= בַּ/צְּחִחִ֑יים ¦ ;	H6706	H6708		H9003=ב=in/{H6706=צְחִיחַ=bare}					
Neh.5.7#15=Q(K)	נֹשְׂאִים	no.Sim	[are] lending	{H5375K}	HVqrmpa	K= no.Shim (נֹשִׁ֑אים) "[are] lending" (H5378=HVqrmpa)	L= נֹשִׁ֑אים ¦ ;	H5375K	H5378, H5383		{H5375K=נָשָׂא=: aid»to lift:5_aid;_support}					
Neh.5.9#01=Q(K)	וָ/אוֹמַ֕ר	va/i.yo.mer	and/ I said	H9001/{H0559}	Hc/Vqw1cs	K= va/i.yo.mer (וַ/יֹּאמֶר) "and/ he said" (H9001/H0559=Hc/Vqw3ms)	L= וָ/יֹאמַ֕ר ¦ ;	H0559			H9001=ו=&/{H0559=אָמַר=to say}					
Neh.7.3#01=Q(K)	וָ/אֹמַ֣ר	va/i.yo.mer	and/ I said	H9001/{H0559}	Hc/Vqw1cs	K= va/i.yo.mer (וַ/יֹּאמֶר) "and/ he said" (H9001/H0559=Hc/Vqw3ms)	L= וָ/יאֹמַ֣ר ¦ ;	H0559			H9001=ו=&/{H0559=אָמַר=to say}					
Neh.7.52#06=Q(K)	נְפִֽישְׁסִֽים\׃	ne.fu.she.sim	Nephissim	{H5300}\H9016	HNpt	K= ne.fu.she.sim (נְפוּשְׁסִים\׃) "Nephussim" (H5300\H9016=HNpt)	L= נְפִֽושְׁסִֽים\׃ ¦ ;	H5300	, H5304		{H5300=נְפִישְׁסִים, נפיסים=Nephushesim»Nephushesim@Ezr.2.50-Neh}\H9016=׃=verseEnd					
Neh.9.6#05=Q(K)	אַתָּ֣ה	'at	you	{H0859A}	HPp2ms	K= 'at (אַתְּ) "you" (H0859C=HPp2fs)	L= אַתָּ֣ ¦ ;	H0859A_B	H0859C_B		{H0859A=אַתָּ֫ה=you(m.s.)}					
Neh.9.17#25=Q(K)	חֶ֖סֶד	ve.che.sed	of covenant loyalty	{H2617A}	HNcmsa	K= ve./che.sed (וְ/חֶסֶד) "and/ covenant loyalty" (H9002/H2617A=HC/Ncbsa)	L= ו/חֶ֖סֶד ¦ ;	H2617A			{H2617A=חֶ֫סֶד=kindness}					
Neh.10.19(10.20)#03=Q(K)	נֵיבָֽי\׃	noai	Nebai	{H5109}\H9016	HNpm	K= noai (נוֹבָי\׃) "Nobai" (H5109\H9016=HNpm)	L= נֵובָֽי\׃ ¦ ;	H5109			{H5109=נוֹבָ֑י=Nebai»Nebai@Neh.10.19}\H9016=׃=verseEnd					
Neh.11.17#21=Q(K)	יְדוּתֽוּן\׃	ye.di.tun	Jeduthun	{H3038H}\H9016	HNpm	K= ye.di.tun (יְדִיתוּן\׃) "Jedithun" (H3038H\H9016=HNpm)	L= יְדיּתֽוּן\׃ ¦ ;	H3038H			{H3038H=יְדוּתוּן=Jeduthun»Jeduthun@1Ch.9.16-Neh}\H9016=׃=verseEnd					
Neh.12.9#02=Q(K)	וְ/עֻנִּ֧י	ve./'u.nov	and/ Unni	H9002/{H6042H}	HC/Npm	K= ve./'u.nov (וְ/עֻנּוֹ) "and/ Unno" (H9002/H6042H=HC/Npm)	L= וְ/עֻנִּ֧ו ¦ ;	H6042H			H9002=ו=and/{H6042H=עֻנִּי=Unni»Unni@Neh.12.9}					
Neh.12.14#01=Q(K)	לִ/מְלִ֙יכוּ֙	li/m.lu.khi	of/ Mellichu	H9005/{H4409B}	HR/Npm	K= li/m.lu.khi (לִ/מְלוּכִי) "of/ Malluchi" (H9005/H4409B=HR/Npm)	L= לִ/מְלִ֙וכיּ֙ ¦ ;	H4409B			H9005=ל=to/{H4409B=מְלִיכוּ=Mallichi»Malluch@Neh.10.4-12.14}					
Neh.12.16#01=Q(K)	לְ/עִדּ֥וֹא	la./'a.da.ya'	of/ Iddo	H9005/{H5714K}	HR/Npm	K= la./'a.da.ya' (לַ/עֲדָיָא) "of/ Adaia" (H9005/H5718O=HR/Npm)	L= לְ/עִדֹּ֥יא ¦ ;	H5714K	H5718O, H5714		H9005=ל=to/{H5714K=עִדּוֹא ,עִדּוֹ=Iddo»Iddo@Neh.12.4-16}					
Neh.12.46#06=Q(K)	רָאשֵׁי֙	rosh	[the] leaders of	{H7218H}	HNcmpc	K= rosh (רֹאשׁ) "[the] leader of" (H7218H=HNcmsc)	L= רָאשֵׁ֙ ¦ ;	H7218H			{H7218H=רֹאשׁ=: leader»head:2_leader}					
Est.3.4#02=Q(K)	כְּ/אָמְרָ֤/ם	ke./'a.me.ra/m	just as/ spoke/ they	H9004/{H0559}/H9048	HR/Vqcc/Sp3mp	K= be./'a.me.ra/m (בְּ/אָמְרָ/ם) "when/ spoke/ they" (H9003/H0559/H9048=HR/Vqcc/Sp3mp)	L= בְּ/אָמְרָ֤/ם ¦ ;	H0559			H9004=כ=like/{H0559=אָמַר=to say}/H9048=Sp3m=they					
Est.8.13#13=Q(K)	עֲתִידִים֙	a.tu.dim	ready	{H6264}	HAampa	K= a.tu.dim (עֲתוּדִים) "ready" (H6259=HAampa)	L= עֲתִודִים֙ ¦ ;	H6264	H6259		{H6264=עָתִיד=ready}					
Est.9.27#02=Q(K)	וְ/קִבְּל֣וּ	ve./ki.bel	and/ they accepted	H9001/{H6901}	Hc/Vpq3cp	K= ve./ki.bel (וְ/קִבֵּל) "and/ he accepted" (H9001/H6901=Hc/Vpq3ms)	L= וְ/קִבְּלֻ֣ ¦ ;	H6901			H9001=ו=&/{H6901=קָבַל=to receive}					
Est.10.1#03=Q(K)	אֲחַשְׁוֵר֧וֹשׁ	'a.cha.she.rosh	Ahasuerus	{H0325}	HNpm	K= 'a.cha.she.rosh (אֲחָשֵׁרֹשׁ) "Ahaserus" (H0325=HNpm)	L= אֲחַשְֵׁרֹ֧שׁ\׀ ¦ ;	H0325			{H0325=אֲחַשְׁוֵרוֹשׁ=Ahasuerus»Ahasuerus@Ezr.4.6-Dan}					
